gg/mm/aaaa;Vel Med [m/s];Dir Med;Vel Max [m/s]
01/01/10;1.0;E;3.0
02/01/10;2.1;O;6.9
03/01/10;1.3;SE;3.3
04/01/10;1.2;NE;3.3
05/01/10;1.8;NO;6.1
06/01/10;0.8;N;4.9
07/01/10;0.9;NE;2.0
08/01/10;0.9;S;3.1
09/01/10;2.1;SO;7.7
10/01/10;0.7;NE;0.7
11/01/10;0.7;E;1.1
12/01/10;0.5;SE;1.2
13/01/10;1.9;E;6.0
14/01/10;1.7;N;5.1
15/01/10;6.0;NE;8.5
16/01/10;3.5;N;6.7
17/01/10;0.4;SE;1.4
18/01/10;1.9;S;5.3
19/01/10;0.5;SE;1.3
20/01/10;0.6;E;1.4
21/01/10;3.1;N;6.2
22/01/10;2.3;S;5.9
23/01/10;2.8;N;5.6
24/01/10;0.5;E;1.6
25/01/10;3.3;SE;6.6
26/01/10;5.6;NE;7.6
27/01/10;6.8;NE;11.1
28/01/10;0.8;NE;4.0
29/01/10;0.6;SE;1.3
30/01/10;1.2;SE;4.4
31/01/10;3.4;NE;7.8
01/02/10;1.0;NE;2.4
02/02/10;0.8;E;1.6
03/02/10;0.5;NE;1.2
04/02/10;0.8;NE;1.9
05/02/10;1.5;S;3.4
06/02/10;1.3;SO;4.1
07/02/10;3.3;NE;6.5
08/02/10;2.4;E;5.4
09/02/10;2.8;S;8.2
10/02/10;4.3;NE;7.8
11/02/10;2.6;E;6.1
12/02/10;1.9;E;5.8
13/02/10;0.9;S;2.0
14/02/10;3.0;E;7.1
15/02/10;1.4;NE;5.2
16/02/10;2.7;NE;6.2
17/02/10;2.4;N;6.1
18/02/10;1.0;NE;2.4
19/02/10;1.9;E;4.3
20/02/10;1.7;O;3.3
21/02/10;1.1;E;5.4
22/02/10;1.1;E;1.9
23/02/10;1.1;NE;2.8
24/02/10;0.9;SE;2.4
25/02/10;1.0;S;3.6
26/02/10;2.1;E;4.7
27/02/10;0.9;E;1.9
28/02/10;0.9;O;2.4
01/03/10;1.3;SO;3.2
02/03/10;1.2;SO;3.4
03/03/10;1.7;SE;7.6
04/03/10;4.3;NE;8.5
05/03/10;3.9;NE;7.2
06/03/10;1.6;N;3.6
07/03/10;5.2;SE;8.6
08/03/10;5.0;NE;7.7
09/03/10;6.3;NE;8.3
10/03/10;6.8;NE;10.1
11/03/10;3.3;N;6.7
12/03/10;0.7;E;1.9
13/03/10;0.8;NE;1.7
14/03/10;1.0;S;2.7
15/03/10;1.6;NE;4.5
16/03/10;0.9;SE;2.8
17/03/10;1.2;S;3.8
18/03/10;0.9;E;2.3
19/03/10;0.7;E;1.8
20/03/10;0.5;SE;1.4
21/03/10;0.6;E;1.5
22/03/10;0.9;NE;2.8
23/03/10;2.0;E;6.3
24/03/10;0.9;SE;2.0
25/03/10;1.0;E;2.1
26/03/10;2.0;E;5.3
27/03/10;2.2;SO;4.5
28/03/10;1.3;E;3.8
29/03/10;1.5;E;3.9
30/03/10;1.9;NE;4.4
31/03/10;3.3;SO;5.8
01/04/10;2.2;S;6.1
02/04/10;1.3;E;4.1
03/04/10;0.9;SE;2.1
04/04/10;1.1;S;3.1
05/04/10;1.0;O;3.8
06/04/10;1.1;S;2.8
07/04/10;1.3;NE;5.1
08/04/10;2.4;SE;6.7
09/04/10;2.9;SE;5.8
10/04/10;1.4;SE;3.4
11/04/10;3.5;SE;8.2
12/04/10;4.2;NE;6.8
13/04/10;2.9;NE;6.0
14/04/10;1.3;S;3.4
15/04/10;1.8;E;6.4
16/04/10;3.0;SE;5.9
17/04/10;3.6;N;6.4
18/04/10;1.9;SE;6.8
19/04/10;1.6;S;4.1
20/04/10;1.2;E;3.5
21/04/10;1.2;NE;3.3
22/04/10;1.1;E;2.4
23/04/10;1.2;SE;3.3
24/04/10;4.1;N;6.8
25/04/10;3.5;N;6.5
26/04/10;1.9;E;4.3
27/04/10;2.1;E;5.5
28/04/10;2.4;NE;4.7
29/04/10;1.3;SE;3.0
30/04/10;1.3;E;3.4
01/05/10;1.5;SE;3.6
02/05/10;1.2;S;2.1
03/05/10;1.4;SO;3.2
04/05/10;1.1;S;3.1
05/05/10;1.0;SO;3.0
06/05/10;1.3;S;3.2
07/05/10;0.8;S;1.7
08/05/10;1.3;E;3.4
09/05/10;1.1;E;3.1
10/05/10;1.3;E;3.7
11/05/10;0.9;NE;1.9
12/05/10;1.0;SE;3.2
13/05/10;1.7;NE;3.7
14/05/10;1.0;S;2.2
15/05/10;1.2;N;3.6
16/05/10;1.2;NE;3.7
17/05/10;1.3;E;3.5
18/05/10;1.4;E;3.3
19/05/10;1.9;SE;7.4
20/05/10;2.5;NE;5.2
21/05/10;1.7;NE;4.5
22/05/10;1.8;S;4.6
23/05/10;1.0;S;2.9
24/05/10;1.3;S;3.5
25/05/10;2.1;E;4.5
26/05/10;1.4;E;4.1
27/05/10;1.2;SE;2.9
28/05/10;1.5;SE;3.9
29/05/10;1.3;SE;3.1
30/05/10;1.5;S;3.6
31/05/10;1.6;E;5.4
01/06/10;1.5;SE;3.6
02/06/10;1.1;E;2.8
03/06/10;1.7;SE;6.6
04/06/10;1.5;NE;2.9
05/06/10;1.3;E;3.0
06/06/10;1.5;E;3.5
07/06/10;1.4;E;3.5
08/06/10;1.3;E;2.9
09/06/10;1.3;E;3.2
10/06/10;1.3;SE;3.6
11/06/10;1.4;NE;3.7
12/06/10;1.5;S;3.2
13/06/10;1.9;NO;4.3
14/06/10;1.3;E;3.0
15/06/10;1.3;SO;2.7
16/06/10;1.4;N;3.0
17/06/10;1.0;SE;5.0
18/06/10;1.9;E;4.0
19/06/10;1.1;SE;2.2
20/06/10;1.2;NE;4.1
21/06/10;2.6;S;6.4
22/06/10;1.2;SE;2.4
23/06/10;1.0;SE;2.4
24/06/10;1.1;E;3.0
25/06/10;1.2;E;2.4
26/06/10;1.0;E;2.8
27/06/10;1.1;S;2.4
28/06/10;1.3;E;2.8
29/06/10;1.2;E;2.9
30/06/10;1.2;E;2.9
01/07/10;1.2;SE;3.1
02/07/10;0.9;SE;2.2
03/07/10;1.1;NE;2.9
04/07/10;1.5;SE;3.2
05/07/10;1.2;E;2.7
06/07/10;1.2;E;7.1
07/07/10;2.3;SE;6.1
08/07/10;1.8;SE;5.0
09/07/10;1.1;E;2.2
10/07/10;1.0;SE;2.1
11/07/10;1.1;NE;2.6
12/07/10;1.5;E;2.7
13/07/10;1.3;E;2.7
14/07/10;1.0;E;2.6
15/07/10;1.2;E;2.4
16/07/10;1.1;E;2.4
17/07/10;1.6;E;3.1
18/07/10;3.4;SE;6.5
19/07/10;4.4;N;6.0
20/07/10;2.6;NE;4.0
21/07/10;1.3;SE;3.1
22/07/10;1.2;E;2.5
23/07/10;1.8;NE;3.9
24/07/10;2.2;S;6.1
25/07/10;1.5;SE;3.9
26/07/10;2.4;E;4.8
27/07/10;1.2;SE;6.5
28/07/10;1.4;NE;3.0
29/07/10;1.3;E;7.0
30/07/10;2.8;SE;6.5
31/07/10;2.5;N;4.9
01/08/10;1.2;SE;2.4
02/08/10;1.3;E;3.0
03/08/10;1.1;E;2.5
04/08/10;2.4;E;5.5
05/08/10;1.4;E;5.0
06/08/10;1.1;E;2.4
07/08/10;1.2;SE;2.9
08/08/10;1.4;E;3.1
09/08/10;1.3;SE;3.0
10/08/10;1.1;E;2.6
11/08/10;1.3;E;2.9
12/08/10;1.1;E;2.3
13/08/10;0.9;E;3.2
14/08/10;1.0;N;3.2
15/08/10;2.0;S;5.1
16/08/10;2.2;SE;4.9
17/08/10;1.4;SE;3.3
18/08/10;1.3;NE;3.2
19/08/10;1.2;S;2.5
20/08/10;0.9;NE;2.5
21/08/10;2.8;SE;6.1
22/08/10;2.5;N;5.6
23/08/10;1.3;S;3.8
24/08/10;1.2;NE;2.6
25/08/10;1.2;SE;2.5
26/08/10;1.1;SE;2.6
27/08/10;1.5;E;3.4
28/08/10;2.1;S;5.7
29/08/10;3.9;N;6.3
30/08/10;1.5;E;7.9
31/08/10;1.3;E;3.6
01/09/10;1.1;S;3.4
02/09/10;0.9;SE;1.8
03/09/10;2.2;SE;5.9
04/09/10;1.3;SE;2.8
05/09/10;1.1;E;2.7
06/09/10;1.0;N;2.2
07/09/10;1.2;E;3.6
08/09/10;1.6;E;3.0
09/09/10;1.3;S;3.4
10/09/10;2.4;NE;5.9
11/09/10;3.1;N;6.0
12/09/10;1.4;E;3.7
13/09/10;1.6;SE;6.4
14/09/10;3.2;E;6.0
15/09/10;1.2;S;2.8
16/09/10;1.1;SE;2.6
17/09/10;1.2;NE;3.4
18/09/10;1.8;E;5.6
19/09/10;2.4;E;6.5
20/09/10;1.7;SE;4.4
21/09/10;0.8;SE;1.7
22/09/10;2.7;S;7.1
23/09/10;1.1;O;2.6
24/09/10;0.7;SE;2.1
25/09/10;1.4;NE;3.7
26/09/10;1.1;SE;3.7
27/09/10;1.2;E;2.5
28/09/10;0.9;NE;1.8
29/09/10;0.9;S;1.9
30/09/10;0.8;SE;2.0
01/10/10;0.6;E;1.4
02/10/10;0.9;NE;2.6
03/10/10;0.7;NE;1.9
04/10/10;1.2;E;2.6
05/10/10;1.4;SE;3.2
06/10/10;0.9;E;2.5
07/10/10;3.5;S;7.8
08/10/10;4.7;N;7.4
09/10/10;4.5;N;7.1
10/10/10;3.1;N;7.5
11/10/10;5.3;N;7.8
12/10/10;5.3;N;7.8
13/10/10;5.6;NE;7.1
14/10/10;3.3;NE;6.1
15/10/10;1.4;NE;4.2
16/10/10;0.8;E;2.8
17/10/10;4.1;N;7.4
18/10/10;5.6;N;7.9
19/10/10;2.6;N;6.1
20/10/10;0.7;S;1.8
21/10/10;0.6;NO;2.2
22/10/10;0.6;NE;2.2
23/10/10;0.5;E;1.3
24/10/10;0.9;S;2.0
25/10/10;1.7;NE;5.6
26/10/10;3.7;NE;6.7
27/10/10;3.2;N;7.0
28/10/10;2.6;NE;6.9
29/10/10;0.8;S;1.9
30/10/10;0.6;NE;2.2
31/10/10;1.7;E;2.9
01/11/10;1.6;SE;3.5
02/11/10;1.8;S;5.7
03/11/10;1.1;NE;3.3
04/11/10;2.1;SE;5.0
05/11/10;0.7;S;1.9
06/11/10;0.6;NO;1.4
07/11/10;0.7;SE;1.9
08/11/10;2.0;S;5.7
09/11/10;1.0;NE;2.4
10/11/10;1.4;E;3.0
11/11/10;1.0;E;2.2
12/11/10;0.8;NE;2.2
13/11/10;0.5;NE;1.5
14/11/10;0.5;SE;1.8
15/11/10;0.8;NE;1.8
16/11/10;1.6;E;3.3
17/11/10;1.4;NE;3.7
18/11/10;0.6;S;1.7
19/11/10;1.0;E;1.9
20/11/10;1.0;E;2.3
21/11/10;1.5;NE;2.9
22/11/10;0.8;SO;1.6
23/11/10;0.6;S;1.4
24/11/10;1.3;S;4.6
25/11/10;0.8;E;1.9
26/11/10;1.6;E;5.3
27/11/10;0.7;SE;1.8
28/11/10;3.0;S;8.5
29/11/10;1.9;NE;4.7
30/11/10;2.1;NE;4.5
01/12/10;2.4;N;6.3
02/12/10;1.4;E;2.9
03/12/10;1.3;E;3.7
04/12/10;1.7;E;4.4
05/12/10;0.7;NE;2.0
06/12/10;0.7;NO;1.7
07/12/10;1.2;SE;2.7
08/12/10;1.1;SE;2.4
09/12/10;2.9;E;6.9
10/12/10;1.6;N;5.3
11/12/10;0.6;E;1.6
12/12/10;1.3;NO;5.2
13/12/10;1.6;N;5.1
14/12/10;1.7;N;3.2
15/12/10;2.6;SE;5.7
16/12/10;2.2;NE;4.8
17/12/10;1.0;NE;2.7
18/12/10;0.7;SO;2.2
19/12/10;0.5;NE;1.3
20/12/10;0.4;O;1.1
21/12/10;0.5;SE;1.3
22/12/10;1.4;SE;2.4
23/12/10;1.7;E;3.6
24/12/10;1.0;S;2.2
25/12/10;1.0;SO;2.5
26/12/10;4.5;E;10.1
27/12/10;4.8;NE;7.4
28/12/10;0.8;SE;2.2
29/12/10;0.4;E;1.1
30/12/10;0.4;NE;0.9
31/12/10;0.6;E;2.6
01/01/11;0.4;SE;1.0
02/01/11;1.4;NE;5.7
03/01/11;4.2;N;7.5
04/01/11;1.2;NE;3.7
05/01/11;0.7;E;1.7
06/01/11;0.5;O;1.8
07/01/11;0.9;NE;2.0
08/01/11;0.9;SE;2.0
09/01/11;0.6;SE;1.7
10/01/11;0.6;NE;1.9
11/01/11;0.8;O;2.0
12/01/11;1.0;E;3.6
13/01/11;0.5;SE;1.3
14/01/11;0.7;S;1.7
15/01/11;0.8;SE;2.0
16/01/11;0.5;SE;1.8
17/01/11;0.6;SE;1.6
18/01/11;0.7;NO;1.4
19/01/11;0.4;E;1.0
20/01/11;5.8;N;9.9
21/01/11;7.6;N;11.3
22/01/11;6.0;N;10.1
23/01/11;3.5;N;6.6
24/01/11;0.9;N;2.8
25/01/11;0.5;S;1.2
26/01/11;0.8;NO;2.3
27/01/11;3.8;S;8.0
28/01/11;7.3;N;10.7
29/01/11;6.4;N;7.8
30/01/11;3.9;NE;7.1
31/01/11;2.4;N;6.1
01/02/11;4.8;NE;9.1
02/02/11;4.2;N;7.6
03/02/11;4.4;NE;7.3
04/02/11;1.9;NE;5.0
05/02/11;0.7;SE;1.8
06/02/11;0.7;SE;2.2
07/02/11;0.7;SE;1.7
08/02/11;0.9;NE;1.6
09/02/11;1.0;E;2.3
10/02/11;0.8;SE;1.7
11/02/11;1.4;S;3.3
12/02/11;1.1;S;2.3
13/02/11;0.5;E;1.5
14/02/11;0.6;E;1.6
15/02/11;0.8;SE;1.9
16/02/11;1.8;NE;2.7
17/02/11;1.2;NE;2.3
18/02/11;4.4;SE;8.5
19/02/11;1.4;NE;3.5
20/02/11;1.1;S;3.0
21/02/11;2.7;N;7.6
22/02/11;3.0;O;7.5
23/02/11;4.0;NE;8.1
24/02/11;2.5;N;6.0
25/02/11;2.5;NE;4.8
26/02/11;3.4;NE;6.9
27/02/11;2.2;E;5.6
28/02/11;5.7;NE;8.2
01/03/11;6.0;NE;9.2
02/03/11;7.6;NE;11.4
03/03/11;7.0;N;11.0
04/03/11;4.7;NE;8.2
05/03/11;4.4;N;7.1
06/03/11;1.3;S;3.9
07/03/11;4.4;E;7.3
08/03/11;3.4;NE;6.1
09/03/11;1.0;E;2.5
10/03/11;0.9;E;2.9
11/03/11;0.8;E;2.0
12/03/11;1.1;SE;2.8
13/03/11;1.5;SE;4.1
14/03/11;1.1;SE;2.8
15/03/11;1.6;NE;4.3
16/03/11;1.4;N;3.8
17/03/11;1.8;SO;5.2
18/03/11;0.9;NE;2.2
19/03/11;1.2;E;3.6
20/03/11;4.4;NE;8.7
21/03/11;3.9;N;6.8
22/03/11;4.6;NE;6.6
23/03/11;3.2;NE;5.9
24/03/11;1.2;SE;3.1
25/03/11;1.2;E;3.9
26/03/11;1.4;SE;3.3
27/03/11;0.9;E;2.9
28/03/11;1.0;N;2.7
29/03/11;1.7;NE;4.2
30/03/11;1.2;SE;2.7
31/03/11;1.2;E;2.3
01/04/11;1.1;E;2.5
02/04/11;1.1;E;3.2
03/04/11;1.2;NE;2.7
04/04/11;1.2;NE;3.7
05/04/11;3.4;NE;7.9
06/04/11;1.2;S;2.3
07/04/11;1.2;E;3.7
08/04/11;1.1;E;2.2
09/04/11;1.1;E;2.9
10/04/11;1.7;NE;5.8
11/04/11;1.0;SE;2.3
12/04/11;1.2;SE;2.2
13/04/11;3.4;NE;8.5
14/04/11;1.2;NE;5.0
15/04/11;3.4;E;6.2
16/04/11;2.9;NE;6.7
17/04/11;3.1;NE;7.2
18/04/11;2.5;E;5.3
19/04/11;2.7;E;6.2
20/04/11;1.3;E;2.8
21/04/11;0.9;S;2.6
22/04/11;1.2;SE;3.4
23/04/11;1.0;NE;2.4
24/04/11;0.8;NE;1.8
25/04/11;3.3;E;6.7
26/04/11;4.2;NE;7.0
27/04/11;3.3;N;6.2
28/04/11;2.5;NE;4.7
29/04/11;1.6;NE;4.4
30/04/11;3.9;N;7.7
01/05/11;2.7;N;5.2
02/05/11;1.3;E;4.6
03/05/11;1.9;NE;4.7
04/05/11;3.4;E;8.2
05/05/11;2.8;NE;5.5
06/05/11;1.5;E;2.8
07/05/11;1.2;E;2.6
08/05/11;1.6;S;6.5
09/05/11;3.9;NE;7.4
10/05/11;3.3;NE;6.5
11/05/11;1.4;S;2.7
12/05/11;1.6;E;3.6
13/05/11;1.4;E;3.0
14/05/11;1.3;E;3.6
15/05/11;2.6;S;9.2
16/05/11;2.3;S;5.4
17/05/11;1.4;SO;3.5
18/05/11;3.2;NE;7.3
19/05/11;1.4;S;2.7
20/05/11;1.3;NE;6.7
21/05/11;1.8;SE;4.7
22/05/11;1.7;SE;4.3
23/05/11;2.7;SE;6.3
24/05/11;2.5;NE;6.0
25/05/11;2.6;O;5.8
26/05/11;1.4;E;2.9
27/05/11;2.1;SE;5.2
28/05/11;2.3;SO;5.4
29/05/11;2.9;SE;5.3
30/05/11;1.9;NE;4.4
31/05/11;1.6;E;3.8
01/06/11;1.5;SO;5.5
02/06/11;2.9;NE;7.3
03/06/11;4.2;NE;7.9
04/06/11;1.7;NE;5.2
05/06/11;1.3;E;5.4
06/06/11;1.4;E;3.9
07/06/11;1.3;NE;3.0
08/06/11;1.4;SO;3.6
09/06/11;1.9;SE;4.4
10/06/11;1.7;S;4.2
11/06/11;1.6;SO;3.9
12/06/11;1.3;O;3.7
13/06/11;1.3;E;3.5
14/06/11;1.7;NE;5.5
15/06/11;2.3;N;5.5
16/06/11;1.5;NE;3.2
17/06/11;1.4;E;3.8
18/06/11;2.9;SO;6.6
19/06/11;2.2;S;3.9
20/06/11;1.4;NE;3.0
21/06/11;1.3;E;2.7
22/06/11;1.3;SE;2.7
23/06/11;1.5;SE;3.2
24/06/11;1.5;SO;3.6
25/06/11;3.2;SE;6.3
26/06/11;1.3;E;2.5
27/06/11;1.3;E;2.8
28/06/11;1.4;E;3.1
29/06/11;1.4;E;2.7
30/06/11;1.5;SE;3.8
01/07/11;1.3;NE;7.1
02/07/11;3.6;NE;6.4
03/07/11;1.6;NE;3.3
04/07/11;1.3;SE;2.7
05/07/11;1.3;E;3.6
06/07/11;1.3;E;3.0
07/07/11;1.2;E;3.2
08/07/11;1.9;NE;4.6
09/07/11;1.4;NE;3.4
10/07/11;1.3;SO;2.6
11/07/11;1.3;NE;3.3
12/07/11;1.2;E;2.7
13/07/11;1.8;E;5.3
14/07/11;2.0;SO;3.9
15/07/11;2.0;O;3.5
16/07/11;1.8;S;3.8
17/07/11;1.9;S;3.9
18/07/11;2.6;S;4.1
19/07/11;1.4;S;2.6
20/07/11;2.4;SO;6.0
21/07/11;1.9;E;4.4
22/07/11;1.8;SE;4.3
23/07/11;1.9;SE;4.4
24/07/11;1.8;S;4.8
25/07/11;1.7;O;4.3
26/07/11;1.6;E;4.5
27/07/11;1.0;SE;2.6
28/07/11;1.5;SE;2.9
29/07/11;1.0;E;2.8
30/07/11;1.7;S;3.8
31/07/11;1.3;SE;3.5
01/08/11;1.3;E;3.7
02/08/11;1.3;E;2.8
03/08/11;1.2;NE;2.8
04/08/11;1.3;NE;2.7
05/08/11;1.4;NE;3.8
06/08/11;1.2;E;2.7
07/08/11;1.5;N;3.3
08/08/11;1.8;S;4.2
09/08/11;2.3;S;6.5
10/08/11;2.9;N;5.4
11/08/11;1.4;E;2.7
12/08/11;1.7;E;4.5
13/08/11;1.4;S;2.9
14/08/11;1.3;E;2.8
15/08/11;1.4;E;3.7
16/08/11;1.4;NE;3.4
17/08/11;1.2;NE;2.7
18/08/11;1.2;E;3.3
19/08/11;1.3;E;3.2
20/08/11;1.2;E;2.7
21/08/11;1.5;SE;3.9
22/08/11;1.2;S;3.2
23/08/11;1.2;SE;2.4
24/08/11;1.2;SE;2.7
25/08/11;1.1;SE;2.8
26/08/11;1.2;NE;4.4
27/08/11;2.3;E;5.6
28/08/11;1.2;E;3.9
29/08/11;1.5;E;3.2
30/08/11;1.4;E;3.0
31/08/11;1.5;E;3.3
01/09/11;1.1;E;2.9
02/09/11;1.1;SE;2.4
03/09/11;1.0;NE;2.2
04/09/11;1.2;NE;4.8
05/09/11;1.2;SE;2.6
06/09/11;1.7;E;4.5
07/09/11;1.4;E;3.9
08/09/11;1.3;SE;2.7
09/09/11;1.1;E;2.3
10/09/11;1.2;NE;2.8
11/09/11;1.1;E;2.3
12/09/11;1.1;E;3.2
13/09/11;1.1;SE;3.0
14/09/11;1.1;E;3.0
15/09/11;1.0;E;2.5
16/09/11;1.0;E;2.4
17/09/11;1.1;NE;2.4
18/09/11;1.4;E;4.6
19/09/11;2.1;SO;6.9
20/09/11;3.2;SE;9.0
21/09/11;2.0;SE;5.6
22/09/11;1.0;E;2.2
23/09/11;2.4;E;6.4
24/09/11;1.2;NE;4.1
25/09/11;1.1;E;5.5
26/09/11;2.3;E;5.4
27/09/11;3.4;NE;6.5
28/09/11;3.1;NE;6.7
29/09/11;3.1;NE;6.8
30/09/11;2.7;NE;5.7
01/10/11;2.4;SO;6.5
02/10/11;1.7;SE;5.3
03/10/11;1.1;E;2.3
04/10/11;0.9;S;2.0
05/10/11;0.8;SE;1.9
06/10/11;1.2;E;3.2
07/10/11;2.5;S;7.2
08/10/11;1.2;NE;2.8
09/10/11;2.4;NE;6.2
10/10/11;0.9;S;1.9
11/10/11;0.8;SE;1.6
12/10/11;0.8;SE;1.6
13/10/11;2.6;E;6.3
14/10/11;4.2;NE;8.2
15/10/11;4.1;NE;8.1
16/10/11;4.1;N;7.9
17/10/11;1.5;NE;4.1
18/10/11;0.9;NE;1.9
19/10/11;1.6;SE;4.6
20/10/11;2.9;E;8.1
21/10/11;5.1;NE;7.7
22/10/11;4.6;N;6.8
23/10/11;3.4;NE;6.5
24/10/11;3.7;N;6.2
25/10/11;1.3;NE;2.6
26/10/11;1.0;E;2.4
27/10/11;0.6;E;1.5
28/10/11;0.9;NE;2.5
29/10/11;0.8;SO;3.5
30/10/11;2.5;S;5.3
31/10/11;1.9;N;3.8
01/11/11;0.7;S;2.4
02/11/11;0.8;S;2.8
03/11/11;0.8;SE;1.8
04/11/11;1.3;E;2.7
05/11/11;1.8;E;3.7
06/11/11;1.5;SE;3.2
07/11/11;1.0;NE;2.5
08/11/11;1.5;E;2.7
09/11/11;1.8;NE;6.5
10/11/11;1.7;N;4.3
11/11/11;2.7;S;6.0
12/11/11;4.2;N;6.7
13/11/11;4.3;N;7.3
14/11/11;2.0;S;5.4
15/11/11;0.7;SO;1.9
16/11/11;0.9;S;4.7
17/11/11;0.5;SE;1.7
18/11/11;0.4;S;1.6
19/11/11;0.4;SE;1.1
20/11/11;0.7;S;1.6
21/11/11;1.0;NE;4.1
22/11/11;5.6;NE;8.4
23/11/11;5.0;N;8.4
24/11/11;4.7;N;8.3
25/11/11;2.9;N;6.2
26/11/11;0.7;E;1.9
27/11/11;0.6;SE;1.5
28/11/11;0.9;E;3.4
29/11/11;0.5;SE;1.1
30/11/11;0.5;SE;1.6
01/12/11;0.5;SE;1.2
02/12/11;0.9;NO;2.2
03/12/11;1.3;NE;3.8
04/12/11;1.1;SE;3.0
05/12/11;2.4;S;4.7
06/12/11;0.8;E;1.7
07/12/11;1.1;SE;2.7
08/12/11;0.9;S;2.6
09/12/11;0.7;E;1.9
10/12/11;0.8;E;1.5
11/12/11;0.6;SE;1.2
12/12/11;1.2;NE;2.6
13/12/11;0.8;NE;1.9
14/12/11;1.2;NE;3.5
15/12/11;2.4;NE;5.0
16/12/11;3.7;S;7.1
17/12/11;1.2;SO;5.7
18/12/11;1.9;N;7.3
19/12/11;2.2;NE;5.5
20/12/11;0.5;SE;1.3
21/12/11;0.6;SE;1.7
22/12/11;0.7;SE;2.9
23/12/11;0.6;SE;1.7
24/12/11;2.2;O;9.3
25/12/11;3.3;NE;7.0
26/12/11;3.9;NE;6.2
27/12/11;2.9;NE;5.9
28/12/11;0.5;S;1.4
29/12/11;1.3;SE;5.5
30/12/11;1.4;N;4.7
31/12/11;0.8;S;3.0
01/01/12;0.5;S;1.8
02/01/12;0.8;S;2.7
03/01/12;3.1;NE;6.0
04/01/12;1.2;NE;6.0
05/01/12;1.2;NE;6.9
06/01/12;5.0;NE;9.3
07/01/12;0.9;NE;2.2
08/01/12;0.6;SE;1.7
09/01/12;0.7;SE;1.8
10/01/12;0.7;SO;2.2
11/01/12;0.6;S;1.9
12/01/12;0.6;S;1.4
13/01/12;2.0;S;3.4
14/01/12;1.2;SE;3.6
15/01/12;0.6;SE;1.4
16/01/12;1.0;E;3.0
17/01/12;0.5;E;2.0
18/01/12;0.5;SE;1.6
19/01/12;0.9;SE;2.4
20/01/12;0.9;NE;2.1
21/01/12;0.7;NE;2.2
22/01/12;0.6;NE;1.4
23/01/12;0.6;SE;1.5
24/01/12;1.8;NE;5.3
25/01/12;1.9;N;4.6
26/01/12;0.7;SE;1.7
27/01/12;0.7;S;1.7
28/01/12;1.3;S;4.4
29/01/12;5.4;E;9.1
30/01/12;7.8;N;11.0
31/01/12;5.2;NE;8.0
01/02/12;5.7;NE;9.2
02/02/12;8.7;N;11.8
03/02/12;7.3;N;11.6
04/02/12;6.0;NE;9.0
05/02/12;8.1;NE;9.9
06/02/12;6.2;N;10.9
07/02/12;4.5;NE;7.6
08/02/12;5.2;NE;8.4
09/02/12;3.7;NE;6.2
10/02/12;8.0;NE;10.7
11/02/12;6.3;NE;9.6
12/02/12;5.7;NE;9.1
13/02/12;4.3;NE;5.9
14/02/12;2.9;N;5.2
15/02/12;0.9;E;1.8
16/02/12;0.8;SO;2.3
17/02/12;0.8;SE;2.0
18/02/12;0.6;SE;1.8
19/02/12;0.7;E;1.6
20/02/12;5.0;S;10.5
21/02/12;6.6;N;8.6
22/02/12;5.2;N;9.2
23/02/12;2.4;NE;6.9
24/02/12;0.9;SE;2.3
25/02/12;0.9;E;2.0
26/02/12;1.7;O;6.7
27/02/12;1.2;NE;3.0
28/02/12;1.0;S;2.1
29/02/12;0.7;SE;1.7
01/03/12;0.8;SE;2.1
02/03/12;0.8;SE;1.6
03/03/12;1.3;E;2.9
04/03/12;0.9;SE;2.0
05/03/12;1.0;E;5.1
06/03/12;4.7;S;9.4
07/03/12;3.5;NE;5.7
08/03/12;3.5;SE;7.9
09/03/12;4.7;NE;7.6
10/03/12;3.9;NE;7.5
11/03/12;3.9;NE;7.6
12/03/12;1.0;SE;2.1
13/03/12;1.1;SE;3.6
14/03/12;1.0;SE;2.3
15/03/12;1.0;E;2.5
16/03/12;1.1;E;2.1
17/03/12;1.0;SE;2.5
18/03/12;1.6;NE;4.7
19/03/12;1.4;SO;3.7
20/03/12;2.1;NE;6.7
21/03/12;2.0;SE;6.2
22/03/12;1.1;E;2.7
23/03/12;1.0;E;2.2
24/03/12;1.2;E;3.5
25/03/12;2.4;E;6.9
26/03/12;2.5;SO;5.1
27/03/12;1.9;SE;4.6
28/03/12;1.7;SE;4.4
29/03/12;1.6;SE;4.8
30/03/12;1.4;S;3.3
31/03/12;1.4;E;3.7
01/04/12;2.0;E;6.2
02/04/12;1.3;E;2.8
03/04/12;0.8;S;1.8
04/04/12;1.0;SE;2.2
05/04/12;1.1;E;2.7
06/04/12;1.6;SE;3.7
07/04/12;2.7;SO;5.7
08/04/12;2.3;SO;6.3
09/04/12;1.5;N;4.0
10/04/12;1.2;SE;2.3
11/04/12;1.8;E;3.8
12/04/12;1.2;NO;3.3
13/04/12;3.3;NE;7.2
14/04/12;1.6;N;4.7
15/04/12;0.9;SO;2.4
16/04/12;1.5;NE;3.7
17/04/12;2.4;N;5.2
18/04/12;1.6;E;4.0
19/04/12;1.5;S;3.7
20/04/12;1.4;E;3.8
21/04/12;2.1;S;5.1
22/04/12;1.9;S;4.4
23/04/12;1.9;S;4.8
24/04/12;2.4;E;4.6
25/04/12;1.5;SO;2.9
26/04/12;1.0;NE;2.1
27/04/12;0.9;E;2.3
28/04/12;0.9;E;2.4
29/04/12;0.9;NE;3.3
30/04/12;0.9;NE;3.0
01/05/12;1.0;NE;2.9
02/05/12;1.4;S;3.2
03/05/12;1.7;E;3.8
04/05/12;1.5;S;3.6
05/05/12;1.4;SE;3.6
06/05/12;1.3;SE;4.4
07/05/12;1.2;N;3.4
08/05/12;1.2;NE;2.8
09/05/12;1.2;E;2.8
10/05/12;1.1;E;2.2
11/05/12;1.3;E;4.1
12/05/12;1.3;E;3.5
13/05/12;4.5;SE;10.7
14/05/12;3.3;N;6.8
15/05/12;1.4;NE;3.4
16/05/12;3.3;SE;9.6
17/05/12;1.9;SE;4.4
18/05/12;1.0;SE;2.4
19/05/12;1.0;NE;2.6
20/05/12;1.1;S;3.2
21/05/12;1.2;O;3.1
22/05/12;1.1;E;3.0
23/05/12;1.1;NE;2.8
24/05/12;2.1;NE;6.0
25/05/12;2.0;S;4.4
26/05/12;2.1;NE;4.0
27/05/12;1.1;E;2.1
28/05/12;1.2;SE;2.8
29/05/12;1.3;SO;2.9
30/05/12;1.3;E;2.8
31/05/12;1.3;E;2.9
01/06/12;1.4;SO;2.9
02/06/12;1.2;E;2.2
03/06/12;1.6;S;3.6
04/06/12;1.4;SE;3.8
05/06/12;1.3;NE;3.5
06/06/12;1.5;E;2.9
07/06/12;1.3;E;2.5
08/06/12;1.9;E;4.2
09/06/12;1.9;E;3.9
10/06/12;1.8;SO;3.8
11/06/12;2.0;NE;3.6
12/06/12;2.3;NE;4.8
13/06/12;2.0;SO;3.8
14/06/12;1.2;NE;2.8
15/06/12;1.0;SE;2.2
16/06/12;1.1;E;2.3
17/06/12;1.0;SE;2.1
18/06/12;1.0;SE;3.0
19/06/12;1.1;E;2.4
20/06/12;1.2;E;2.1
21/06/12;1.6;E;3.6
22/06/12;1.5;S;3.1
23/06/12;1.4;NE;2.5
24/06/12;1.4;E;3.0
25/06/12;1.5;NE;3.3
26/06/12;2.3;SE;5.4
27/06/12;2.0;N;3.6
28/06/12;1.3;E;2.8
29/06/12;1.2;E;2.4
30/06/12;1.2;E;2.3
01/07/12;1.2;NE;2.7
02/07/12;2.1;E;5.3
03/07/12;1.6;SO;3.1
04/07/12;1.3;E;2.7
05/07/12;1.4;E;2.8
06/07/12;1.6;NE;3.4
07/07/12;1.6;SE;3.0
08/07/12;1.5;E;2.9
09/07/12;1.6;S;3.2
10/07/12;1.5;E;3.2
11/07/12;1.6;E;3.0
12/07/12;1.8;SO;4.0
13/07/12;2.3;E;5.2
14/07/12;1.9;SO;3.2
15/07/12;2.6;SE;4.4
16/07/12;3.0;E;6.1
17/07/12;1.5;SE;3.6
18/07/12;1.4;E;2.3
19/07/12;1.6;E;5.1
20/07/12;1.5;E;3.1
21/07/12;1.7;S;4.6
22/07/12;6.2;N;10.7
23/07/12;5.0;NE;9.6
24/07/12;3.7;N;7.9
25/07/12;1.5;NE;2.9
26/07/12;1.4;NE;2.9
27/07/12;1.6;NE;3.3
28/07/12;1.3;E;3.0
29/07/12;1.8;O;4.2
30/07/12;1.8;SE;3.9
31/07/12;1.6;E;4.7
01/08/12;2.3;NE;5.5
02/08/12;1.4;E;3.0
03/08/12;1.4;SE;2.9
04/08/12;1.3;SE;3.1
05/08/12;1.4;E;3.9
06/08/12;2.1;E;4.9
07/08/12;1.7;S;3.9
08/08/12;1.3;E;2.7
09/08/12;1.4;E;3.4
10/08/12;4.4;N;6.9
11/08/12;2.0;NE;4.5
12/08/12;1.3;E;3.0
13/08/12;1.7;NE;5.3
14/08/12;1.3;SE;4.1
15/08/12;1.4;NE;3.3
16/08/12;1.6;NE;3.9
17/08/12;2.0;NE;4.9
18/08/12;2.2;S;3.8
19/08/12;1.7;E;4.4
20/08/12;1.5;E;3.7
21/08/12;1.4;E;3.1
22/08/12;1.4;E;2.9
23/08/12;1.2;E;2.6
24/08/12;1.3;E;2.7
25/08/12;1.4;SE;2.5
26/08/12;1.6;NE;4.7
27/08/12;2.2;N;4.6
28/08/12;1.3;SE;2.4
29/08/12;1.3;NE;2.5
30/08/12;1.2;NE;2.5
31/08/12;1.5;NE;3.4
01/09/12;0.9;SE;2.9
02/09/12;1.8;E;5.5
03/09/12;2.0;N;6.0
04/09/12;3.5;E;6.4
05/09/12;4.2;N;6.7
06/09/12;2.3;NE;5.9
07/09/12;1.6;N;3.4
08/09/12;2.3;SE;5.2
09/09/12;1.1;E;2.6
10/09/12;1.0;E;2.8
11/09/12;1.4;E;3.4
12/09/12;2.4;SE;5.5
13/09/12;5.0;SO;9.9
14/09/12;3.9;NE;8.5
15/09/12;3.6;E;6.5
16/09/12;2.9;S;5.1
17/09/12;1.2;NE;2.5
18/09/12;1.2;NE;2.4
19/09/12;0.6;NE;1.3
20/09/12;2.9;NE;4.8
21/09/12;0.9;SE;2.1
22/09/12;0.7;S;1.5
23/09/12;0.9;E;2.0
24/09/12;2.3;E;5.8
25/09/12;1.9;S;5.4
26/09/12;3.0;S;7.7
27/09/12;1.9;S;3.9
28/09/12;0.8;NE;3.1
29/09/12;1.5;NE;6.6
30/09/12;1.1;S;5.2
01/10/12;1.0;SE;3.2
02/10/12;1.2;E;3.6
03/10/12;0.8;NE;1.8
04/10/12;1.1;SE;3.6
05/10/12;0.9;E;2.0
06/10/12;0.7;E;1.7
07/10/12;1.1;SE;3.1
08/10/12;1.4;E;5.1
09/10/12;0.9;NE;1.8
10/10/12;0.8;S;1.8
11/10/12;1.0;E;3.2
12/10/12;0.9;E;2.6
13/10/12;0.8;SE;2.6
14/10/12;0.9;NE;1.9
15/10/12;1.5;NE;3.3
16/10/12;1.4;S;3.5
17/10/12;0.9;E;2.0
18/10/12;1.0;SE;3.7
19/10/12;0.7;SO;1.8
20/10/12;0.5;NE;2.2
21/10/12;0.6;E;1.5
22/10/12;1.5;S;4.6
23/10/12;2.7;SE;6.3
24/10/12;0.8;S;1.8
25/10/12;0.7;S;1.7
26/10/12;1.0;SE;2.4
27/10/12;1.4;E;4.6
28/10/12;1.8;SO;4.2
29/10/12;2.6;NE;5.7
30/10/12;0.7;SE;2.1
31/10/12;2.1;SE;6.0
01/11/12;1.6;O;4.6
02/11/12;1.1;S;2.7
03/11/12;0.7;E;1.6
04/11/12;1.1;O;3.8
05/11/12;2.8;S;5.5
06/11/12;1.7;S;3.5
07/11/12;1.5;E;4.4
08/11/12;0.6;S;1.6
09/11/12;0.4;SE;1.2
10/11/12;1.0;SE;2.5
11/11/12;1.8;E;4.0
12/11/12;1.6;NE;4.2
13/11/12;4.1;E;7.7
14/11/12;4.6;N;7.2
15/11/12;5.4;N;6.9
16/11/12;3.2;NE;5.2
17/11/12;1.0;E;3.2
18/11/12;1.6;E;4.3
19/11/12;3.8;S;7.2
20/11/12;3.1;N;5.2
21/11/12;2.7;N;5.7
22/11/12;0.5;SO;1.3
23/11/12;0.5;E;1.3
24/11/12;0.5;SE;1.3
25/11/12;0.5;S;1.2
26/11/12;0.6;NE;2.0
27/11/12;1.6;NE;2.7
28/11/12;1.9;E;4.0
29/11/12;1.9;E;4.8
30/11/12;1.4;SE;2.4
01/12/12;1.8;NE;4.0
02/12/12;1.0;O;5.5
03/12/12;1.2;N;4.1
04/12/12;1.0;S;2.9
05/12/12;0.8;S;1.7
06/12/12;0.8;NE;1.4
07/12/12;0.9;NE;3.9
08/12/12;2.8;N;7.4
09/12/12;1.4;O;4.6
10/12/12;0.6;SE;2.3
11/12/12;1.0;E;3.1
12/12/12;1.3;S;2.8
13/12/12;0.5;SE;1.8
14/12/12;0.8;E;2.3
15/12/12;1.9;S;3.5
16/12/12;1.0;SE;2.1
17/12/12;1.1;S;2.7
18/12/12;0.8;NE;1.7
19/12/12;0.7;E;1.4
20/12/12;0.5;E;1.7
21/12/12;0.7;NO;2.0
22/12/12;0.6;N;1.6
23/12/12;0.3;NE;1.7
24/12/12;0.5;NO;1.3
25/12/12;0.4;NO;1.2
26/12/12;0.6;SE;1.8
27/12/12;1.5;NE;3.5
28/12/12;1.1;SO;3.5
29/12/12;2.0;SO;5.0
30/12/12;0.6;S;1.8
31/12/12;0.6;SE;1.5
01/01/13;0.5;SE;2.1
02/01/13;2.7;N;7.2
03/01/13;2.0;N;6.7
04/01/13;0.6;SE;1.2
05/01/13;0.6;O;1.6
06/01/13;1.0;NE;4.2
07/01/13;0.8;NE;1.4
08/01/13;0.7;NE;1.6
09/01/13;0.5;E;1.3
10/01/13;0.6;S;1.3
11/01/13;1.2;E;4.3
12/01/13;0.7;N;1.6
13/01/13;1.1;S;2.7
14/01/13;1.1;NE;4.1
15/01/13;1.0;SE;2.5
16/01/13;1.4;NE;3.5
17/01/13;3.1;SE;7.3
18/01/13;2.0;N;4.4
19/01/13;1.2;NE;2.6
20/01/13;1.1;NE;2.5
21/01/13;1.1;SE;2.8
22/01/13;1.1;E;2.9
23/01/13;1.6;O;5.0
24/01/13;3.3;N;6.2
25/01/13;3.5;N;7.1
26/01/13;2.2;NE;6.6
27/01/13;1.0;N;3.3
28/01/13;2.6;S;8.8
29/01/13;1.6;N;6.7
30/01/13;0.7;SE;1.7
31/01/13;1.0;NE;1.6
01/02/13;1.3;SE;4.3
02/02/13;3.7;SO;10.7
03/02/13;4.2;NE;9.7
04/02/13;1.0;N;3.1
05/02/13;0.8;SO;3.1
06/02/13;2.3;SO;4.3
07/02/13;3.4;E;7.2
08/02/13;3.0;N;6.7
09/02/13;2.2;N;4.4
10/02/13;0.9;SE;2.4
11/02/13;1.9;S;3.6
12/02/13;0.9;S;2.3
13/02/13;3.0;NE;7.3
14/02/13;3.3;N;5.5
15/02/13;1.3;S;4.9
16/02/13;2.9;SO;6.8
17/02/13;3.4;NE;5.7
18/02/13;3.7;N;7.8
19/02/13;1.3;E;2.4
20/02/13;0.5;E;1.2
21/02/13;2.7;E;6.3
22/02/13;3.7;N;5.9
23/02/13;3.9;NE;9.1
24/02/13;1.6;NE;4.2
25/02/13;1.7;NE;2.9
26/02/13;2.6;NE;5.6
27/02/13;1.1;SE;3.4
28/02/13;2.1;SE;5.9
01/03/13;1.9;E;7.1
02/03/13;5.5;N;9.3
03/03/13;1.2;NE;5.2
04/03/13;1.2;SE;4.7
05/03/13;0.8;SE;2.0
06/03/13;2.0;NE;5.4
07/03/13;0.5;S;1.2
08/03/13;0.9;E;2.2
09/03/13;1.5;S;3.5
10/03/13;1.5;SO;4.3
11/03/13;1.0;E;3.4
12/03/13;1.0;E;2.2
13/03/13;1.0;E;2.3
14/03/13;2.5;SE;5.2
15/03/13;3.0;N;5.2
16/03/13;1.1;E;2.6
17/03/13;1.1;SE;2.0
18/03/13;3.2;NE;6.1
19/03/13;2.5;SO;4.5
20/03/13;1.0;NE;2.1
21/03/13;1.4;N;3.1
22/03/13;0.7;E;1.5
23/03/13;0.8;SE;1.9
24/03/13;5.3;SE;11.6
25/03/13;6.4;N;10.7
26/03/13;3.8;NE;7.5
27/03/13;3.0;NE;5.4
28/03/13;1.0;NE;2.6
29/03/13;1.7;NE;4.0
30/03/13;1.8;SE;4.7
31/03/13;1.4;SO;3.4
01/04/13;1.7;SO;5.5
02/04/13;5.7;NE;9.4
03/04/13;1.8;N;4.2
04/04/13;2.3;E;7.4
05/04/13;2.0;NE;6.3
06/04/13;2.7;NE;7.6
07/04/13;4.8;NE;7.6
08/04/13;1.2;SE;3.2
09/04/13;1.3;NO;3.2
10/04/13;1.8;NE;4.4
11/04/13;1.3;NE;3.0
12/04/13;2.2;S;4.8
13/04/13;1.6;SO;3.5
14/04/13;1.0;SE;2.1
15/04/13;1.1;SE;3.2
16/04/13;1.1;E;2.4
17/04/13;1.0;E;2.3
18/04/13;1.2;E;3.0
19/04/13;1.2;NE;3.3
20/04/13;1.7;NE;3.4
21/04/13;1.3;E;4.6
22/04/13;1.9;E;7.7
23/04/13;1.7;E;4.5
24/04/13;2.2;NE;5.8
25/04/13;1.1;SE;3.2
26/04/13;1.5;SE;3.8
27/04/13;1.1;SE;2.7
28/04/13;0.8;NE;2.0
29/04/13;2.3;O;6.9
30/04/13;1.3;N;2.7
01/05/13;1.2;NE;2.9
02/05/13;0.8;NE;1.9
03/05/13;1.2;E;3.0
04/05/13;1.1;NO;2.9
05/05/13;1.2;E;3.2
06/05/13;1.5;S;5.3
07/05/13;1.2;O;3.1
08/05/13;1.0;S;2.2
09/05/13;1.2;E;2.6
10/05/13;1.1;E;3.0
11/05/13;1.5;NE;3.3
12/05/13;1.1;SO;3.1
13/05/13;1.7;E;5.0
14/05/13;1.3;SE;2.8
15/05/13;1.1;SE;3.4
16/05/13;1.6;E;5.5
17/05/13;1.7;S;3.7
18/05/13;1.2;E;2.9
19/05/13;2.2;S;5.3
20/05/13;1.7;NE;4.0
21/05/13;1.1;E;2.7
22/05/13;3.0;SE;6.6
23/05/13;1.9;NE;5.0
24/05/13;3.2;SE;7.7
25/05/13;1.4;O;4.0
26/05/13;1.6;SE;4.7
27/05/13;1.6;S;4.0
28/05/13;0.9;S;2.1
29/05/13;2.2;SO;4.4
30/05/13;1.8;NE;5.7
31/05/13;1.8;SE;4.0
01/06/13;1.4;E;2.8
02/06/13;1.3;S;3.3
03/06/13;1.3;E;5.2
04/06/13;1.2;E;2.5
05/06/13;1.2;SE;3.9
06/06/13;1.4;SE;3.6
07/06/13;1.1;E;4.2
08/06/13;1.3;E;3.5
09/06/13;0.8;NE;1.5
10/06/13;1.5;NE;4.0
11/06/13;1.3;E;2.6
12/06/13;1.1;NE;2.3
13/06/13;1.3;NE;3.2
14/06/13;1.5;E;3.3
15/06/13;1.5;O;3.8
16/06/13;1.3;SE;2.9
17/06/13;1.0;O;1.9
18/06/13;1.1;SE;2.8
19/06/13;1.2;SE;2.4
20/06/13;1.5;E;4.4
21/06/13;1.6;O;2.7
22/06/13;1.7;E;3.7
23/06/13;1.7;E;3.6
24/06/13;1.6;NE;7.3
25/06/13;1.2;NE;3.5
26/06/13;3.1;E;6.8
27/06/13;2.7;N;8.8
28/06/13;3.9;E;6.4
29/06/13;1.9;NE;4.4
30/06/13;1.1;E;2.3
01/07/13;1.2;E;2.7
02/07/13;1.2;E;2.7
03/07/13;1.2;SE;2.7
04/07/13;1.5;E;4.8
05/07/13;2.2;SE;4.7
06/07/13;2.7;SE;5.0
07/07/13;3.3;NE;6.8
08/07/13;3.9;N;7.1
09/07/13;2.4;N;5.4
10/07/13;1.2;S;5.0
11/07/13;1.1;E;4.0
12/07/13;1.5;NE;3.0
13/07/13;1.6;E;3.2
14/07/13;2.4;E;5.0
15/07/13;1.1;SE;2.3
16/07/13;1.1;E;3.0
17/07/13;1.3;S;3.9
18/07/13;1.5;E;3.0
19/07/13;1.3;E;5.4
20/07/13;1.3;NE;4.3
21/07/13;1.8;S;4.3
22/07/13;1.7;SE;4.5
23/07/13;1.3;S;2.7
24/07/13;1.6;NE;3.3
25/07/13;1.4;SE;2.9
26/07/13;1.3;E;2.8
27/07/13;1.2;E;2.9
28/07/13;1.4;SE;4.0
29/07/13;1.5;SE;3.7
30/07/13;1.7;S;3.7
31/07/13;2.3;SE;6.0
01/08/13;2.6;NE;5.6
02/08/13;1.4;SE;3.2
03/08/13;1.3;E;3.1
04/08/13;1.2;SE;2.9
05/08/13;1.2;E;2.7
06/08/13;1.0;E;2.4
07/08/13;1.3;NE;3.9
08/08/13;1.3;S;3.2
09/08/13;1.6;NE;2.8
10/08/13;2.8;E;5.7
11/08/13;2.6;NE;5.2
12/08/13;1.3;E;2.6
13/08/13;1.4;NE;3.3
14/08/13;4.0;E;8.1
15/08/13;5.7;N;8.3
16/08/13;2.8;NE;5.0
17/08/13;1.2;SE;2.7
18/08/13;1.1;E;2.6
19/08/13;1.6;E;3.6
20/08/13;3.4;S;7.0
21/08/13;4.6;NE;7.8
22/08/13;3.3;N;5.7
23/08/13;1.2;SE;3.1
24/08/13;1.3;E;2.6
25/08/13;1.7;S;5.8
26/08/13;1.2;E;2.8
27/08/13;1.3;NE;2.9
28/08/13;1.2;S;2.7
29/08/13;1.4;SE;4.6
30/08/13;2.5;S;5.4
31/08/13;1.4;S;3.5
01/09/13;1.4;NE;2.8
02/09/13;2.1;SE;4.9
03/09/13;1.0;SE;2.3
04/09/13;1.0;E;2.5
05/09/13;1.1;S;2.2
06/09/13;1.2;SE;3.0
07/09/13;1.1;E;2.7
08/09/13;1.0;SE;2.0
09/09/13;2.3;NE;4.8
10/09/13;1.2;E;3.0
11/09/13;1.6;SE;3.1
12/09/13;1.3;E;2.7
13/09/13;1.2;E;3.2
14/09/13;1.1;E;2.5
15/09/13;1.0;E;2.3
16/09/13;1.4;S;3.0
17/09/13;2.1;SO;4.5
18/09/13;1.0;E;3.1
19/09/13;1.0;NE;2.5
20/09/13;1.0;NE;2.1
21/09/13;1.7;SE;4.5
22/09/13;2.3;NE;4.8
23/09/13;0.9;SE;2.5
24/09/13;1.1;E;3.0
25/09/13;1.1;S;2.5
26/09/13;1.1;E;3.1
27/09/13;0.9;E;2.2
28/09/13;0.8;E;1.8
29/09/13;1.2;SE;3.8
30/09/13;1.3;SO;5.6
01/10/13;1.6;N;4.5
02/10/13;3.1;SE;6.2
03/10/13;3.4;N;6.7
04/10/13;1.8;NE;3.2
05/10/13;2.1;NE;5.6
06/10/13;4.1;N;6.1
07/10/13;3.0;NE;6.9
08/10/13;4.1;N;6.1
09/10/13;0.9;SE;2.3
10/10/13;1.6;E;4.4
11/10/13;1.2;E;2.8
12/10/13;1.0;SE;3.1
13/10/13;0.5;E;1.4
14/10/13;0.6;S;1.3
15/10/13;0.9;SO;2.3
16/10/13;1.0;SE;2.3
17/10/13;0.8;NE;2.1
18/10/13;0.7;SO;1.4
19/10/13;0.7;E;1.6
20/10/13;0.8;SE;2.2
21/10/13;1.3;NE;5.6
22/10/13;0.9;SO;2.7
23/10/13;1.2;SE;2.3
24/10/13;1.2;NE;2.3
25/10/13;0.7;NE;1.7
26/10/13;0.6;SE;1.5
27/10/13;0.8;E;2.4
28/10/13;1.1;NE;2.3
29/10/13;1.1;E;2.5
30/10/13;2.0;SO;6.2
31/10/13;5.1;N;6.9
01/11/13;0.7;NE;2.7
02/11/13;0.7;SE;2.0
03/11/13;2.0;E;7.2
04/11/13;1.5;NO;3.7
05/11/13;0.7;NE;1.5
06/11/13;0.9;NE;2.9
07/11/13;0.7;SE;1.8
08/11/13;0.8;E;1.8
09/11/13;1.7;E;3.7
10/11/13;1.7;S;3.9
11/11/13;5.3;N;10.2
12/11/13;5.1;N;12.5
13/11/13;4.8;NE;7.7
14/11/13;2.7;N;6.6
15/11/13;2.4;E;7.4
16/11/13;4.9;N;7.6
17/11/13;2.9;N;6.5
18/11/13;2.5;E;6.8
19/11/13;1.2;NE;3.7
20/11/13;1.5;SE;3.7
21/11/13;1.9;SO;4.9
22/11/13;2.3;E;6.1
23/11/13;2.0;NE;4.6
24/11/13;2.5;SO;6.2
25/11/13;2.1;E;6.8
26/11/13;2.5;NE;5.7
27/11/13;2.9;NE;7.0
28/11/13;4.1;E;7.0
29/11/13;0.7;SE;2.1
30/11/13;2.8;S;7.9
01/12/13;5.2;NE;8.9
02/12/13;4.1;NE;8.0
03/12/13;4.6;NE;7.8
04/12/13;0.6;E;2.0
05/12/13;0.5;SE;1.6
06/12/13;0.6;NO;1.7
07/12/13;0.7;O;1.5
08/12/13;0.6;NE;1.2
09/12/13;0.4;NE;1.1
10/12/13;0.5;E;1.4
11/12/13;0.6;NE;1.3
12/12/13;0.5;NE;1.3
13/12/13;0.9;E;2.4
14/12/13;0.4;E;1.0
15/12/13;1.6;S;4.3
16/12/13;0.5;SE;2.3
17/12/13;0.5;SE;1.6
18/12/13;0.5;S;1.9
19/12/13;0.5;SO;1.4
20/12/13;0.6;SO;1.7
21/12/13;0.5;SE;1.4
22/12/13;0.7;E;2.1
23/12/13;0.4;S;0.9
24/12/13;1.4;E;2.9
25/12/13;2.9;E;5.0
26/12/13;1.6;SE;3.5
27/12/13;1.3;E;5.2
28/12/13;0.8;NE;1.7
29/12/13;1.1;SE;2.5
30/12/13;3.8;S;8.1
31/12/13;3.0;NE;5.2
01/01/14;0.6;E;1.8
02/01/14;0.8;SE;2.2
03/01/14;0.6;NO;1.5
04/01/14;1.6;NE;3.4
05/01/14;1.7;S;2.7
06/01/14;0.9;SE;2.0
07/01/14;0.5;SE;1.4
08/01/14;0.5;S;1.5
09/01/14;0.8;S;1.4
10/01/14;0.6;E;1.3
11/01/14;0.5;E;1.5
12/01/14;0.7;S;2.0
13/01/14;0.5;S;1.3
14/01/14;1.5;SE;2.8
15/01/14;0.9;S;1.8
16/01/14;0.6;E;1.7
17/01/14;1.5;E;3.9
18/01/14;1.4;NE;2.2
19/01/14;1.1;NE;2.2
20/01/14;1.7;E;5.3
21/01/14;1.3;NE;5.9
22/01/14;1.0;E;2.0
23/01/14;0.6;SE;3.1
24/01/14;2.3;N;5.7
25/01/14;2.6;NE;5.9
26/01/14;2.0;NO;8.9
27/01/14;1.8;SE;5.1
28/01/14;2.4;NE;4.5
29/01/14;1.2;E;3.0
30/01/14;1.5;S;2.9
31/01/14;1.2;O;3.9
01/02/14;1.5;NE;3.9
02/02/14;1.8;SE;5.4
03/02/14;1.8;NE;3.8
04/02/14;0.6;S;1.3
05/02/14;1.3;E;2.8
06/02/14;1.4;E;3.7
07/02/14;1.4;SE;4.6
08/02/14;1.8;S;4.1
09/02/14;2.6;S;5.7
10/02/14;1.7;SE;3.0
11/02/14;1.1;SE;4.4
12/02/14;0.9;N;2.0
13/02/14;1.5;E;4.4
14/02/14;1.1;N;3.9
15/02/14;0.7;SE;1.8
16/02/14;1.0;NE;3.1
17/02/14;1.5;E;3.6
18/02/14;1.3;NO;5.3
19/02/14;1.4;NO;5.2
20/02/14;2.2;NE;5.2
21/02/14;1.0;E;2.0
22/02/14;1.2;SE;3.7
23/02/14;1.8;SE;4.3
24/02/14;2.0;SE;4.6
25/02/14;0.8;S;1.7
26/02/14;1.2;SE;2.4
27/02/14;0.9;NE;2.5
28/02/14;1.0;E;2.2
01/03/14;1.7;NE;3.6
02/03/14;1.9;E;6.7
03/03/14;1.0;SE;2.4
04/03/14;4.1;SE;8.5
05/03/14;2.6;NE;6.5
06/03/14;2.8;NE;6.9
07/03/14;3.3;NE;7.8
08/03/14;3.8;N;8.4
09/03/14;3.3;N;7.6
10/03/14;2.9;SE;5.5
11/03/14;3.4;N;6.0
12/03/14;3.0;S;5.7
13/03/14;1.2;SE;4.4
14/03/14;0.9;NE;2.1
15/03/14;1.1;SE;3.1
16/03/14;1.1;S;2.2
17/03/14;1.0;SE;1.9
18/03/14;1.4;E;3.5
19/03/14;1.0;SO;2.1
20/03/14;0.9;SE;2.6
21/03/14;1.1;NE;2.3
22/03/14;1.5;NE;3.9
23/03/14;2.1;S;5.3
24/03/14;1.6;SO;4.8
25/03/14;1.3;E;4.6
26/03/14;3.4;NE;5.9
27/03/14;4.1;NE;7.6
28/03/14;2.2;N;4.7
29/03/14;2.3;S;5.9
30/03/14;1.0;SE;2.5
31/03/14;1.2;S;2.5
01/04/14;1.4;SE;3.5
02/04/14;1.1;S;2.0
03/04/14;1.4;E;8.2
04/04/14;2.9;NE;9.8
05/04/14;2.8;SO;7.4
06/04/14;2.6;E;7.0
07/04/14;1.1;S;3.3
08/04/14;1.4;NE;3.9
09/04/14;1.9;E;5.3
10/04/14;1.2;E;7.0
11/04/14;1.1;SO;5.7
12/04/14;0.9;NE;5.3
13/04/14;0.7;E;8.3
14/04/14;1.4;SE;7.9
15/04/14;2.6;SO;16.4
16/04/14;2.9;N;12.0
17/04/14;2.0;NE;10.9
18/04/14;1.3;S;7.0
19/04/14;1.8;E;7.8
20/04/14;0.9;SE;5.1
21/04/14;0.7;E;4.0
22/04/14;0.7;NE;3.5
23/04/14;2.7;N;10.7
24/04/14;0.8;E;4.9
25/04/14;0.8;E;4.8
26/04/14;0.9;NE;5.8
27/04/14;0.6;NO;4.6
28/04/14;0.6;N;4.9
29/04/14;0.9;S;4.4
30/04/14;1.1;E;7.2
01/05/14;0.7;E;4.0
02/05/14;0.7;E;5.6
03/05/14;2.1;SE;8.8
04/05/14;2.2;E;9.9
05/05/14;1.0;E;5.3
06/05/14;1.1;E;6.7
07/05/14;1.0;SE;6.0
08/05/14;0.9;E;4.8
09/05/14;1.1;E;7.3
10/05/14;1.1;SE;5.5
11/05/14;1.7;SO;9.2
12/05/14;1.7;S;8.4
13/05/14;2.6;S;15.0
14/05/14;1.5;N;6.6
15/05/14;2.0;E;9.2
16/05/14;1.3;SE;6.9
17/05/14;1.0;E;6.0
18/05/14;1.0;SE;6.7
19/05/14;0.9;S;4.7
20/05/14;1.1;SE;6.1
21/05/14;1.0;E;5.5
22/05/14;1.1;E;7.1
23/05/14;1.0;NE;5.3
24/05/14;1.1;S;5.6
25/05/14;1.2;S;6.7
26/05/14;1.5;NE;6.8
27/05/14;2.1;SO;9.6
28/05/14;1.8;S;8.6
29/05/14;1.3;SO;7.5
30/05/14;0.8;E;6.0
31/05/14;3.0;E;10.4
01/06/14;1.0;E;6.8
02/06/14;1.2;SE;6.7
03/06/14;0.9;SE;5.1
04/06/14;1.5;SE;8.6
05/06/14;1.3;S;6.2
06/06/14;0.9;E;4.7
07/06/14;1.0;E;6.1
08/06/14;1.1;E;5.7
09/06/14;2.2;SO;10.0
10/06/14;1.0;SE;6.9
11/06/14;1.1;E;7.5
12/06/14;0.9;NE;6.1
13/06/14;1.2;NE;12.8
14/06/14;2.1;SE;9.8
15/06/14;3.6;N;11.2
16/06/14;4.2;N;14.1
17/06/14;3.1;N;11.7
18/06/14;3.4;N;12.0
19/06/14;1.6;E;7.3
20/06/14;1.4;E;8.7
21/06/14;1.2;SE;6.3
22/06/14;1.1;SE;7.0
23/06/14;1.4;S;8.2
24/06/14;1.5;NE;7.9
25/06/14;1.7;SO;10.9
26/06/14;0.8;S;9.9
27/06/14;1.2;NE;6.4
28/06/14;1.4;S;6.8
29/06/14;1.8;E;8.8
30/06/14;1.2;SE;7.3
01/07/14;1.1;E;5.4
02/07/14;1.2;NE;6.7
03/07/14;2.0;E;8.1
04/07/14;1.5;NE;8.6
05/07/14;1.6;O;7.1
06/07/14;1.2;NE;5.4
07/07/14;1.4;E;8.5
08/07/14;1.9;NE;12.4
09/07/14;1.6;NE;11.9
10/07/14;0.9;S;5.2
11/07/14;1.2;SE;5.8
12/07/14;1.0;E;7.0
13/07/14;1.2;E;6.1
14/07/14;1.0;S;5.9
15/07/14;1.8;NE;8.7
16/07/14;2.0;E;9.0
17/07/14;1.4;SE;6.5
18/07/14;1.1;S;5.9
19/07/14;0.9;E;5.1
20/07/14;1.0;E;6.1
21/07/14;1.1;E;9.4
22/07/14;1.5;E;6.9
23/07/14;2.1;SE;10.2
24/07/14;0.8;NE;4.9
25/07/14;1.0;N;5.7
26/07/14;0.8;NE;5.7
27/07/14;2.2;NE;9.0
28/07/14;1.2;NE;6.3
29/07/14;1.0;S;6.3
30/07/14;0.9;NE;4.1
31/07/14;1.0;NE;4.7
01/08/14;1.1;E;5.1
02/08/14;1.0;SO;5.1
03/08/14;1.1;E;10.1
04/08/14;1.0;SE;7.7
05/08/14;0.9;NE;8.6
06/08/14;1.1;S;5.8
07/08/14;0.8;E;4.1
08/08/14;0.9;SE;4.6
09/08/14;1.0;E;6.2
10/08/14;0.8;E;4.2
11/08/14;1.0;E;4.6
12/08/14;1.2;SO;4.9
13/08/14;1.7;S;13.1
14/08/14;1.8;S;7.9
15/08/14;1.4;E;8.4
16/08/14;1.8;E;14.4
17/08/14;1.1;SE;6.5
18/08/14;1.0;SE;5.9
19/08/14;1.0;NE;6.7
20/08/14;1.0;SE;7.2
21/08/14;1.2;NE;7.4
22/08/14;1.0;E;5.1
23/08/14;0.7;S;4.0
24/08/14;1.1;E;5.4
25/08/14;1.0;NE;5.3
26/08/14;1.0;E;6.7
27/08/14;1.5;S;8.0
28/08/14;3.2;SE;11.5
29/08/14;1.7;N;7.2
30/08/14;1.0;NE;5.1
31/08/14;1.2;E;5.3
01/09/14;3.0;SO;15.6
02/09/14;2.1;NE;9.8
03/09/14;2.7;NE;10.0
04/09/14;2.4;NE;11.2
05/09/14;2.3;N;7.8
06/09/14;1.7;NE;7.7
07/09/14;0.8;SE;4.6
08/09/14;0.9;E;3.9
09/09/14;0.9;E;4.3
10/09/14;0.6;E;2.7
11/09/14;1.2;SE;6.6
12/09/14;1.7;S;10.5
13/09/14;0.8;SE;3.8
14/09/14;0.7;NE;4.9
15/09/14;0.7;SE;3.8
16/09/14;1.5;SE;9.6
17/09/14;1.2;SE;6.7
18/09/14;0.9;N;4.2
19/09/14;0.7;NE;7.3
20/09/14;1.2;SO;8.1
21/09/14;1.0;SE;5.5
22/09/14;1.1;E;7.0
23/09/14;2.0;NE;9.0
24/09/14;0.7;SE;3.9
25/09/14;2.2;NE;10.9
26/09/14;1.5;NE;6.1
27/09/14;0.6;E;4.1
28/09/14;1.3;N;7.0
29/09/14;0.7;SE;3.5
30/09/14;0.6;SO;3.1
01/10/14;0.9;SE;5.5
02/10/14;2.3;N;9.3
03/10/14;2.8;N;11.0
04/10/14;3.1;N;9.6
05/10/14;2.7;E;9.0
06/10/14;0.8;SE;4.2
07/10/14;0.6;SE;2.2
08/10/14;1.0;E;5.3
09/10/14;0.9;S;4.5
10/10/14;0.8;E;4.1
11/10/14;0.9;SE;6.8
12/10/14;0.5;N;2.3
13/10/14;1.3;E;8.5
14/10/14;0.8;SE;5.6
15/10/14;0.7;O;6.0
16/10/14;0.9;SE;5.2
17/10/14;1.5;SE;7.6
18/10/14;0.5;E;2.6
19/10/14;0.5;NE;2.6
20/10/14;0.6;SE;3.1
21/10/14;0.7;E;4.5
22/10/14;3.4;S;15.9
23/10/14;0.8;E;8.9
24/10/14;1.4;SE;7.0
25/10/14;2.2;NE;9.5
26/10/14;2.2;O;10.3
27/10/14;3.2;N;11.2
28/10/14;3.6;N;10.3
29/10/14;0.5;N;2.9
30/10/14;0.9;SE;5.1
31/10/14;1.4;SE;7.4
01/11/14;0.7;S;3.6
02/11/14;0.5;E;3.0
03/11/14;0.7;S;4.4
04/11/14;2.0;E;10.8
05/11/14;1.3;SE;7.6
06/11/14;0.5;S;2.6
07/11/14;0.8;S;4.7
08/11/14;0.8;E;4.4
09/11/14;0.7;NE;3.3
10/11/14;1.3;E;5.2
11/11/14;0.4;SO;2.3
12/11/14;0.4;O;2.7
13/11/14;0.4;SE;3.6
14/11/14;0.5;NE;2.0
15/11/14;1.2;E;6.3
16/11/14;0.9;SE;5.5
17/11/14;1.0;E;7.7
18/11/14;1.3;SE;10.8
19/11/14;0.7;E;6.3
20/11/14;0.4;E;2.1
21/11/14;0.3;NE;1.9
22/11/14;0.2;SO;1.4
23/11/14;0.3;E;2.0
24/11/14;0.3;S;2.0
25/11/14;0.2;SE;1.7
26/11/14;0.6;SE;5.0
27/11/14;0.6;SO;4.1
28/11/14;0.6;NE;3.9
29/11/14;0.7;NE;4.5
30/11/14;0.8;E;4.4
01/12/14;1.1;E;6.5
02/12/14;1.9;NE;10.0
03/12/14;4.1;NE;12.8
04/12/14;1.1;NE;5.1
05/12/14;0.9;E;5.0
06/12/14;1.2;NE;5.4
07/12/14;2.5;E;9.5
08/12/14;1.5;E;6.8
09/12/14;3.0;SE;13.6
10/12/14;1.9;N;10.0
11/12/14;0.6;S;2.7
12/12/14;0.5;NE;2.2
13/12/14;0.4;E;2.3
14/12/14;0.3;O;1.8
15/12/14;0.6;N;3.3
16/12/14;1.0;NE;5.4
17/12/14;0.5;E;2.1
18/12/14;0.4;SO;2.2
19/12/14;0.4;S;2.1
20/12/14;0.5;E;2.7
21/12/14;0.5;S;2.7
22/12/14;0.4;SE;2.2
23/12/14;0.5;SO;2.8
24/12/14;0.9;S;3.9
25/12/14;0.7;S;2.8
26/12/14;2.0;S;10.7
27/12/14;1.2;E;9.1
28/12/14;3.5;NE;15.2
29/12/14;2.5;N;10.7
30/12/14;2.4;SE;8.9
31/12/14;3.1;NE;16.3
01/01/15;3.1;NE;13.6
02/01/15;0.7;SE;5.9
03/01/15;0.4;E;2.1
04/01/15;1.1;E;8.4
05/01/15;0.8;NE;5.3
06/01/15;0.5;NO;2.3
07/01/15;0.3;SE;1.8
08/01/15;0.4;NO;2.6
09/01/15;0.8;E;4.4
10/01/15;0.9;S;4.6
11/01/15;0.7;NE;6.8
12/01/15;1.1;NE;8.6
13/01/15;0.4;SE;2.8
14/01/15;0.6;SE;3.5
15/01/15;0.9;NE;6.4
16/01/15;1.3;NE;5.9
17/01/15;1.7;SE;7.3
18/01/15;0.6;SE;3.1
19/01/15;0.5;E;2.3
20/01/15;1.6;SE;9.1
21/01/15;1.2;SO;4.6
22/01/15;2.3;NE;11.9
23/01/15;4.1;NE;12.2
24/01/15;2.7;NE;11.1
25/01/15;2.3;N;10.7
26/01/15;3.1;NE;11.4
27/01/15;1.0;S;7.6
28/01/15;1.6;S;8.4
29/01/15;0.6;SE;5.5
30/01/15;1.4;S;10.6
31/01/15;0.6;S;4.1
01/02/15;0.8;NE;5.1
02/02/15;0.9;SE;11.7
03/02/15;1.8;NE;11.2
04/02/15;3.7;NE;12.4
05/02/15;3.9;NE;13.8
06/02/15;4.0;N;14.4
07/02/15;4.8;NE;14.6
08/02/15;1.7;NE;9.7
09/02/15;1.5;NE;5.9
10/02/15;0.6;S;2.6
11/02/15;0.6;NE;3.0
12/02/15;0.7;E;4.3
13/02/15;0.6;S;3.8
14/02/15;0.6;S;6.2
15/02/15;1.1;E;4.5
16/02/15;5.0;SE;14.3
17/02/15;4.3;NE;13.6
18/02/15;4.5;NE;16.8
19/02/15;1.6;E;10.3
20/02/15;0.7;SE;3.6
21/02/15;1.2;E;6.4
22/02/15;2.3;E;12.9
23/02/15;1.7;N;8.4
24/02/15;2.9;E;15.7
25/02/15;4.6;N;17.1
26/02/15;4.7;N;12.6
27/02/15;2.5;NE;8.1
28/02/15;1.8;E;9.7
01/03/15;1.0;S;6.6
02/03/15;1.2;NE;8.1
03/03/15;0.8;NE;5.1
04/03/15;1.5;E;13.6
05/03/15;8.0;NE;26.2
06/03/15;4.8;NE;22.0
07/03/15;4.0;NE;17.7
08/03/15;3.5;NE;15.1
09/03/15;3.6;NE;13.2
10/03/15;2.1;SE;9.1
11/03/15;0.7;E;7.9
12/03/15;2.9;NE;15.0
13/03/15;0.8;SE;6.3
14/03/15;0.7;SE;3.5
15/03/15;1.8;SE;10.3
16/03/15;1.3;E;7.8
17/03/15;3.8;NE;12.1
18/03/15;3.6;N;13.1
19/03/15;1.1;SE;5.3
20/03/15;1.0;E;7.2
21/03/15;0.8;E;4.5
22/03/15;2.8;NE;11.7
23/03/15;4.7;NE;12.4
24/03/15;1.5;E;7.3
25/03/15;3.6;NE;13.7
26/03/15;1.0;E;7.2
27/03/15;1.2;NE;10.3
28/03/15;2.7;N;10.0
29/03/15;0.9;SE;6.7
30/03/15;1.0;E;8.3
31/03/15;1.3;NE;9.0
01/04/15;1.8;NE;11.9
02/04/15;1.4;SE;7.4
03/04/15;1.0;SE;7.0
04/04/15;1.8;E;9.9
05/04/15;3.7;N;12.8
06/04/15;3.5;NE;12.8
07/04/15;2.6;SE;12.5
08/04/15;1.0;SE;5.2
09/04/15;0.9;E;3.9
10/04/15;1.0;E;5.2
11/04/15;0.9;SE;4.8
12/04/15;1.6;NE;8.5
13/04/15;1.1;E;6.5
14/04/15;0.9;NE;4.3
15/04/15;1.0;NE;5.5
16/04/15;0.8;E;5.6
17/04/15;1.0;E;5.5
18/04/15;2.0;O;14.3
19/04/15;5.8;N;13.8
20/04/15;2.8;N;11.6
21/04/15;0.9;E;5.1
22/04/15;1.1;SE;6.4
23/04/15;0.9;E;8.2
24/04/15;0.8;SE;5.3
25/04/15;0.8;SE;4.1
26/04/15;0.7;SO;5.8
27/04/15;1.4;E;8.1
28/04/15;0.5;E;3.3
29/04/15;1.1;O;6.4
30/04/15;1.3;SO;6.3
01/05/15;1.0;NE;8.8
02/05/15;0.8;SE;4.8
03/05/15;0.6;SE;3.6
04/05/15;0.7;E;4.4
05/05/15;0.9;NE;6.0
06/05/15;0.7;SE;3.6
07/05/15;1.1;E;5.5
08/05/15;1.0;NE;4.8
09/05/15;1.1;S;5.8
10/05/15;1.4;NE;7.9
11/05/15;0.9;SE;5.6
12/05/15;0.9;SE;5.5
13/05/15;1.7;E;8.1
14/05/15;1.5;S;6.7
15/05/15;1.0;NE;7.5
16/05/15;1.4;SE;8.5
17/05/15;4.8;NE;14.0
18/05/15;1.2;NE;5.4
19/05/15;1.1;E;5.3
20/05/15;1.1;E;7.3
21/05/15;1.9;E;10.6
22/05/15;1.7;NE;11.7
23/05/15;1.0;NO;4.8
24/05/15;1.8;S;9.6
25/05/15;1.2;E;6.0
26/05/15;1.2;E;7.9
27/05/15;3.0;E;12.7
28/05/15;1.1;E;4.8
29/05/15;1.2;SE;7.4
30/05/15;1.2;E;6.2
31/05/15;0.9;SE;5.1
01/06/15;0.9;NE;4.9
02/06/15;1.1;NE;6.9
03/06/15;1.0;SE;4.9
04/06/15;1.7;N;9.5
05/06/15;2.4;S;9.8
06/06/15;1.0;E;6.2
07/06/15;2.0;E;8.4
08/06/15;1.8;NO;7.4
09/06/15;1.0;NE;5.9
10/06/15;1.0;NE;7.4
11/06/15;0.9;E;11.1
12/06/15;1.2;SE;7.9
13/06/15;1.2;E;8.8
14/06/15;0.9;NE;8.7
15/06/15;1.0;S;7.3
16/06/15;1.2;SE;6.8
17/06/15;2.1;NE;9.6
18/06/15;1.3;SO;6.4
19/06/15;0.9;NE;4.4
20/06/15;2.6;S;12.7
21/06/15;1.1;NE;5.0
22/06/15;1.4;E;8.5
23/06/15;1.7;S;7.5
24/06/15;4.4;E;20.0
25/06/15;2.1;NE;6.6
26/06/15;1.1;SE;5.0
27/06/15;1.1;E;6.7
28/06/15;1.3;NE;6.0
29/06/15;0.9;E;4.0
30/06/15;1.6;NE;7.6
01/07/15;1.0;E;5.6
02/07/15;1.1;SE;6.0
03/07/15;2.1;NE;10.3
04/07/15;1.1;NE;4.7
05/07/15;1.1;E;6.6
06/07/15;1.2;E;7.2
07/07/15;1.1;E;5.6
08/07/15;1.2;O;6.4
09/07/15;3.6;NE;12.0
10/07/15;4.3;N;11.9
11/07/15;1.2;NE;5.9
12/07/15;1.2;E;7.5
13/07/15;1.0;E;4.6
14/07/15;1.1;E;5.4
15/07/15;0.9;E;5.4
16/07/15;1.1;NE;6.0
17/07/15;1.1;E;6.9
18/07/15;1.1;NE;5.6
19/07/15;1.2;E;6.6
20/07/15;1.1;E;4.6
21/07/15;1.1;E;6.6
22/07/15;1.3;NE;12.9
23/07/15;1.0;E;10.3
24/07/15;1.1;N;12.5
25/07/15;1.1;SE;6.8
26/07/15;1.3;SO;5.4
27/07/15;2.3;SO;9.4
28/07/15;1.5;S;6.2
29/07/15;1.8;S;9.0
30/07/15;1.3;NE;7.7
31/07/15;3.8;E;11.7
01/08/15;1.4;NE;14.3
02/08/15;1.1;SE;5.4
03/08/15;2.4;NE;9.4
04/08/15;1.3;N;5.8
05/08/15;1.8;NE;7.3
06/08/15;2.0;NE;9.2
07/08/15;2.4;SE;8.9
08/08/15;1.5;S;8.7
09/08/15;1.4;E;10.2
10/08/15;0.9;SE;11.4
11/08/15;1.5;E;9.9
12/08/15;2.1;NO;9.0
13/08/15;0.8;S;3.9
14/08/15;1.0;E;6.4
15/08/15;1.1;E;6.8
16/08/15;1.0;E;5.8
17/08/15;1.4;E;8.8
18/08/15;1.0;S;5.9
19/08/15;1.0;E;12.7
20/08/15;1.0;NE;6.3
21/08/15;2.5;SE;8.0
22/08/15;2.0;NE;7.4
23/08/15;0.8;E;3.9
24/08/15;1.1;NO;5.9
25/08/15;1.3;NE;7.3
26/08/15;1.2;E;5.7
27/08/15;0.7;S;3.9
28/08/15;0.7;E;4.1
29/08/15;0.7;NE;4.5
30/08/15;0.9;E;4.2
31/08/15;0.8;SE;5.4
01/09/15;0.9;S;6.0
02/09/15;1.1;S;7.4
03/09/15;1.0;SE;4.7
04/09/15;1.1;SO;7.5
05/09/15;1.6;E;9.5
06/09/15;1.4;SE;6.7
07/09/15;2.0;E;10.9
08/09/15;2.8;NE;10.1
09/09/15;3.0;S;10.7
10/09/15;2.6;N;9.1
11/09/15;0.9;E;5.6
12/09/15;0.7;S;4.6
13/09/15;0.9;SE;6.7
14/09/15;1.8;E;9.6
15/09/15;0.9;SE;4.7
16/09/15;0.9;N;9.2
17/09/15;1.2;NE;8.6
18/09/15;1.1;S;7.2
19/09/15;0.7;SE;3.5
20/09/15;2.1;S;10.4
21/09/15;1.5;NE;7.5
22/09/15;1.1;S;5.9
23/09/15;1.0;S;5.7
24/09/15;2.3;NE;9.7
25/09/15;2.1;N;8.4
26/09/15;2.0;N;9.2
27/09/15;2.9;N;9.7
28/09/15;3.5;N;10.0
29/09/15;4.9;NE;14.1
30/09/15;4.4;N;12.6
01/10/15;5.1;NE;13.9
02/10/15;4.0;N;15.5
03/10/15;0.7;NO;4.2
04/10/15;1.0;S;5.5
05/10/15;0.7;N;5.1
06/10/15;0.6;NE;2.7
07/10/15;0.7;S;3.9
08/10/15;2.0;E;8.9
09/10/15;1.7;E;9.2
10/10/15;3.6;N;11.4
11/10/15;1.6;N;8.7
12/10/15;0.5;S;2.4
13/10/15;0.7;E;4.4
14/10/15;0.7;E;5.0
15/10/15;0.9;S;6.7
16/10/15;1.0;E;7.0
17/10/15;0.6;NE;2.6
18/10/15;0.3;N;3.9
19/10/15;2.0;E;11.1
20/10/15;4.4;NE;11.1
21/10/15;3.9;N;13.9
22/10/15;3.1;NE;11.1
23/10/15;3.3;N;11.6
24/10/15;1.7;N;9.3
25/10/15;0.4;SE;2.1
26/10/15;0.4;NE;2.5
27/10/15;0.4;SE;1.9
28/10/15;0.9;S;7.9
29/10/15;1.1;NE;8.4
30/10/15;2.4;E;10.7
31/10/15;4.3;N;13.7
01/11/15;4.4;N;13.5
02/11/15;3.9;N;11.4
03/11/15;0.4;N;2.0
04/11/15;0.5;S;2.1
05/11/15;0.5;S;2.5
06/11/15;0.6;E;3.2
07/11/15;0.5;SE;2.6
08/11/15;0.4;SE;2.1
09/11/15;0.6;SE;4.3
10/11/15;0.5;S;2.4
11/11/15;0.4;S;2.2
12/11/15;0.5;N;2.7
13/11/15;0.3;E;1.6
14/11/15;0.5;SO;2.5
15/11/15;0.4;S;2.0
16/11/15;0.5;SE;3.4
17/11/15;0.6;S;3.2
18/11/15;0.5;NE;1.8
19/11/15;0.6;SE;3.4
20/11/15;1.2;O;8.8
21/11/15;3.3;SO;15.9
22/11/15;1.6;N;17.6
23/11/15;2.5;N;12.7
24/11/15;5.0;N;13.0
25/11/15;0.7;S;9.1
26/11/15;5.1;N;19.1
27/11/15;3.4;NE;16.0
28/11/15;0.6;E;3.6
29/11/15;0.4;NE;3.2
30/11/15;0.1;SE;1.3
01/12/15;0.1;E;2.2
02/12/15;0.3;E;2.7
03/12/15;0.7;E;3.0
04/12/15;0.1;E;2.1
05/12/15;0.2;NE;2.3
06/12/15;0.1;NE;1.8
07/12/15;0.1;S;2.0
08/12/15;0.2;E;2.0
09/12/15;0.2;E;3.7
10/12/15;1.8;E;7.6
11/12/15;0.4;S;2.6
12/12/15;0.6;O;3.3
13/12/15;0.3;E;1.7
14/12/15;0.4;NE;2.6
15/12/15;0.3;SE;1.9
16/12/15;0.4;N;2.2
17/12/15;0.4;NE;2.1
18/12/15;0.3;SE;2.1
19/12/15;0.4;N;2.4
20/12/15;0.5;NE;2.1
21/12/15;0.6;NE;2.1
22/12/15;0.3;NO;1.5
23/12/15;0.4;SO;2.4
24/12/15;0.5;S;2.0
25/12/15;0.4;SE;2.3
26/12/15;0.6;SE;2.0
27/12/15;0.6;N;1.9
28/12/15;0.5;N;2.2
29/12/15;0.5;S;2.7
30/12/15;2.6;S;14.3
31/12/15;2.6;NE;10.1
01/01/16;0.7;NE;4.3
02/01/16;0.8;S;4.2
03/01/16;1.9;SO;8.2
04/01/16;0.5;S;4.2
05/01/16;0.5;NE;3.9
06/01/16;0.6;E;3.5
07/01/16;0.5;N;2.6
08/01/16;0.5;O;2.6
09/01/16;0.8;NE;4.2
10/01/16;1.9;S;7.4
11/01/16;3.0;NE;13.8
12/01/16;2.6;O;11.1
13/01/16;1.0;S;5.1
14/01/16;0.8;NE;4.2
15/01/16;1.0;N;8.4
16/01/16;3.0;S;11.8
17/01/16;1.7;NE;11.4
18/01/16;1.3;N;6.9
19/01/16;0.7;NE;4.7
20/01/16;0.4;SE;2.4
21/01/16;1.0;N;5.4
22/01/16;1.4;E;6.5
23/01/16;0.4;E;2.3
24/01/16;0.2;S;2.2
25/01/16;0.2;S;2.4
26/01/16;0.4;NO;3.2
27/01/16;1.1;S;6.0
28/01/16;0.5;S;2.6
29/01/16;0.6;SE;3.6
30/01/16;1.8;E;8.9
31/01/16;2.0;SO;7.8
01/02/16;0.6;SE;3.3
02/02/16;0.1;S;1.7
03/02/16;1.2;SE;13.8
04/02/16;0.8;NE;6.7
05/02/16;0.6;S;2.8
06/02/16;0.5;E;2.2
07/02/16;1.6;E;7.7
08/02/16;1.2;SE;7.9
09/02/16;2.8;S;12.5
10/02/16;2.9;S;12.7
11/02/16;0.9;NE;5.8
12/02/16;1.2;NE;8.0
13/02/16;1.1;SO;6.4
14/02/16;1.5;E;9.5
15/02/16;1.8;E;9.6
16/02/16;5.3;NE;19.1
17/02/16;1.4;N;12.3
18/02/16;0.7;SO;5.1
19/02/16;1.2;E;7.0
20/02/16;1.0;NE;8.0
21/02/16;1.0;SE;4.5
22/02/16;0.7;SE;4.9
23/02/16;0.9;S;6.0
24/02/16;0.9;NE;5.1
25/02/16;0.8;S;6.3
26/02/16;0.8;SE;5.2
27/02/16;1.4;S;9.0
28/02/16;2.3;SE;13.1
29/02/16;1.6;E;7.8
01/03/16;1.3;SE;9.1
02/03/16;1.1;SE;6.1
03/03/16;2.7;S;11.7
04/03/16;1.2;E;7.2
05/03/16;2.4;E;11.4
06/03/16;1.3;S;11.0
07/03/16;0.9;E;4.3
08/03/16;1.5;NE;9.7
09/03/16;3.6;SE;12.8
10/03/16;3.4;N;11.0
11/03/16;3.8;N;12.0
12/03/16;3.6;NE;11.6
13/03/16;4.2;NE;12.9
14/03/16;4.1;NE;12.1
15/03/16;1.9;NE;9.8
16/03/16;4.4;NE;13.6
17/03/16;5.2;N;13.7
18/03/16;2.0;NE;10.7
19/03/16;0.9;E;6.3
20/03/16;0.8;NE;4.5
21/03/16;1.8;NE;10.3
22/03/16;6.3;N;18.2
23/03/16;4.5;NE;17.1
24/03/16;2.7;NO;11.9
25/03/16;0.8;SE;4.9
26/03/16;0.8;E;4.2
27/03/16;1.0;S;5.7
28/03/16;1.1;NE;7.3
29/03/16;1.1;E;6.6
30/03/16;1.0;NE;4.9
31/03/16;0.8;E;3.7
01/04/16;1.2;SE;5.9
02/04/16;3.4;NE;12.8
03/04/16;0.7;E;3.5
04/04/16;1.2;E;7.3
05/04/16;0.8;NE;4.1
06/04/16;0.8;E;5.2
07/04/16;0.8;S;4.1
08/04/16;0.6;N;4.0
09/04/16;1.0;SE;5.4
10/04/16;1.1;NE;6.2
11/04/16;1.1;SE;5.2
12/04/16;1.0;E;4.6
13/04/16;0.9;E;5.8
14/04/16;1.6;S;6.2
15/04/16;1.2;SE;8.8
16/04/16;1.5;SE;7.7
17/04/16;1.2;E;6.5
18/04/16;1.5;NE;8.3
19/04/16;2.7;S;15.9
20/04/16;2.7;SE;12.1
21/04/16;1.2;SE;5.0
22/04/16;0.9;E;5.3
23/04/16;0.8;S;5.7
24/04/16;1.8;E;11.8
25/04/16;2.0;N;9.2
26/04/16;1.4;E;10.4
27/04/16;2.2;SO;11.4
28/04/16;0.7;E;4.0
29/04/16;1.7;E;8.4
30/04/16;0.8;E;5.0
01/05/16;1.8;SO;11.5
02/05/16;2.6;N;10.3
03/05/16;1.8;N;10.0
04/05/16;1.4;NE;6.4
05/05/16;3.1;SE;10.7
06/05/16;1.4;NE;5.8
07/05/16;1.4;S;11.3
08/05/16;0.9;E;5.0
09/05/16;0.9;E;5.0
10/05/16;1.0;NE;6.6
11/05/16;0.6;SE;4.0
12/05/16;2.2;O;9.9
13/05/16;1.7;E;9.3
14/05/16;1.2;S;6.7
15/05/16;0.9;SO;5.9
16/05/16;2.2;E;13.8
17/05/16;0.9;E;4.3
18/05/16;1.1;SE;6.6
19/05/16;1.4;E;11.7
20/05/16;2.4;N;10.9
21/05/16;1.1;SE;5.8
22/05/16;0.9;E;4.7
23/05/16;2.0;SE;10.7
24/05/16;1.6;S;9.1
25/05/16;1.1;NE;5.9
26/05/16;0.8;SE;3.8
27/05/16;1.0;E;7.1
28/05/16;1.0;S;6.5
29/05/16;1.4;NE;6.9
30/05/16;2.0;S;10.3
31/05/16;1.5;E;8.7
01/06/16;1.0;S;7.3
02/06/16;0.9;S;5.2
03/06/16;0.7;S;4.8
04/06/16;0.7;E;3.6
05/06/16;1.0;E;5.4
06/06/16;1.0;E;9.7
07/06/16;1.1;E;6.4
08/06/16;0.9;N;10.6
09/06/16;1.1;NE;5.9
10/06/16;1.8;NE;7.3
11/06/16;1.3;E;6.7
12/06/16;1.2;E;8.7
13/06/16;1.0;NE;4.9
14/06/16;1.2;E;7.9
15/06/16;1.7;S;8.3
16/06/16;1.1;E;6.7
17/06/16;2.0;SO;11.3
18/06/16;1.3;E;7.1
19/06/16;1.4;E;8.2
20/06/16;1.4;E;8.9
21/06/16;1.0;S;5.4
22/06/16;2.2;E;9.8
23/06/16;3.0;SE;11.4
24/06/16;1.3;O;6.1
25/06/16;1.3;E;7.5
26/06/16;1.3;E;6.7
27/06/16;1.3;NE;7.3
28/06/16;1.1;NE;5.4
29/06/16;1.0;SE;4.8
30/06/16;1.2;E;6.4
01/07/16;1.1;E;5.0
02/07/16;1.3;SO;8.1
03/07/16;1.2;NE;6.4
04/07/16;2.6;SE;9.3
05/07/16;1.3;E;7.0
06/07/16;1.1;SE;10.2
07/07/16;1.1;SE;5.5
08/07/16;1.3;E;8.0
09/07/16;1.1;NE;5.7
10/07/16;1.0;SE;5.3
11/07/16;1.0;E;5.3
12/07/16;1.2;E;6.2
13/07/16;1.6;E;8.9
14/07/16;1.3;SE;7.2
15/07/16;3.3;NE;17.2
16/07/16;1.4;NE;6.3
17/07/16;1.2;SE;5.9
18/07/16;1.3;E;7.0
19/07/16;1.1;E;6.0
20/07/16;1.2;E;5.9
21/07/16;1.1;E;5.3
22/07/16;1.0;SE;7.5
23/07/16;1.2;E;6.3
24/07/16;1.7;N;9.6
25/07/16;1.0;S;7.2
26/07/16;1.1;E;7.5
27/07/16;1.1;SE;9.8
28/07/16;1.2;SE;9.4
29/07/16;1.3;E;6.2
30/07/16;1.2;NE;5.8
31/07/16;1.1;E;7.6
01/08/16;1.3;NE;10.4
02/08/16;1.3;NE;7.7
03/08/16;1.0;E;5.5
04/08/16;1.3;S;6.4
05/08/16;1.5;E;10.7
06/08/16;3.1;S;12.1
07/08/16;3.0;NE;12.3
08/08/16;2.8;N;10.1
09/08/16;1.1;SE;5.1
10/08/16;2.2;E;12.4
11/08/16;4.3;NE;18.5
12/08/16;2.2;NE;9.1
13/08/16;1.8;SE;8.7
14/08/16;1.0;SE;4.8
15/08/16;1.2;SE;6.9
16/08/16;1.4;E;7.6
17/08/16;1.4;E;7.3
18/08/16;1.3;E;7.4
19/08/16;1.0;E;5.0
20/08/16;1.0;NE;5.4
21/08/16;1.0;NE;5.8
22/08/16;3.4;E;12.8
23/08/16;2.8;NE;13.1
24/08/16;3.1;NE;13.1
25/08/16;3.6;N;13.0
26/08/16;3.3;NE;11.2
27/08/16;1.0;N;5.9
28/08/16;1.2;SE;6.2
29/08/16;1.1;E;5.8
30/08/16;1.7;S;9.1
31/08/16;1.8;S;8.7
01/09/16;0.8;SE;4.5
02/09/16;0.9;SE;5.4
03/09/16;1.0;E;6.7
04/09/16;1.2;E;7.1
05/09/16;1.4;S;10.9
06/09/16;2.3;E;13.0
07/09/16;3.8;NE;14.3
08/09/16;2.7;N;9.3
09/09/16;2.3;NE;10.1
10/09/16;1.8;SE;9.8
11/09/16;2.0;S;9.2
12/09/16;1.8;SE;7.7
13/09/16;0.9;SO;9.8
14/09/16;0.9;E;6.5
15/09/16;0.8;SE;5.5
16/09/16;0.8;S;6.4
17/09/16;1.0;E;6.7
18/09/16;0.8;SO;5.1
19/09/16;0.8;SE;6.3
20/09/16;0.8;S;5.0
21/09/16;2.5;SE;9.9
22/09/16;3.2;N;8.8
23/09/16;0.8;E;4.0
24/09/16;1.3;SE;6.8
25/09/16;1.2;S;6.2
26/09/16;1.5;SE;9.4
27/09/16;1.3;SE;6.5
28/09/16;1.6;S;7.2
29/09/16;0.8;SE;5.4
30/09/16;0.8;E;4.8
01/10/16;0.7;E;4.0
02/10/16;1.1;SE;7.3
03/10/16;1.6;E;7.6
04/10/16;1.6;SE;10.0
05/10/16;1.3;NE;11.4
06/10/16;4.1;N;12.1
07/10/16;2.8;NE;10.4
08/10/16;0.8;S;4.8
09/10/16;2.7;NE;9.5
10/10/16;4.2;N;13.3
11/10/16;1.8;NE;9.7
12/10/16;1.0;N;5.0
13/10/16;1.6;SO;11.6
14/10/16;2.0;NE;12.0
15/10/16;0.5;E;3.2
16/10/16;0.6;N;2.9
17/10/16;0.4;SE;2.0
18/10/16;0.6;SE;4.6
19/10/16;0.6;NE;4.7
20/10/16;0.7;SE;3.4
21/10/16;1.6;E;7.3
22/10/16;0.5;S;2.4
23/10/16;0.4;NE;2.7
24/10/16;0.4;SE;2.8
25/10/16;0.4;S;2.3
26/10/16;0.6;S;5.9
27/10/16;3.6;NE;12.1
28/10/16;2.9;NE;12.6
29/10/16;0.7;SE;5.2
30/10/16;0.4;SE;2.8
31/10/16;1.5;SE;9.3
01/11/16;0.5;SO;3.9
02/11/16;1.1;SE;8.8
03/11/16;2.6;S;12.4
04/11/16;0.6;NE;5.6
05/11/16;0.9;O;9.4
06/11/16;1.8;E;11.0
07/11/16;1.5;SO;8.7
08/11/16;0.6;NE;6.0
09/11/16;1.0;SE;6.1
10/11/16;0.6;NE;3.5
11/11/16;1.5;NE;9.7
12/11/16;0.9;NE;7.0
13/11/16;0.3;SE;2.0
14/11/16;4.1;S;13.6
15/11/16;4.5;NE;13.4
16/11/16;0.3;NE;2.2
17/11/16;0.3;S;2.1
18/11/16;0.5;NO;4.1
19/11/16;1.0;NE;8.7
20/11/16;0.4;NE;2.1
21/11/16;0.6;E;3.1
22/11/16;0.6;SO;3.4
23/11/16;0.5;SE;3.3
24/11/16;0.6;S;3.4
25/11/16;0.7;NE;5.0
26/11/16;0.4;NE;2.8
27/11/16;0.5;S;2.7
28/11/16;3.0;NE;14.6
29/11/16;3.3;NE;14.6
30/11/16;1.3;N;8.7
01/12/16;0.3;SE;2.4
02/12/16;0.8;S;5.0
03/12/16;1.1;NO;9.0
04/12/16;2.1;NE;7.9
05/12/16;0.2;SE;3.0
06/12/16;0.5;S;4.0
07/12/16;2.2;SO;10.9
08/12/16;0.3;NE;2.1
09/12/16;0.2;S;2.1
10/12/16;0.3;S;2.5
11/12/16;0.6;SO;3.9
12/12/16;0.9;SO;6.5
13/12/16;0.3;SE;2.5
14/12/16;0.2;S;2.0
15/12/16;0.6;S;5.3
16/12/16;2.7;SE;11.5
17/12/16;4.0;N;11.8
18/12/16;0.3;E;2.6
19/12/16;1.7;NE;10.9
20/12/16;5.0;NE;15.1
21/12/16;5.0;N;13.0
22/12/16;0.3;S;3.1
23/12/16;0.3;S;2.8
24/12/16;0.3;E;2.1
25/12/16;0.2;S;2.4
26/12/16;0.4;O;2.8
27/12/16;0.4;N;2.7
28/12/16;0.5;S;4.0
29/12/16;2.2;SE;9.8
30/12/16;3.2;N;11.7
31/12/16;0.9;NE;6.1
01/01/17;0.1;SE;1.9
02/01/17;0.8;SE;5.5
03/01/17;2.4;SE;11.4
04/01/17;0.7;NE;5.1
05/01/17;3.1;E;16.5
06/01/17;2.3;NE;9.8
07/01/17;1.2;NE;5.9
08/01/17;0.9;O;6.9
09/01/17;0.7;SE;4.1
10/01/17;2.5;O;12.4
11/01/17;2.2;NE;11.0
12/01/17;0.3;E;2.5
13/01/17;1.6;S;10.3
14/01/17;0.5;NE;2.9
15/01/17;3.3;S;12.2
16/01/17;5.7;NE;16.4
17/01/17;6.1;NE;17.3
18/01/17;5.1;N;17.7
19/01/17;4.1;NE;14.7
20/01/17;6.3;N;13.6
21/01/17;5.6;N;13.9
22/01/17;6.1;NE;13.0
23/01/17;6.4;N;14.7
24/01/17;5.0;NE;12.3
25/01/17;4.9;NE;13.3
26/01/17;1.9;NE;9.0
27/01/17;0.4;NE;3.4
28/01/17;0.8;S;6.2
29/01/17;0.4;SO;2.7
30/01/17;0.3;S;2.6
31/01/17;0.4;E;2.4
01/02/17;0.5;E;3.1
02/02/17;0.8;SE;2.8
03/02/17;1.4;NE;8.0
04/02/17;1.5;S;11.4
05/02/17;1.2;SO;7.0
06/02/17;2.7;E;11.5
07/02/17;3.2;NO;15.3
08/02/17;3.4;S;15.2
09/02/17;7.2;NE;18.8
10/02/17;4.3;NE;13.1
11/02/17;0.7;N;5.0
12/02/17;0.6;SE;4.9
13/02/17;2.0;SE;11.1
14/02/17;3.5;NE;12.8
15/02/17;0.6;SE;3.8
16/02/17;0.5;S;3.8
17/02/17;0.7;S;4.8
18/02/17;2.0;SE;7.4
19/02/17;0.6;SE;4.2
20/02/17;0.6;S;3.7
21/02/17;0.7;SE;8.0
22/02/17;0.7;SE;3.8
23/02/17;0.8;E;5.3
24/02/17;1.1;S;10.7
25/02/17;6.0;NE;18.1
26/02/17;1.9;NE;10.4
27/02/17;0.6;SE;6.7
28/02/17;2.6;S;13.2
01/03/17;1.7;S;9.3
02/03/17;1.0;E;6.2
03/03/17;0.6;E;3.7
04/03/17;1.1;E;5.5
05/03/17;1.4;S;8.3
06/03/17;1.7;SE;11.4
07/03/17;2.8;SO;12.7
08/03/17;2.9;NE;10.9
09/03/17;0.8;SE;5.9
10/03/17;2.2;S;15.9
11/03/17;2.5;NE;9.1
12/03/17;0.8;SE;3.8
13/03/17;2.7;S;9.6
14/03/17;1.1;SE;6.1
15/03/17;1.5;SE;8.5
16/03/17;0.7;SE;5.3
17/03/17;1.1;SE;7.9
18/03/17;1.4;SE;6.4
19/03/17;0.7;S;4.1
20/03/17;0.6;E;5.0
21/03/17;0.5;E;3.5
22/03/17;0.8;N;3.7
23/03/17;1.1;S;6.4
24/03/17;1.8;SE;10.5
25/03/17;1.4;E;8.3
26/03/17;1.6;SE;9.2
27/03/17;3.1;NE;15.0
28/03/17;2.4;NE;9.1
29/03/17;1.2;E;8.7
30/03/17;0.9;SE;6.1
31/03/17;0.8;SE;6.3
01/04/17;0.8;SE;6.7
02/04/17;1.7;E;9.9
03/04/17;3.0;NE;10.3
04/04/17;1.0;SE;9.2
05/04/17;3.1;SE;10.2
06/04/17;0.6;NE;6.8
07/04/17;0.8;SE;5.1
08/04/17;0.8;SE;5.3
09/04/17;0.9;E;5.1
10/04/17;1.1;SE;7.5
11/04/17;0.8;NE;5.3
12/04/17;1.0;NE;6.4
13/04/17;1.4;S;8.4
14/04/17;1.0;E;5.5
15/04/17;0.7;SO;3.7
16/04/17;1.3;NE;7.5
17/04/17;1.9;NE;11.9
18/04/17;2.4;SE;18.9
19/04/17;2.1;E;9.9
20/04/17;1.6;S;9.3
21/04/17;1.2;S;7.2
22/04/17;1.5;E;11.0
23/04/17;0.9;S;4.6
24/04/17;0.9;SE;5.2
25/04/17;1.5;S;7.4
26/04/17;2.5;S;13.6
27/04/17;1.5;SO;6.7
28/04/17;1.8;SO;12.5
29/04/17;2.4;SE;10.0
30/04/17;1.9;N;7.3
01/05/17;1.2;SE;7.5
02/05/17;1.1;NE;7.4
03/05/17;1.0;E;7.6
04/05/17;0.8;E;6.0
05/05/17;0.8;S;4.7
06/05/17;0.7;SE;5.4
07/05/17;0.8;O;6.5
08/05/17;0.9;NE;7.5
09/05/17;2.4;NE;10.7
10/05/17;1.0;SO;6.6
11/05/17;0.8;E;5.9
12/05/17;1.0;S;6.0
13/05/17;1.6;NO;7.8
14/05/17;1.1;SE;5.8
15/05/17;1.7;E;10.2
16/05/17;2.5;NE;9.6
17/05/17;2.6;NE;8.6
18/05/17;1.3;NE;5.4
19/05/17;1.3;S;8.6
20/05/17;1.2;SO;8.0
21/05/17;2.0;E;9.8
22/05/17;1.0;S;6.7
23/05/17;1.1;E;6.2
24/05/17;0.9;E;5.4
25/05/17;1.7;E;7.5
26/05/17;1.7;E;8.4
27/05/17;1.5;NE;5.8
28/05/17;1.1;E;5.1
29/05/17;1.2;S;6.5
30/05/17;1.2;E;6.5
31/05/17;1.0;NE;6.7
01/06/17;1.2;E;5.5
02/06/17;1.1;E;6.4
03/06/17;1.2;SE;5.3
04/06/17;1.3;E;6.9
05/06/17;0.9;SE;8.1
06/06/17;1.2;E;8.4
07/06/17;1.5;E;7.7
08/06/17;3.1;SE;9.6
09/06/17;1.3;E;4.8
10/06/17;0.9;SE;5.3
11/06/17;1.7;E;8.0
12/06/17;1.2;O;6.4
13/06/17;1.2;E;6.4
14/06/17;1.1;E;6.0
15/06/17;1.4;E;11.0
16/06/17;1.1;E;6.3
17/06/17;1.9;E;10.1
18/06/17;3.0;E;9.2
19/06/17;1.6;SE;6.5
20/06/17;1.4;E;8.1
21/06/17;1.1;E;6.1
22/06/17;1.4;S;7.1
23/06/17;1.4;SO;7.9
24/06/17;0.9;N;5.0
25/06/17;1.4;E;8.1
26/06/17;1.1;NE;7.0
27/06/17;1.3;SE;6.2
28/06/17;1.4;NE;12.1
29/06/17;2.7;SE;12.1
30/06/17;1.4;S;8.1
01/07/17;1.4;S;8.0
02/07/17;1.3;E;7.1
03/07/17;1.2;E;6.5
04/07/17;1.2;E;6.4
05/07/17;1.2;E;7.2
06/07/17;1.1;S;6.3
07/07/17;1.4;SE;7.4
08/07/17;1.0;E;5.7
09/07/17;1.2;E;6.7
10/07/17;1.4;SE;8.0
11/07/17;1.3;SO;7.5
12/07/17;1.3;E;8.8
13/07/17;1.1;E;6.3
14/07/17;3.4;O;13.5
15/07/17;3.7;N;10.4
16/07/17;3.2;NE;11.3
17/07/17;3.0;NE;10.2
18/07/17;1.2;O;6.2
19/07/17;1.3;E;6.7
20/07/17;1.0;E;5.1
21/07/17;1.1;E;7.0
22/07/17;1.2;S;8.2
23/07/17;1.3;E;7.3
24/07/17;1.8;E;9.0
25/07/17;0.9;E;13.3
26/07/17;1.1;NE;6.5
27/07/17;1.3;NE;8.4
28/07/17;1.2;E;7.4
29/07/17;0.9;NE;6.5
30/07/17;1.2;E;5.8
31/07/17;0.8;NE;4.2
01/08/17;1.0;E;7.1
02/08/17;1.1;S;6.0
03/08/17;1.2;SE;7.1
04/08/17;1.1;E;6.3
05/08/17;1.0;SE;5.5
06/08/17;1.2;E;7.1
07/08/17;3.4;NE;10.3
08/08/17;1.2;NE;7.1
09/08/17;1.3;NE;7.3
10/08/17;1.1;NE;16.7
11/08/17;1.9;S;10.8
12/08/17;1.0;E;4.8
13/08/17;1.0;E;5.0
14/08/17;0.9;E;4.5
15/08/17;1.0;SE;7.1
16/08/17;1.1;E;5.9
17/08/17;1.6;E;7.7
18/08/17;1.1;E;5.8
19/08/17;1.2;S;5.5
20/08/17;3.7;NE;12.0
21/08/17;2.6;E;10.6
22/08/17;1.6;N;6.8
23/08/17;1.1;E;5.7
24/08/17;0.9;NE;4.9
25/08/17;1.0;E;5.3
26/08/17;1.0;E;6.0
27/08/17;1.1;E;6.5
28/08/17;1.2;NE;9.4
29/08/17;1.9;NE;9.0
30/08/17;1.1;NE;5.8
31/08/17;1.0;NE;8.3
01/09/17;1.3;E;8.5
02/09/17;2.3;SO;12.8
03/09/17;1.0;NE;5.6
04/09/17;0.8;S;4.5
05/09/17;0.9;E;5.2
06/09/17;0.6;E;4.6
07/09/17;1.1;NE;10.2
08/09/17;1.1;E;4.8
09/09/17;1.0;E;8.5
10/09/17;0.9;NE;6.5
11/09/17;0.9;SE;6.1
12/09/17;2.0;NE;11.7
13/09/17;0.8;E;6.4
14/09/17;1.3;E;8.3
15/09/17;0.8;S;5.6
16/09/17;0.8;S;4.4
17/09/17;1.8;E;11.0
18/09/17;0.7;SO;5.1
19/09/17;1.7;SE;9.4
20/09/17;1.3;NE;8.8
21/09/17;0.7;E;5.8
22/09/17;0.6;S;5.5
23/09/17;0.6;SE;4.0
24/09/17;0.5;SE;4.5
25/09/17;2.1;E;9.1
26/09/17;3.3;NE;11.2
27/09/17;2.2;S;9.4
28/09/17;2.5;E;9.0
29/09/17;2.2;NE;11.7
30/09/17;2.1;NE;7.7
01/10/17;0.3;S;3.9
02/10/17;1.0;E;6.1
03/10/17;0.5;S;4.6
04/10/17;0.6;E;4.1
05/10/17;1.2;S;7.3
06/10/17;1.9;S;17.7
07/10/17;1.1;SE;4.5
08/10/17;0.4;E;3.1
09/10/17;0.6;E;4.1
10/10/17;0.5;E;3.9
11/10/17;0.5;SE;5.2
12/10/17;0.3;S;2.6
13/10/17;0.5;E;3.4
14/10/17;0.4;SE;2.7
15/10/17;0.4;SE;2.7
16/10/17;0.4;E;2.6
17/10/17;0.3;S;2.3
18/10/17;0.4;NE;3.8
19/10/17;0.4;O;3.0
20/10/17;0.5;S;2.7
21/10/17;0.5;S;4.3
22/10/17;1.5;E;9.7
23/10/17;0.7;N;5.3
24/10/17;0.7;S;6.5
25/10/17;1.4;E;8.3
26/10/17;0.4;S;2.3
27/10/17;0.5;E;4.8
28/10/17;1.0;N;6.7
29/10/17;0.8;SE;7.2
30/10/17;2.7;NE;13.0
31/10/17;2.1;NE;8.8
01/11/17;0.3;S;2.5
02/11/17;0.1;SE;2.5
03/11/17;0.2;SE;2.5
04/11/17;0.5;S;4.3
05/11/17;1.2;N;7.7
06/11/17;0.7;E;6.2
07/11/17;0.4;NE;4.8
08/11/17;0.6;S;3.3
09/11/17;0.5;SE;4.8
10/11/17;3.2;NE;11.8
11/11/17;0.4;SE;3.2
12/11/17;0.4;S;4.8
13/11/17;3.1;S;17.1
14/11/17;4.1;NE;14.7
15/11/17;4.4;N;15.5
16/11/17;4.7;NE;13.5
17/11/17;3.9;NE;13.6
18/11/17;2.6;N;9.7
19/11/17;0.4;SE;2.7
20/11/17;0.4;SE;3.0
21/11/17;0.2;SE;1.9
22/11/17;0.2;E;4.0
23/11/17;0.4;S;2.6
24/11/17;0.2;NE;2.0
25/11/17;1.0;SE;7.9
26/11/17;1.7;S;13.5
27/11/17;1.8;N;6.9
28/11/17;0.2;SE;2.5
29/11/17;0.4;NO;2.9
30/11/17;0.8;E;6.3
01/12/17;0.8;SE;5.5
02/12/17;4.7;N;15.0
03/12/17;3.6;NE;11.8
04/12/17;1.2;SE;6.8
05/12/17;0.2;E;2.0
06/12/17;0.2;S;2.2
07/12/17;0.2;SO;2.4
08/12/17;1.9;SE;10.3
09/12/17;1.6;SO;11.4
10/12/17;0.5;E;6.2
11/12/17;3.8;S;13.3
12/12/17;1.5;S;11.0
13/12/17;1.1;SE;7.8
14/12/17;2.1;SO;8.6
15/12/17;1.0;S;7.7
16/12/17;1.6;NE;11.4
17/12/17;1.1;NE;6.2
18/12/17;0.4;S;2.5
19/12/17;0.8;S;5.0
20/12/17;1.7;SE;9.4
21/12/17;1.9;NE;7.5
22/12/17;0.4;SE;3.3
23/12/17;0.3;S;2.1
24/12/17;0.2;SE;1.7
25/12/17;0.2;E;1.9
26/12/17;0.6;NE;3.2
27/12/17;1.3;NE;7.9
28/12/17;1.0;SE;6.7
29/12/17;1.1;N;5.6
30/12/17;0.6;S;4.1
31/12/17;0.2;S;1.6
01/01/18;1.0;NE;6.7
02/01/18;1.1;S;8.4
03/01/18;0.8;S;14.0
04/01/18;0.3;E;2.5
05/01/18;0.7;NO;3.8
06/01/18;0.7;NE;3.1
07/01/18;0.5;S;2.3
08/01/18;0.7;E;3.5
09/01/18;0.6;E;4.2
10/01/18;0.4;NE;3.2
11/01/18;1.5;NO;9.2
12/01/18;3.7;NE;11.8
13/01/18;2.2;N;9.9
14/01/18;2.2;NE;10.1
15/01/18;0.4;SE;2.7
16/01/18;2.9;E;10.2
17/01/18;3.4;SO;15.2
18/01/18;0.9;E;6.0
19/01/18;0.6;S;6.0
20/01/18;0.8;NE;5.6
21/01/18;1.4;NE;7.8
22/01/18;0.3;NE;4.7
23/01/18;1.6;NO;8.7
24/01/18;0.3;E;4.0
25/01/18;0.3;SE;2.3
26/01/18;0.5;SE;3.7
27/01/18;0.4;E;2.1
28/01/18;0.4;SE;2.4
29/01/18;0.5;SE;3.6
30/01/18;0.6;E;3.8
31/01/18;0.6;NE;3.5
01/02/18;2.0;SE;8.9
02/02/18;2.6;NE;14.2
03/02/18;3.1;NE;16.8
04/02/18;0.6;E;2.8
05/02/18;1.5;SE;7.9
06/02/18;3.7;NE;13.5
07/02/18;2.7;NE;14.4
08/02/18;1.0;E;5.8
09/02/18;0.6;S;3.7
10/02/18;2.2;E;10.6
11/02/18;1.4;N;6.4
12/02/18;2.2;NE;10.4
13/02/18;3.4;SE;11.7
14/02/18;2.3;S;9.7
15/02/18;0.6;NE;3.0
16/02/18;0.2;SE;2.5
17/02/18;0.3;NE;2.0
18/02/18;4.6;S;15.6
19/02/18;6.5;N;16.6
20/02/18;4.5;NE;14.2
21/02/18;5.1;NE;16.7
22/02/18;5.4;N;15.6
23/02/18;6.5;NE;19.5
24/02/18;6.7;NE;17.3
25/02/18;6.2;NE;15.9
26/02/18;4.4;NE;14.8
27/02/18;4.1;N;12.6
28/02/18;2.4;NE;9.3
01/03/18;5.0;N;10.2
02/03/18;1.1;NO;4.5
03/03/18;1.5;S;8.7
04/03/18;0.7;E;3.8
05/03/18;3.4;NE;11.1
06/03/18;0.9;SE;5.9
07/03/18;1.5;SE;9.4
08/03/18;1.1;E;7.8
09/03/18;0.7;E;4.0
10/03/18;0.4;SE;2.4
11/03/18;1.2;S;8.6
12/03/18;1.4;S;7.3
13/03/18;1.6;SO;6.9
14/03/18;0.9;SE;5.9
15/03/18;1.0;SE;5.1
16/03/18;1.0;NO;5.6
17/03/18;1.1;S;10.4
18/03/18;1.1;E;5.7
19/03/18;2.4;N;10.9
20/03/18;3.8;NE;15.5
21/03/18;6.1;NE;15.9
22/03/18;5.2;NE;15.4
23/03/18;2.5;N;12.2
24/03/18;1.8;E;8.4
25/03/18;3.5;NE;14.6
26/03/18;2.9;NE;9.4
27/03/18;1.0;E;5.7
28/03/18;0.8;E;5.5
29/03/18;1.2;E;6.1
30/03/18;2.2;NE;9.7
31/03/18;1.7;S;11.1
01/04/18;1.3;N;8.3
02/04/18;1.1;SE;5.3
03/04/18;1.0;E;6.3
04/04/18;1.0;NE;7.2
05/04/18;1.2;E;7.1
06/04/18;0.9;E;4.7
07/04/18;1.1;SE;5.3
08/04/18;1.6;SE;10.4
09/04/18;2.4;NE;16.3
10/04/18;1.2;S;8.1
11/04/18;0.6;NE;2.9
12/04/18;0.6;S;4.0
13/04/18;0.7;SE;4.2
14/04/18;3.8;E;12.9
15/04/18;5.0;NE;16.0
16/04/18;1.1;NE;7.2
17/04/18;1.9;E;10.3
18/04/18;3.1;N;12.7
19/04/18;3.3;NE;11.4
20/04/18;3.3;E;11.6
21/04/18;2.2;E;10.4
22/04/18;1.1;S;5.4
23/04/18;1.1;SE;6.7
24/04/18;0.8;SE;4.4
25/04/18;1.0;E;5.0
26/04/18;1.1;SE;4.9
27/04/18;1.6;E;8.6
28/04/18;1.0;SE;5.2
29/04/18;1.1;NE;8.3
30/04/18;2.1;S;9.8
01/05/18;0.5;E;2.8
02/05/18;4.1;E;12.6
03/05/18;4.0;N;13.8
04/05/18;3.7;N;12.1
05/05/18;2.7;S;10.4
06/05/18;1.2;E;9.5
07/05/18;0.9;NE;5.8
08/05/18;0.9;SE;7.3
09/05/18;0.8;SE;6.5
10/05/18;0.8;NE;5.5
11/05/18;1.1;NE;6.3
12/05/18;1.0;SO;5.0
13/05/18;1.1;NE;7.3
14/05/18;1.3;SO;7.9
15/05/18;1.0;E;6.5
16/05/18;0.9;SE;4.1
17/05/18;1.0;E;6.2
18/05/18;1.5;SE;6.5
19/05/18;1.6;SE;7.8
20/05/18;1.7;SE;8.8
21/05/18;2.0;SE;10.2
22/05/18;0.7;NE;3.1
23/05/18;0.9;E;7.5
24/05/18;1.0;E;6.0
25/05/18;0.9;E;5.6
26/05/18;1.2;NE;5.9
27/05/18;0.9;SE;5.5
28/05/18;1.0;NE;5.3
29/05/18;0.9;E;4.4
30/05/18;0.7;SE;4.7
31/05/18;1.2;SE;6.7
01/06/18;1.2;S;6.1
02/06/18;1.2;E;5.2
03/06/18;0.9;SE;8.0
04/06/18;1.1;SE;10.3
05/06/18;1.3;S;6.2
06/06/18;1.1;NE;7.1
07/06/18;1.0;E;5.5
08/06/18;1.5;SE;7.4
09/06/18;1.6;E;7.6
10/06/18;1.0;SE;5.0
11/06/18;0.8;SE;5.5
12/06/18;1.6;E;9.1
13/06/18;1.1;SO;4.8
14/06/18;3.0;SE;11.9
15/06/18;2.5;NE;9.9
16/06/18;1.8;E;8.9
17/06/18;1.2;S;6.1
18/06/18;2.1;E;9.5
19/06/18;2.5;NE;10.1
20/06/18;2.6;NE;9.2
21/06/18;1.3;O;7.9
22/06/18;1.9;SE;10.6
23/06/18;4.3;N;12.4
24/06/18;1.0;SE;5.0
25/06/18;2.8;E;13.1
26/06/18;2.9;NE;12.9
27/06/18;1.8;S;8.5
28/06/18;1.0;N;5.6
29/06/18;1.3;NE;5.9
30/06/18;1.2;E;5.3
01/07/18;1.2;E;7.3
02/07/18;1.2;E;5.8
03/07/18;1.3;NE;7.1
04/07/18;1.3;O;6.7
05/07/18;1.3;E;6.5
06/07/18;1.3;SO;9.1
07/07/18;0.8;E;3.3
08/07/18;1.0;SE;5.5
09/07/18;1.1;NE;6.5
10/07/18;1.1;E;6.5
11/07/18;1.4;NE;6.7
12/07/18;1.2;E;6.6
13/07/18;1.1;E;6.5
14/07/18;1.0;SE;5.1
15/07/18;1.2;E;9.9
16/07/18;1.4;SE;11.6
17/07/18;1.4;SE;5.9
18/07/18;1.2;E;6.6
19/07/18;1.2;SE;7.0
20/07/18;1.2;S;6.9
21/07/18;1.5;SE;7.5
22/07/18;1.7;SO;8.6
23/07/18;1.9;S;9.2
24/07/18;1.4;NE;7.1
25/07/18;1.1;E;7.0
26/07/18;0.9;NE;6.3
27/07/18;1.2;SE;6.2
28/07/18;1.3;E;6.2
29/07/18;1.1;NE;5.1
30/07/18;1.4;NE;6.6
31/07/18;1.3;O;7.6
01/08/18;0.9;E;4.6
02/08/18;1.1;E;10.0
03/08/18;2.9;N;10.5
04/08/18;2.6;N;11.7
05/08/18;1.8;SE;9.2
06/08/18;1.1;S;6.1
07/08/18;1.3;NE;15.0
08/08/18;1.0;NE;10.6
09/08/18;1.0;SE;5.9
10/08/18;1.2;E;7.2
11/08/18;1.2;E;6.6
12/08/18;0.9;E;5.9
13/08/18;0.9;E;9.6
14/08/18;1.1;E;5.6
15/08/18;3.0;N;12.8
16/08/18;2.3;NE;9.4
17/08/18;0.9;E;4.6
18/08/18;1.4;NE;8.6
19/08/18;2.1;S;11.4
20/08/18;2.1;SO;11.3
21/08/18;2.0;S;9.3
22/08/18;1.3;SE;16.9
23/08/18;0.9;SE;6.3
24/08/18;1.0;S;7.5
25/08/18;1.0;E;6.0
26/08/18;3.1;E;12.6
27/08/18;2.2;E;9.0
28/08/18;2.4;SE;10.0
29/08/18;0.9;SE;4.9
30/08/18;0.9;E;5.3
31/08/18;0.9;E;9.2
01/09/18;0.9;E;5.4
02/09/18;1.5;NE;8.1
03/09/18;0.9;SE;5.6
04/09/18;1.0;E;6.8
05/09/18;0.9;E;4.4
06/09/18;1.0;E;6.8
07/09/18;1.1;E;5.7
08/09/18;1.3;NE;8.6
09/09/18;0.8;SE;5.0
10/09/18;0.8;E;4.4
11/09/18;0.8;E;4.8
12/09/18;0.9;SE;4.5
13/09/18;0.6;S;3.0
14/09/18;0.9;NE;6.1
15/09/18;0.9;E;4.5
16/09/18;0.9;E;5.5
17/09/18;0.9;E;6.0
18/09/18;1.0;SE;7.1
19/09/18;1.6;E;7.9
20/09/18;2.6;E;9.9
21/09/18;0.9;S;5.3
22/09/18;0.8;SE;4.2
23/09/18;1.4;E;6.6
24/09/18;3.1;S;19.5
25/09/18;4.9;NE;15.0
26/09/18;4.4;NE;15.0
27/09/18;1.9;SE;10.1
28/09/18;1.0;SO;5.2
29/09/18;3.7;SE;11.7
30/09/18;1.3;NE;5.2
01/10/18;2.1;SE;13.8
02/10/18;3.8;NE;14.7
03/10/18;2.5;SE;12.0
04/10/18;5.6;N;14.4
05/10/18;5.2;N;14.9
06/10/18;2.0;N;9.2
07/10/18;0.6;SE;3.7
08/10/18;1.8;E;9.0
09/10/18;2.5;SE;8.9
10/10/18;1.2;E;4.7
11/10/18;0.5;S;3.2
12/10/18;2.9;SO;11.7
13/10/18;2.5;E;10.4
14/10/18;1.1;SE;6.7
15/10/18;2.3;S;10.5
16/10/18;3.3;NE;10.3
17/10/18;3.7;N;11.1
18/10/18;3.9;NE;13.8
19/10/18;2.8;E;9.3
20/10/18;2.0;S;10.7
21/10/18;2.3;S;15.9
22/10/18;3.8;NE;15.5
23/10/18;2.6;N;10.7
24/10/18;0.6;SE;3.7
25/10/18;0.5;SO;4.0
26/10/18;0.7;E;5.5
27/10/18;3.1;E;11.8
28/10/18;1.6;S;9.1
29/10/18;2.9;E;19.0
30/10/18;1.7;S;10.8
31/10/18;0.8;S;4.5
01/11/18;0.8;SE;6.8
02/11/18;1.2;S;5.4
03/11/18;3.1;N;14.0
04/11/18;2.5;N;12.3
05/11/18;0.8;NE;4.0
06/11/18;0.8;NE;3.5
07/11/18;1.0;SE;5.4
08/11/18;0.5;SE;2.8
09/11/18;0.6;E;3.3
10/11/18;0.5;NE;2.3
11/11/18;0.4;SE;2.4
12/11/18;0.3;S;1.9
13/11/18;0.4;N;2.5
14/11/18;1.4;S;8.6
15/11/18;3.4;SE;12.6
16/11/18;3.4;N;12.7
17/11/18;3.1;N;10.8
18/11/18;4.1;NE;14.1
19/11/18;4.3;NE;14.3
20/11/18;5.6;NE;16.8
21/11/18;0.6;NE;3.5
22/11/18;0.4;NE;2.8
23/11/18;0.9;NE;5.6
24/11/18;0.8;E;4.6
25/11/18;0.9;S;6.9
26/11/18;0.6;NO;5.7
27/11/18;1.5;SO;8.6
28/11/18;1.6;N;10.3
29/11/18;2.0;N;11.2
30/11/18;0.3;SE;2.2
01/12/18;1.7;N;6.5
02/12/18;0.2;S;1.7
03/12/18;0.4;NO;3.5
04/12/18;0.5;S;2.5
05/12/18;0.5;NE;2.5
06/12/18;1.6;S;10.3
07/12/18;0.5;NO;4.4
08/12/18;1.2;S;14.4
09/12/18;1.0;E;7.8
10/12/18;0.9;S;4.2
11/12/18;1.0;SE;7.2
12/12/18;0.5;E;5.9
13/12/18;3.2;S;13.1
14/12/18;6.0;NE;14.9
15/12/18;2.8;N;11.8
16/12/18;0.6;SE;4.2
17/12/18;3.5;E;13.2
18/12/18;1.0;NE;7.7
19/12/18;0.2;S;3.8
20/12/18;0.6;O;4.7
21/12/18;1.0;NE;5.0
22/12/18;0.7;SO;5.0
23/12/18;0.4;E;2.6
24/12/18;1.0;E;6.7
25/12/18;1.3;NE;6.4
26/12/18;0.5;S;2.8
27/12/18;0.2;SE;1.9
28/12/18;0.3;S;2.4
29/12/18;0.4;SE;2.6
30/12/18;0.6;NO;3.3
31/12/18;0.6;S;3.6
01/01/19;0.7;SO;3.4
02/01/19;2.0;E;14.3
03/01/19;1.2;NE;5.2
04/01/19;0.6;E;2.4
05/01/19;0.4;E;1.8
06/01/19;0.5;S;2.3
07/01/19;0.4;NE;2.5
08/01/19;0.3;NE;2.5
09/01/19;0.8;E;5.2
10/01/19;2.3;SE;10.4
11/01/19;1.3;S;8.3
12/01/19;0.4;S;2.0
13/01/19;0.4;SE;2.1
14/01/19;2.0;E;11.1
15/01/19;1.1;N;8.8
16/01/19;0.7;S;5.2
17/01/19;1.1;S;4.9
18/01/19;1.6;E;9.7
19/01/19;3.4;SE;10.7
20/01/19;2.0;NE;8.2
21/01/19;5.0;N;13.0
22/01/19;3.1;NE;13.0
23/01/19;1.4;SE;7.8
24/01/19;4.5;NE;15.9
25/01/19;3.5;N;13.8
26/01/19;1.3;N;10.2
27/01/19;0.6;N;4.4
28/01/19;1.7;S;8.9
29/01/19;2.2;E;9.3
30/01/19;0.8;SE;4.6
31/01/19;0.6;SE;3.3
01/02/19;1.6;O;10.6
02/02/19;1.4;S;8.1
03/02/19;1.5;S;7.3
04/02/19;4.3;NE;13.8
05/02/19;4.2;N;12.0
06/02/19;4.2;E;14.6
07/02/19;1.1;NE;9.1
08/02/19;1.6;S;7.6
09/02/19;0.4;SE;2.2
10/02/19;1.5;NE;8.4
11/02/19;1.8;S;10.1
12/02/19;0.8;N;3.9
13/02/19;1.5;S;6.9
14/02/19;0.7;SO;2.9
15/02/19;1.8;E;8.5
16/02/19;2.0;N;8.0
17/02/19;0.7;E;2.8
18/02/19;0.7;SE;3.6
19/02/19;0.7;SE;4.3
20/02/19;0.6;SE;4.3
21/02/19;0.6;E;4.5
22/02/19;0.7;E;3.7
23/02/19;3.7;SE;13.6
24/02/19;6.0;NE;15.8
25/02/19;3.7;N;13.4
26/02/19;2.8;NE;12.2
27/02/19;0.7;E;3.4
28/02/19;0.9;NE;6.0
01/03/19;0.6;NE;2.9
02/03/19;0.7;E;2.9
03/03/19;0.8;SE;5.2
04/03/19;2.1;S;9.1
05/03/19;1.7;SO;8.3
06/03/19;0.8;E;5.5
07/03/19;1.3;S;6.2
08/03/19;1.8;SO;8.2
09/03/19;1.1;E;8.7
10/03/19;0.5;SE;3.1
11/03/19;2.5;S;17.5
12/03/19;1.3;NE;8.0
13/03/19;0.7;SE;4.3
14/03/19;1.4;NE;8.5
15/03/19;1.2;S;8.0
16/03/19;1.2;S;7.4
17/03/19;1.3;E;6.8
18/03/19;2.3;S;11.6
19/03/19;4.8;N;15.8
20/03/19;4.9;NE;15.8
21/03/19;7.2;NE;18.2
22/03/19;5.7;NE;15.4
23/03/19;3.8;NE;11.8
24/03/19;1.1;SE;5.6
25/03/19;1.1;SE;7.3
26/03/19;6.5;NE;20.7
27/03/19;4.7;NE;15.2
28/03/19;3.9;N;14.4
29/03/19;3.4;NE;12.1
30/03/19;1.0;E;4.5
31/03/19;0.9;E;5.6
01/04/19;1.8;SE;10.4
02/04/19;0.9;SE;5.5
03/04/19;0.8;NE;4.8
04/04/19;2.0;NE;12.4
05/04/19;0.8;SE;4.8
06/04/19;0.7;E;3.9
07/04/19;0.8;E;3.5
08/04/19;1.1;E;6.2
09/04/19;1.0;E;6.0
10/04/19;1.0;SE;7.2
11/04/19;0.7;E;5.6
12/04/19;3.2;NE;12.5
13/04/19;4.0;N;11.7
14/04/19;1.7;SE;9.1
15/04/19;3.2;N;9.7
16/04/19;1.0;NE;6.4
17/04/19;0.9;SE;5.4
18/04/19;2.5;E;12.5
19/04/19;3.1;NE;9.3
20/04/19;2.5;E;11.3
21/04/19;2.7;NE;11.0
22/04/19;4.6;NE;14.9
23/04/19;1.3;S;9.1
24/04/19;1.1;S;6.3
25/04/19;0.7;SE;4.0
26/04/19;1.4;NE;9.0
27/04/19;1.6;SO;8.1
28/04/19;1.1;NE;14.3
29/04/19;2.1;NE;12.9
30/04/19;1.0;SE;5.7
01/05/19;1.1;NE;7.5
02/05/19;1.2;SE;7.5
03/05/19;1.1;S;6.4
04/05/19;0.9;E;7.9
05/05/19;2.1;SE;12.0
06/05/19;2.4;N;10.8
07/05/19;1.3;SE;7.8
08/05/19;1.1;SE;6.8
09/05/19;1.5;SE;7.9
10/05/19;1.1;S;5.5
11/05/19;0.9;SE;5.7
12/05/19;3.5;SE;13.0
13/05/19;5.4;N;18.5
14/05/19;3.2;NE;11.2
15/05/19;3.6;N;12.7
16/05/19;2.5;NE;9.4
17/05/19;1.0;E;5.9
18/05/19;1.2;E;6.8
19/05/19;1.0;N;6.6
20/05/19;1.0;SO;9.9
21/05/19;1.1;E;6.4
22/05/19;1.0;NE;6.6
23/05/19;1.0;SE;5.9
24/05/19;0.9;E;5.0
25/05/19;1.0;S;8.4
26/05/19;1.7;S;9.5
27/05/19;3.7;NE;11.6
28/05/19;0.7;E;4.3
29/05/19;2.5;NE;10.8
30/05/19;2.4;NE;8.9
31/05/19;2.4;NE;8.4
01/06/19;1.4;SE;7.6
02/06/19;1.0;E;5.4
03/06/19;1.2;NE;5.9
04/06/19;1.0;E;5.9
05/06/19;1.0;SE;5.7
06/06/19;1.3;SE;7.0
07/06/19;1.3;NE;7.7
08/06/19;1.0;SE;6.1
09/06/19;1.1;S;5.7
10/06/19;1.4;SO;8.6
11/06/19;1.3;NE;7.2
12/06/19;1.4;E;8.2
13/06/19;1.0;E;4.2
14/06/19;1.2;SE;5.2
15/06/19;1.3;S;5.7
16/06/19;1.3;SO;5.2
17/06/19;2.5;E;9.7
18/06/19;1.1;SE;7.2
19/06/19;1.3;NE;8.7
20/06/19;1.0;SE;5.0
21/06/19;1.1;E;6.1
22/06/19;1.8;SE;10.4
23/06/19;1.2;NE;5.4
24/06/19;1.9;S;9.3
25/06/19;2.6;S;9.7
26/06/19;2.2;NE;8.9
27/06/19;1.1;E;5.0
28/06/19;1.8;E;8.3
29/06/19;2.5;S;10.4
30/06/19;1.7;N;6.3
01/07/19;1.2;E;6.0
02/07/19;1.1;NE;6.2
03/07/19;1.9;NE;16.4
04/07/19;2.3;N;11.9
05/07/19;1.3;S;8.0
06/07/19;1.3;E;6.9
07/07/19;1.1;S;6.4
08/07/19;1.4;S;8.4
09/07/19;1.3;S;7.8
10/07/19;3.2;S;13.2
11/07/19;1.0;SE;4.5
12/07/19;1.1;E;6.6
13/07/19;2.0;E;9.7
14/07/19;1.7;E;7.6
15/07/19;2.0;NE;8.1
16/07/19;3.0;N;10.9
17/07/19;1.1;S;6.4
18/07/19;1.0;E;5.2
19/07/19;1.0;SE;7.3
20/07/19;1.1;SE;7.1
21/07/19;1.2;NE;6.1
22/07/19;1.5;SE;7.2
23/07/19;1.4;SE;7.0
24/07/19;1.0;N;4.6
25/07/19;1.2;E;6.4
26/07/19;1.2;SE;6.8
27/07/19;1.1;E;8.4
28/07/19;1.1;E;5.9
29/07/19;1.5;SE;8.2
30/07/19;1.2;E;5.7
31/07/19;1.3;NE;7.5
01/08/19;1.0;S;5.2
02/08/19;1.3;SE;7.6
03/08/19;1.6;NE;6.5
04/08/19;1.0;E;4.9
05/08/19;1.1;E;6.3
06/08/19;1.1;SE;5.9
07/08/19;1.5;NE;8.8
08/08/19;1.2;SO;7.1
09/08/19;1.3;NE;6.4
10/08/19;1.3;E;8.2
11/08/19;0.8;SE;4.9
12/08/19;0.9;SE;6.0
13/08/19;1.3;E;6.4
14/08/19;1.9;E;9.9
15/08/19;1.5;NE;7.4
16/08/19;2.1;E;9.5
17/08/19;1.0;S;5.9
18/08/19;1.1;E;5.7
19/08/19;1.0;NE;5.1
20/08/19;0.9;E;6.5
21/08/19;1.2;NE;6.8
22/08/19;2.9;E;12.6
23/08/19;3.4;NE;12.3
24/08/19;1.4;S;6.1
25/08/19;1.1;NE;5.3
26/08/19;1.0;SE;8.5
27/08/19;1.1;SE;5.4
28/08/19;1.2;SE;13.1
29/08/19;1.2;NE;7.1
30/08/19;0.8;SE;6.9
31/08/19;1.2;NE;10.1
01/09/19;1.0;NE;9.9
02/09/19;0.9;S;10.9
03/09/19;2.7;E;11.2
04/09/19;2.5;N;8.9
05/09/19;1.0;SE;4.8
06/09/19;3.6;SE;13.7
07/09/19;1.2;NE;8.0
08/09/19;1.5;E;10.0
09/09/19;1.4;SE;5.5
10/09/19;2.0;SE;9.4
11/09/19;3.0;NE;9.0
12/09/19;2.1;S;10.4
13/09/19;2.7;E;10.0
14/09/19;3.1;NE;10.9
15/09/19;1.1;SE;4.1
16/09/19;1.0;E;4.4
17/09/19;0.9;SE;5.6
18/09/19;0.9;SE;3.8
19/09/19;3.5;SE;13.7
20/09/19;4.4;N;10.9
21/09/19;1.6;NE;7.0
22/09/19;1.2;SE;6.5
23/09/19;0.7;NE;5.9
24/09/19;0.9;E;6.7
25/09/19;0.9;E;7.7
26/09/19;0.8;E;4.8
27/09/19;0.7;SE;4.2
28/09/19;0.9;E;5.5
29/09/19;1.1;E;7.2
30/09/19;0.9;SE;5.4
01/10/19;0.7;SE;3.7
02/10/19;1.2;SE;7.6
03/10/19;2.6;E;13.4
04/10/19;0.9;NE;4.4
05/10/19;0.8;SE;3.6
06/10/19;0.8;E;3.5
07/10/19;3.4;E;11.7
08/10/19;0.9;N;5.5
09/10/19;0.8;SE;6.0
10/10/19;0.9;S;5.1
11/10/19;0.7;SE;3.9
12/10/19;0.5;S;3.3
13/10/19;0.7;SE;3.1
14/10/19;0.5;NO;3.1
15/10/19;1.3;E;10.1
16/10/19;1.1;S;6.4
17/10/19;0.7;SE;3.7
18/10/19;0.5;S;2.7
19/10/19;0.7;NE;8.7
20/10/19;0.6;E;3.8
21/10/19;0.8;NE;4.8
22/10/19;0.9;S;6.9
23/10/19;0.8;SO;4.4
24/10/19;0.8;SE;6.5
25/10/19;2.8;NE;12.4
26/10/19;0.8;SE;3.7
27/10/19;0.5;SO;2.4
28/10/19;0.6;S;3.2
29/10/19;0.6;SE;3.1
30/10/19;0.5;NE;3.7
31/10/19;1.8;SE;9.7
01/11/19;3.1;NE;11.5
02/11/19;0.6;SE;3.5
03/11/19;1.6;E;11.1
04/11/19;1.5;S;8.8
05/11/19;1.5;S;9.5
06/11/19;1.0;S;5.1
07/11/19;0.6;NE;4.2
08/11/19;1.0;E;5.8
09/11/19;0.5;O;2.1
10/11/19;1.0;SE;6.5
11/11/19;1.2;NE;7.1
12/11/19;2.8;E;12.8
13/11/19;0.5;N;10.0
14/11/19;0.9;SE;5.6
15/11/19;1.3;E;9.1
16/11/19;2.0;NE;16.2
17/11/19;2.1;N;14.1
18/11/19;1.0;E;6.6
19/11/19;1.3;E;7.3
20/11/19;0.6;E;4.4
21/11/19;0.7;SE;3.1
22/11/19;0.6;NE;3.7
23/11/19;1.8;E;10.0
24/11/19;2.0;SE;9.9
25/11/19;2.9;NE;11.3
26/11/19;0.5;S;2.2
27/11/19;1.1;E;9.2
28/11/19;1.9;SE;9.3
29/11/19;1.1;S;7.5
30/11/19;0.5;SE;2.6
01/12/19;0.7;SE;4.1
02/12/19;2.1;SE;15.2
03/12/19;5.6;N;16.6
04/12/19;5.6;NE;16.1
05/12/19;1.9;NE;12.2
06/12/19;0.4;S;2.4
07/12/19;0.6;NE;3.3
08/12/19;0.5;NE;3.5
09/12/19;1.3;S;6.6
10/12/19;2.6;E;11.0
11/12/19;1.8;N;9.4
12/12/19;1.6;SE;9.2
13/12/19;1.1;SE;10.4
14/12/19;0.6;SE;3.2
15/12/19;0.6;SE;3.2
16/12/19;0.4;NE;2.1
17/12/19;1.0;E;5.1
18/12/19;0.5;E;3.2
19/12/19;0.6;N;3.0
20/12/19;1.5;E;10.0
21/12/19;2.0;S;10.5
22/12/19;1.6;E;10.5
23/12/19;0.8;S;3.6
24/12/19;0.7;S;3.2
25/12/19;0.5;E;2.4
26/12/19;0.5;NE;2.2
27/12/19;0.6;NE;6.5
28/12/19;1.7;N;7.7
29/12/19;1.6;NE;8.8
30/12/19;4.0;N;12.8
31/12/19;0.6;SE;4.2
01/01/20;0.4;S;2.3
02/01/20;0.4;E;2.0
03/01/20;0.3;NE;2.2
04/01/20;0.3;SE;2.3
05/01/20;0.5;E;2.7
06/01/20;0.5;N;2.8
07/01/20;0.7;SE;9.4
08/01/20;1.7;O;8.3
09/01/20;0.4;SE;2.3
10/01/20;0.4;E;2.3
11/01/20;2.3;NE;11.6
12/01/20;1.9;E;7.9
13/01/20;0.5;SE;3.0
14/01/20;0.3;SE;1.9
15/01/20;0.3;SE;1.9
16/01/20;0.5;E;2.3
17/01/20;0.4;NE;1.9
18/01/20;1.9;O;9.7
19/01/20;3.7;NE;12.3
20/01/20;5.8;NE;14.3
21/01/20;4.5;NE;13.6
22/01/20;0.4;E;1.8
23/01/20;0.5;SE;2.7
24/01/20;0.5;E;3.8
25/01/20;0.9;E;4.2
26/01/20;0.4;E;2.3
27/01/20;0.5;SO;4.1
28/01/20;1.7;S;13.0
29/01/20;1.8;SO;7.5
30/01/20;0.6;E;5.9
31/01/20;0.3;E;2.3
01/02/20;0.7;E;4.6
02/02/20;0.7;S;3.9
03/02/20;0.4;E;2.6
04/02/20;2.9;S;16.8
05/02/20;3.9;N;17.0
06/02/20;2.1;NE;10.4
07/02/20;0.7;SE;3.1
08/02/20;0.6;S;2.5
09/02/20;0.3;E;2.0
10/02/20;1.8;E;8.2
11/02/20;2.6;SO;9.4
12/02/20;1.0;S;5.5
13/02/20;1.2;S;7.7
14/02/20;1.2;S;6.5
15/02/20;0.7;S;3.7
16/02/20;0.7;SE;3.6
17/02/20;0.9;SE;4.2
18/02/20;0.9;S;3.6
19/02/20;0.9;SE;4.7
20/02/20;0.9;E;3.2
21/02/20;0.7;S;3.8
22/02/20;0.7;SE;3.3
23/02/20;1.3;SE;7.5
24/02/20;0.8;S;3.3
25/02/20;0.8;E;5.2
26/02/20;3.0;S;16.2
27/02/20;1.6;SE;11.1
28/02/20;1.5;SE;8.6
29/02/20;0.7;SO;3.9
01/03/20;2.2;NE;9.0
02/03/20;2.2;SO;12.1
03/03/20;1.3;SE;8.8
04/03/20;1.8;NE;10.2
05/03/20;0.8;SE;5.8
06/03/20;1.9;E;13.0
07/03/20;2.2;NE;10.4
08/03/20;2.2;NE;7.2
09/03/20;1.4;S;12.0
10/03/20;1.4;N;7.9
11/03/20;0.6;E;3.6
12/03/20;0.5;E;2.5
13/03/20;0.7;SO;3.1
14/03/20;2.4;SE;13.8
15/03/20;4.3;NE;12.7
16/03/20;1.6;NE;8.7
17/03/20;0.7;SE;3.5
18/03/20;2.2;SE;10.3
19/03/20;1.1;E;5.3
20/03/20;0.7;SE;5.0
21/03/20;0.8;E;5.3
22/03/20;4.6;E;16.1
23/03/20;4.4;NE;14.7
24/03/20;3.1;NE;12.5
25/03/20;4.1;E;14.2
26/03/20;6.1;NE;19.4
27/03/20;5.5;NE;15.5
28/03/20;2.8;NE;10.7
29/03/20;0.9;E;4.3
30/03/20;2.0;E;11.1
31/03/20;5.2;N;14.4
01/04/20;3.4;NE;11.1
02/04/20;1.2;NE;5.6
03/04/20;2.2;S;10.8
04/04/20;2.9;S;12.6
05/04/20;3.1;NO;11.8
06/04/20;4.1;NE;11.6
07/04/20;2.8;SE;10.3
08/04/20;2.9;NE;10.4
09/04/20;1.0;SE;4.5
10/04/20;0.9;SE;5.2
11/04/20;0.9;SE;5.3
12/04/20;1.0;E;5.4
13/04/20;1.2;S;12.4
14/04/20;2.0;NE;16.3
15/04/20;3.6;NE;10.8
16/04/20;0.9;SE;4.7
17/04/20;0.9;E;5.0
18/04/20;0.8;E;5.1
19/04/20;0.8;SE;4.4
20/04/20;2.5;NE;12.2
21/04/20;4.6;NE;14.0
22/04/20;3.7;NE;12.4
23/04/20;3.5;N;12.0
24/04/20;1.1;SE;6.5
25/04/20;1.4;SE;8.1
26/04/20;1.0;SE;5.6
27/04/20;1.1;E;7.5
28/04/20;0.9;SO;5.8
29/04/20;2.2;SE;9.3
30/04/20;1.1;S;5.5
01/05/20;1.6;E;8.2
02/05/20;1.5;SO;6.2
03/05/20;2.2;NE;10.9
04/05/20;1.1;E;5.3
05/05/20;1.0;E;6.4
06/05/20;3.2;NE;13.1
07/05/20;2.0;N;9.0
08/05/20;1.0;SE;6.7
09/05/20;1.0;E;6.2
10/05/20;1.0;NE;5.6
11/05/20;1.1;E;8.2
12/05/20;1.5;S;6.2
13/05/20;1.4;E;8.4
14/05/20;1.8;O;10.9
15/05/20;1.6;S;7.2
16/05/20;2.2;NE;12.7
17/05/20;4.4;N;17.0
18/05/20;3.9;S;13.8
19/05/20;2.8;N;10.7
20/05/20;2.7;S;10.3
21/05/20;3.1;N;9.7
22/05/20;1.2;S;5.8
23/05/20;1.3;E;8.8
24/05/20;2.2;E;8.6
25/05/20;1.3;SE;6.2
26/05/20;1.8;SO;8.0
27/05/20;2.4;NE;10.4
28/05/20;1.0;S;6.7
29/05/20;2.9;SE;13.9
30/05/20;2.3;N;9.0
31/05/20;0.9;SE;4.6
01/06/20;1.8;E;8.0
02/06/20;1.1;S;7.1
03/06/20;1.5;E;9.2
04/06/20;2.1;E;11.1
05/06/20;1.8;S;9.0
06/06/20;1.6;E;7.6
07/06/20;1.4;S;8.1
08/06/20;1.2;E;7.6
09/06/20;1.0;E;10.3
10/06/20;1.0;E;7.9
11/06/20;1.1;NE;7.7
12/06/20;0.9;S;4.7
13/06/20;1.1;E;9.6
14/06/20;1.1;S;6.3
15/06/20;1.0;SE;6.6
16/06/20;0.8;NE;7.9
17/06/20;1.5;NE;6.4
18/06/20;1.5;SO;8.0
19/06/20;1.3;E;7.6
20/06/20;1.2;SE;6.5
21/06/20;1.2;E;8.7
22/06/20;1.3;S;7.4
23/06/20;0.9;SE;5.8
24/06/20;0.9;E;5.2
25/06/20;0.9;NE;4.5
26/06/20;1.0;SE;6.6
27/06/20;1.2;E;6.8
28/06/20;1.1;NE;5.8
29/06/20;1.4;E;7.4
30/06/20;1.3;NE;6.5
01/07/20;1.1;E;5.2
02/07/20;1.2;E;5.9
03/07/20;1.5;SO;11.8
04/07/20;3.8;N;11.7
05/07/20;1.8;NE;9.2
06/07/20;1.2;SE;7.3
07/07/20;5.0;NE;19.1
08/07/20;1.6;NE;7.5
09/07/20;1.2;SE;5.8
10/07/20;1.1;E;5.3
11/07/20;1.4;E;6.7
12/07/20;4.7;SE;13.1
13/07/20;3.7;N;11.5
14/07/20;2.7;NE;9.5
15/07/20;1.2;N;11.2
16/07/20;1.0;SE;4.8
17/07/20;1.2;E;12.4
18/07/20;2.2;E;10.2
19/07/20;1.2;SE;5.9
20/07/20;1.2;E;6.5
21/07/20;1.2;E;6.9
22/07/20;1.2;E;6.0
23/07/20;1.3;NE;5.8
24/07/20;1.5;SO;15.6
25/07/20;1.1;NE;5.8
26/07/20;1.2;SO;5.8
27/07/20;0.9;S;5.1
28/07/20;1.1;E;5.8
29/07/20;1.1;E;6.1
30/07/20;1.0;E;5.7
31/07/20;1.1;E;6.2
01/08/20;1.1;E;5.9
02/08/20;1.3;SE;5.4
03/08/20;1.6;NE;10.0
04/08/20;2.6;S;12.7
05/08/20;3.0;S;11.5
06/08/20;2.5;NE;11.6
07/08/20;2.9;SO;10.5
08/08/20;2.7;SE;12.6
09/08/20;1.9;SE;7.4
10/08/20;1.1;SE;6.3
11/08/20;0.9;NE;5.4
12/08/20;1.1;E;6.0
13/08/20;1.0;E;6.1
14/08/20;1.2;E;7.2
15/08/20;1.3;SO;7.4
16/08/20;1.1;NE;6.3
17/08/20;1.2;SE;7.2
18/08/20;1.1;E;6.4
19/08/20;1.2;E;5.7
20/08/20;0.9;E;4.5
21/08/20;1.0;E;5.6
22/08/20;1.1;SE;7.2
23/08/20;1.4;NE;9.7
24/08/20;2.8;N;9.9
25/08/20;1.3;E;6.1
26/08/20;1.3;E;7.0
27/08/20;1.2;NE;5.5
28/08/20;1.0;E;5.2
29/08/20;2.2;S;13.8
30/08/20;1.7;E;10.0
31/08/20;0.8;NE;5.2
01/09/20;0.9;NE;4.6
02/09/20;1.2;SE;9.0
03/09/20;1.3;E;6.2
04/09/20;1.0;SE;4.8
05/09/20;1.0;SE;4.8
06/09/20;1.0;E;5.1
07/09/20;2.0;E;10.6
08/09/20;4.8;N;13.2
09/09/20;1.0;NE;5.2
10/09/20;1.0;E;5.6
11/09/20;3.9;NE;11.1
12/09/20;3.7;NE;11.7
13/09/20;3.5;NE;12.5
14/09/20;3.4;NE;12.2
15/09/20;4.0;NE;11.0
16/09/20;1.3;E;5.8
17/09/20;1.8;S;10.6
18/09/20;2.7;NE;11.8
19/09/20;1.7;N;7.6
20/09/20;0.9;SO;8.8
21/09/20;1.0;E;6.4
22/09/20;0.7;NE;5.1
23/09/20;0.6;SE;3.4
24/09/20;0.7;SO;5.0
25/09/20;1.8;E;11.3
26/09/20;1.3;E;12.6
27/09/20;1.4;E;7.7
28/09/20;0.9;S;4.9
29/09/20;0.7;SE;3.9
30/09/20;0.7;SE;4.0
01/10/20;0.8;SE;4.7
02/10/20;1.8;NE;8.5
03/10/20;1.3;NE;8.0
04/10/20;1.9;SE;8.7
05/10/20;1.4;NE;8.5
06/10/20;1.2;E;10.7
07/10/20;1.4;NE;8.2
08/10/20;0.7;NE;3.2
09/10/20;0.6;SE;3.6
10/10/20;0.5;E;2.5
11/10/20;1.7;SE;10.9
12/10/20;3.0;NE;12.1
13/10/20;0.9;NE;4.4
14/10/20;0.8;SO;4.1
15/10/20;0.8;S;4.6
16/10/20;0.7;NE;3.8
17/10/20;0.6;E;2.5
18/10/20;0.7;SO;4.2
19/10/20;0.5;SE;2.6
20/10/20;0.5;S;2.5
21/10/20;0.6;NE;3.8
22/10/20;0.4;SE;3.4
23/10/20;0.5;S;4.8
24/10/20;0.8;NO;5.1
25/10/20;0.6;E;4.3
26/10/20;2.1;S;13.3
27/10/20;1.3;S;7.7
28/10/20;0.7;E;3.0
29/10/20;0.6;SE;4.3
30/10/20;0.6;S;2.8
31/10/20;0.5;S;2.9
01/11/20;0.4;E;1.8
02/11/20;0.5;E;2.8
03/11/20;0.5;E;2.2
04/11/20;0.9;NE;5.6
05/11/20;2.3;E;9.7
06/11/20;3.4;NE;10.5
07/11/20;0.7;NE;4.9
08/11/20;0.5;O;2.3
09/11/20;0.4;SE;2.3
10/11/20;0.4;S;2.0
11/11/20;0.3;SE;1.8
12/11/20;0.5;SE;3.5
13/11/20;0.6;E;2.3
14/11/20;0.5;NE;3.1
15/11/20;0.4;E;2.7
16/11/20;1.7;NE;12.6
17/11/20;3.0;N;11.8
18/11/20;2.5;S;10.3
19/11/20;0.5;S;2.8
20/11/20;4.1;N;16.5
21/11/20;4.3;NE;15.7
22/11/20;3.8;S;14.3
23/11/20;0.5;S;2.5
24/11/20;2.3;S;10.7
25/11/20;0.4;S;2.7
26/11/20;0.4;SE;2.0
27/11/20;0.5;S;3.0
28/11/20;2.7;S;13.7
29/11/20;5.2;N;14.7
30/11/20;3.3;N;11.8
01/12/20;1.9;NE;12.0
02/12/20;2.9;N;11.3
03/12/20;1.1;NE;7.9
04/12/20;1.4;SE;7.3
05/12/20;1.5;NE;9.3
06/12/20;0.9;E;4.8
07/12/20;1.3;E;7.9
08/12/20;1.7;NE;6.4
09/12/20;0.9;NE;4.6
10/12/20;0.9;E;5.3
11/12/20;0.7;NE;5.9
12/12/20;0.6;SE;5.3
13/12/20;1.0;N;6.7
14/12/20;0.5;S;2.3
15/12/20;0.5;SE;3.7
16/12/20;0.4;S;2.2
17/12/20;0.3;SO;1.8
18/12/20;0.3;S;1.8
19/12/20;0.4;NE;2.3
20/12/20;0.5;S;2.3
21/12/20;0.4;SE;2.9
22/12/20;0.6;SO;3.6
23/12/20;0.7;E;4.0
24/12/20;1.4;SE;6.8
25/12/20;1.6;SO;8.6
26/12/20;3.8;N;11.7
27/12/20;2.4;N;9.1
28/12/20;1.7;E;10.6
29/12/20;1.1;S;8.3
30/12/20;0.7;NE;3.9
31/12/20;0.8;E;3.4
01/01/21;1.3;E;6.7
02/01/21;1.7;E;8.3
03/01/21;1.4;NE;4.8
04/01/21;1.0;NE;3.8
05/01/21;1.1;E;4.5
06/01/21;0.8;E;5.1
07/01/21;0.7;SE;7.0
08/01/21;4.3;N;12.1
09/01/21;5.9;N;16.5
10/01/21;6.4;NE;17.4
11/01/21;4.2;NE;15.1
12/01/21;2.0;NE;13.9
13/01/21;0.4;S;2.5
14/01/21;1.0;S;8.9
15/01/21;3.7;E;13.5
16/01/21;1.8;NE;6.7
17/01/21;1.2;SE;10.1
18/01/21;1.2;N;8.7
19/01/21;0.5;S;3.2
20/01/21;0.6;O;2.5
21/01/21;1.2;NE;4.6
22/01/21;2.5;S;9.1
23/01/21;2.9;S;15.3
24/01/21;2.1;SO;12.7
25/01/21;1.4;S;9.5
26/01/21;0.7;O;3.6
27/01/21;0.5;E;2.5
28/01/21;0.3;NE;1.7
29/01/21;0.5;N;2.9
30/01/21;0.8;NE;4.4
31/01/21;2.2;SE;9.7
01/02/21;0.5;SE;2.5
02/02/21;0.7;SO;3.2
03/02/21;0.7;S;6.7
04/02/21;0.7;S;3.5
05/02/21;0.5;E;2.9
06/02/21;0.4;S;2.8
07/02/21;1.3;NE;5.6
08/02/21;1.9;SO;10.6
09/02/21;1.4;E;7.8
10/02/21;1.3;SO;9.4
11/02/21;1.2;NE;7.6
12/02/21;4.8;NE;12.1
13/02/21;7.1;NE;21.4
14/02/21;3.8;NE;15.8
15/02/21;0.7;E;3.2
16/02/21;0.5;E;2.8
17/02/21;0.6;SE;2.8
18/02/21;0.4;S;2.4
19/02/21;0.6;NE;3.2
20/02/21;0.7;NE;2.6
21/02/21;0.7;SE;3.3
22/02/21;0.7;S;5.0
23/02/21;0.4;E;2.3
24/02/21;0.6;S;4.0
25/02/21;0.6;S;3.1
26/02/21;0.6;SE;3.3
27/02/21;2.7;NE;14.4
28/02/21;5.3;N;13.7
01/03/21;3.4;NE;10.4
02/03/21;2.7;E;10.4
03/03/21;0.7;E;4.2
04/03/21;0.8;S;5.6
05/03/21;0.8;SE;4.6
06/03/21;5.2;NE;14.0
07/03/21;1.3;NE;8.6
08/03/21;1.9;NE;9.2
09/03/21;4.6;NE;11.5
10/03/21;2.3;NE;10.3
11/03/21;1.0;SE;6.5
12/03/21;1.1;NE;5.9
13/03/21;1.5;S;8.9
14/03/21;3.1;SO;14.2
15/03/21;1.0;S;6.9
16/03/21;1.8;S;13.2
17/03/21;1.0;E;5.8
18/03/21;2.3;SE;9.0
19/03/21;2.6;SE;9.4
20/03/21;4.0;NE;14.7
21/03/21;4.4;N;14.6
22/03/21;3.7;N;12.5
23/03/21;2.2;E;10.2
24/03/21;1.0;SE;5.6
25/03/21;1.0;E;5.4
26/03/21;0.6;SE;3.2
27/03/21;0.7;E;4.0
28/03/21;0.8;SE;4.2
29/03/21;0.8;E;4.3
30/03/21;1.2;SE;6.4
31/03/21;0.8;E;5.8
01/04/21;1.0;S;5.6
02/04/21;1.0;SE;5.6
03/04/21;2.4;E;13.0
04/04/21;3.3;NE;11.0
05/04/21;1.9;N;7.5
06/04/21;3.6;S;20.1
07/04/21;2.7;N;14.4
08/04/21;1.2;SE;8.9
09/04/21;1.0;E;7.0
10/04/21;0.9;E;6.4
11/04/21;1.9;NE;8.0
12/04/21;1.1;NE;6.6
13/04/21;3.3;E;12.7
14/04/21;1.4;NE;5.8
15/04/21;2.0;E;9.8
16/04/21;3.3;NE;10.5
17/04/21;3.7;NE;10.8
18/04/21;3.2;NE;11.0
19/04/21;2.1;NE;9.0
20/04/21;1.0;E;6.5
21/04/21;0.9;SE;7.6
22/04/21;1.6;NE;9.8
23/04/21;2.9;SE;10.1
24/04/21;1.9;NE;9.0
25/04/21;1.1;S;7.1
26/04/21;1.8;SE;13.7
27/04/21;3.3;NE;9.1
28/04/21;0.8;E;3.6
29/04/21;1.0;S;5.2
30/04/21;0.7;E;3.9
01/05/21;0.9;N;7.2
02/05/21;2.6;S;11.7
03/05/21;1.1;NE;6.1
04/05/21;1.3;E;6.0
05/05/21;1.5;S;8.7
06/05/21;1.8;SE;9.3
07/05/21;1.7;S;9.9
08/05/21;0.9;NE;4.9
09/05/21;0.9;E;6.4
10/05/21;1.3;S;7.1
11/05/21;0.9;NE;6.6
12/05/21;1.8;SE;11.5
13/05/21;1.3;NE;9.7
14/05/21;1.4;S;5.7
15/05/21;1.4;E;9.4
16/05/21;1.0;SO;4.9
