Date;Concentration
29/10/09;0
30/10/09;0.32
31/10/09;0.64
11/01/09;0.32
11/01/09;0.32
11/02/09;0
11/03/09;0
11/04/09;0
11/05/09;0
11/06/09;0
11/07/09;0
11/08/09;0
11/09/09;0
16/11/09;0
17/11/09;0
18/11/09;0
19/11/09;0
20/11/09;0
21/11/09;0
22/11/09;0
23/11/09;0
24/11/09;0
25/11/09;0
26/11/09;0
27/11/09;0
28/11/09;0
29/11/09;0
30/11/09;0
12/01/09;0
12/01/09;0
12/02/09;0
12/03/09;0
12/04/09;0
12/05/09;0
12/06/09;0
12/07/09;0
12/08/09;0
12/09/09;0
12/10/09;0
12/11/09;0
12/12/09;0
13/12/09;0
14/12/09;0
15/12/09;0
16/12/09;0
17/12/09;0
18/12/09;0
19/12/09;0
20/12/09;0.32
21/12/09;0
22/12/09;0
23/12/09;0.64
24/12/09;0.32
25/12/09;0
26/12/09;0
27/12/09;0
28/12/09;0
29/12/09;0
30/12/09;0
31/12/09;0
01/01/10;0
01/01/10;0
01/02/10;0
01/03/10;0.32
01/04/10;0
01/05/10;0
01/06/10;0
01/07/10;0
01/08/10;0
01/09/10;0
01/10/10;0
01/11/10;0
01/12/10;0
13/01/10;0
14/01/10;0
15/01/10;0
16/01/10;0
17/01/10;0
18/01/10;0
19/01/10;0.32
20/01/10;0
21/01/10;0
22/01/10;0.32
23/01/10;0
24/01/10;0
25/01/10;0
26/01/10;0
27/01/10;0
28/01/10;0
29/01/10;0
30/01/10;0
31/01/10;0
02/01/10;0
02/01/10;0
02/02/10;0
02/03/10;0
02/04/10;0
02/05/10;0
02/06/10;0
02/07/10;0
02/08/10;0
02/09/10;0.32
02/10/10;0
02/11/10;0
02/12/10;0
13/02/10;0
14/02/10;0
15/02/10;0
16/02/10;0
17/02/10;0
18/02/10;0
19/02/10;0
20/02/10;0.64
21/02/10;0
22/02/10;0
23/02/10;0.32
24/02/10;0.96
25/02/10;0
26/02/10;0
27/02/10;0.96
28/02/10;0.64
03/01/10;0
03/01/10;0
03/02/10;0.32
03/03/10;0
03/04/10;0
03/05/10;0
03/06/10;0
03/07/10;0.32
03/08/10;0.32
03/09/10;0
03/10/10;0
03/11/10;0
03/12/10;0
13/03/10;0
14/03/10;0.64
15/03/10;0
18/03/10;0.32
19/03/10;0.32
20/03/10;0.64
21/03/10;1.28
22/03/10;0.32
23/03/10;3.20
24/03/10;2.24
25/03/10;0.96
26/03/10;4.48
27/03/10;2.88
28/03/10;0.64
29/03/10;3.84
30/03/10;2.88
31/03/10;1.28
04/01/10;1.28
04/01/10;1.28
04/02/10;0.64
04/03/10;3.20
04/04/10;0.96
04/05/10;1.60
04/06/10;3.20
04/07/10;4.48
04/08/10;1.92
04/09/10;3.20
04/10/10;8.01
04/11/10;1.28
04/12/10;1.28
13/04/10;1.60
14/04/10;3.52
15/04/10;2.88
16/04/10;0.64
17/04/10;0.32
18/04/10;2.56
19/04/10;7.69
20/04/10;5.13
21/04/10;1.28
22/04/10;7.37
23/04/10;1.28
24/04/10;2.56
25/04/10;12.17
26/04/10;15.06
27/04/10;23.06
28/04/10;19.54
29/04/10;40.68
30/04/10;26.59
05/01/10;27.87
05/01/10;27.87
05/02/10;18.26
05/03/10;4.48
05/04/10;10.89
18/05/10;40.04
19/05/10;27.87
20/05/10;16.02
21/05/10;25.31
22/05/10;20.82
23/05/10;30.75
24/05/10;49.01
25/05/10;50.61
26/05/10;52.54
27/05/10;63.43
28/05/10;43.25
29/05/10;69.51
30/05/10;48.05
31/05/10;52.54
06/01/10;56.70
06/01/10;56.70
06/02/10;11.21
06/03/10;12.49
06/04/10;66.95
06/05/10;78.16
06/06/10;37.48
06/07/10;34.92
06/08/10;42.60
06/09/10;77.84
06/10/10;90.98
06/11/10;108.91
06/12/10;51.89
13/06/10;38.12
14/06/10;21.46
15/06/10;25.31
19/06/10;8.65
22/06/10;20.50
23/06/10;16.66
24/06/10;26.27
25/06/10;21.46
26/06/10;14.74
27/06/10;25.31
28/06/10;27.55
29/06/10;23.38
30/06/10;16.66
07/01/10;24.99
07/01/10;24.99
07/02/10;20.50
07/03/10;19.54
07/04/10;13.77
07/05/10;12.81
07/06/10;20.18
07/07/10;14.74
07/08/10;21.14
07/09/10;11.85
07/10/10;14.42
07/11/10;16.98
07/12/10;9.93
13/07/10;3.84
14/07/10;10.89
15/07/10;8.33
16/07/10;6.09
17/07/10;10.57
18/07/10;15.06
19/07/10;8.97
20/07/10;6.09
21/07/10;9.61
22/07/10;4.81
23/07/10;4.81
24/07/10;4.16
25/07/10;5.77
26/07/10;4.81
27/07/10;4.16
28/07/10;4.16
29/07/10;1.92
30/07/10;1.60
31/07/10;3.84
08/01/10;0
08/01/10;0
08/02/10;6.41
08/03/10;0.32
08/04/10;3.52
08/05/10;6.41
08/06/10;0.64
08/07/10;3.20
08/08/10;1.28
21/02/11;0
22/02/11;0
23/02/11;0
24/02/11;0
25/02/11;0
26/02/11;0.32
27/02/11;0
28/02/11;0
03/01/11;0
03/01/11;0
03/02/11;0
03/03/11;0
03/04/11;0
03/05/11;0.64
03/06/11;0
03/07/11;0
03/08/11;0
03/09/11;0
03/10/11;0
03/11/11;0.32
03/12/11;0.64
13/03/11;0.32
14/03/11;0
15/03/11;0.32
16/03/11;0
17/03/11;0
18/03/11;0.96
19/03/11;0
20/03/11;0.32
21/03/11;0.64
22/03/11;0.32
23/03/11;0.64
24/03/11;1.92
25/03/11;1.28
26/03/11;1.28
27/03/11;1.28
28/03/11;0
29/03/11;0.32
30/03/11;5.77
31/03/11;2.56
04/01/11;3.84
04/01/11;3.84
04/02/11;8.65
04/03/11;4.81
04/04/11;1.28
04/05/11;1.92
04/06/11;0
04/07/11;6.41
04/08/11;5.13
04/09/11;13.77
04/10/11;5.45
04/11/11;9.29
04/12/11;15.38
13/04/11;19.22
14/04/11;10.89
15/04/11;3.84
16/04/11;11.53
17/04/11;32.67
18/04/11;55.74
19/04/11;41.96
20/04/11;51.25
21/04/11;46.45
22/04/11;51.89
23/04/11;76.24
24/04/11;6.09
25/04/11;76.88
26/04/11;100.91
27/04/11;88.41
28/04/11;155.36
29/04/11;52.54
30/04/11;68.87
05/01/11;139.99
05/01/11;139.99
05/10/11;77.20
05/11/11;175.86
05/12/11;92.90
13/05/11;55.10
14/05/11;99.30
15/05/11;42.93
16/05/11;24.35
17/05/11;52.86
18/05/11;63.11
19/05/11;81.05
20/05/11;73.36
21/05/11;73.04
22/05/11;76.88
23/05/11;73.04
24/05/11;94.18
25/05/11;81.37
26/05/11;94.18
27/05/11;85.85
28/05/11;71.11
29/05/11;48.05
30/05/11;56.06
31/05/11;104.75
06/01/11;16.02
06/01/11;16.02
06/02/11;20.18
06/03/11;43.89
06/04/11;29.15
06/07/11;4.81
14/06/11;24.99
15/06/11;20.50
16/06/11;20.18
17/06/11;24.99
18/06/11;19.86
19/06/11;11.53
20/06/11;10.89
21/06/11;16.02
22/06/11;20.50
23/06/11;20.82
24/06/11;17.94
25/06/11;26.27
26/06/11;11.85
27/06/11;34.60
28/06/11;26.59
29/06/11;32.67
30/06/11;30.75
07/01/11;11.53
07/01/11;11.53
07/02/11;11.53
07/03/11;11.53
07/04/11;7.05
07/05/11;10.25
07/06/11;6.41
07/07/11;14.42
07/08/11;6.09
07/09/11;9.29
07/10/11;5.45
07/11/11;6.09
07/12/11;5.45
13/07/11;6.09
14/07/11;6.73
15/07/11;3.20
16/07/11;4.16
17/07/11;4.16
18/07/11;4.81
19/07/11;1.92
20/07/11;4.16
21/07/11;3.84
22/07/11;4.16
23/07/11;3.20
24/07/11;0.64
25/07/11;3.52
26/07/11;2.88
27/07/11;0.96
28/07/11;3.20
29/07/11;4.48
30/07/11;4.48
31/07/11;3.52
08/01/11;5.77
08/01/11;5.77
08/02/11;5.13
08/03/11;6.73
08/04/11;4.16
08/08/11;4.16
08/09/11;5.45
08/10/11;5.13
08/11/11;4.16
15/08/11;1.92
16/08/11;3.84
17/08/11;2.88
18/08/11;4.16
23/08/11;4.81
24/08/11;6.09
25/08/11;5.13
26/08/11;1.60
27/08/11;4.48
28/08/11;3.52
29/08/11;2.56
30/08/11;1.28
31/08/11;0.64
09/02/11;0.64
09/03/11;1.92
09/04/11;0.32
09/05/11;0.96
09/06/11;2.56
09/07/11;1.28
09/08/11;2.24
09/09/11;2.56
09/10/11;3.84
09/11/11;1.92
19/09/11;0
20/09/11;5.13
21/09/11;0.64
22/09/11;0.64
23/09/11;0.32
24/09/11;0.32
25/09/11;0.96
26/09/11;0.64
27/09/11;1.28
28/09/11;0.96
29/09/11;0.32
30/09/11;0.64
10/01/11;0.96
10/01/11;0.96
10/02/11;0
10/03/11;0.32
10/04/11;1.28
10/05/11;0.32
10/06/11;0.64
10/07/11;1.60
10/08/11;0.32
10/09/11;0.64
10/10/11;0.64
10/12/11;0.64
13/10/11;0.32
14/10/11;0.64
16/10/11;0.64
19/10/11;0.96
24/10/11;0.64
28/10/11;0.32
11/06/11;0.32
11/07/11;0.32
11/12/11;0.32
13/11/11;0.32
14/11/11;0
15/11/11;0
16/11/11;0
17/11/11;0
18/11/11;0
19/11/11;0
20/11/11;0
21/11/11;0.64
22/11/11;0
23/11/11;0
24/11/11;0
25/11/11;0
26/11/11;0
27/11/11;0
12/05/11;0
12/06/11;0
12/07/11;0
12/08/11;0
12/09/11;0
12/10/11;0
12/11/11;0
12/12/11;0
13/12/11;0
14/12/11;0
19/12/11;0.32
20/12/11;0
21/12/11;0
22/12/11;0
23/12/11;0
24/12/11;0
25/12/11;0.32
26/12/11;0
27/12/11;0
28/12/11;0
29/12/11;0
30/12/11;0
31/12/11;0
01/01/12;0
01/01/12;0
01/02/12;0
01/10/12;0
01/12/12;0
13/01/12;0.32
14/01/12;0
15/01/12;0
16/01/12;0
17/01/12;0
18/01/12;0
19/01/12;0
20/01/12;0
21/01/12;0
22/01/12;0
23/01/12;0
24/01/12;0
25/01/12;0
26/01/12;0
27/01/12;0
28/01/12;0
29/01/12;0
30/01/12;0
31/01/12;0
02/01/12;0.32
02/01/12;0.32
02/02/12;0
02/03/12;0
02/04/12;0.64
02/05/12;0
02/06/12;0
02/07/12;0.32
02/08/12;0
02/09/12;0
02/10/12;0.32
02/11/12;0
02/12/12;0
13/02/12;0
14/02/12;0
15/02/12;0
16/02/12;0
17/02/12;0
18/02/12;0
19/02/12;0
20/02/12;0
21/02/12;0
22/02/12;0
23/02/12;0
24/02/12;0.32
25/02/12;0
26/02/12;0.32
27/02/12;0.32
28/02/12;0.32
03/05/12;0
03/06/12;0
03/07/12;0
03/08/12;0
03/09/12;0.64
03/10/12;0.64
03/11/12;0
03/12/12;0
13/03/12;0
14/03/12;0.64
15/03/12;0
16/03/12;0.64
17/03/12;1.92
18/03/12;0.96
19/03/12;0.96
20/03/12;0.32
21/03/12;0.64
22/03/12;0.32
23/03/12;1.28
24/03/12;0.32
25/03/12;1.60
26/03/12;1.92
27/03/12;1.28
28/03/12;1.60
29/03/12;3.84
30/03/12;3.52
31/03/12;1.60
04/01/12;1.60
04/01/12;1.60
04/04/12;1.92
04/05/12;5.77
04/06/12;3.52
04/07/12;1.92
04/08/12;0.32
04/09/12;0.32
04/10/12;0.64
04/11/12;1.92
04/12/12;1.60
13/04/12;1.28
14/04/12;1.28
15/04/12;0
16/04/12;0.96
17/04/12;2.24
18/04/12;0.96
19/04/12;0.96
20/04/12;1.60
21/04/12;1.92
22/04/12;15.70
23/04/12;9.61
24/04/12;4.81
25/04/12;4.48
26/04/12;15.06
27/04/12;6.09
28/04/12;12.17
29/04/12;11.85
30/04/12;11.53
05/01/12;11.85
05/01/12;11.85
05/02/12;13.13
05/03/12;21.78
05/04/12;12.81
05/05/12;28.19
05/06/12;35.88
05/07/12;10.25
05/08/12;31.39
05/09/12;26.59
05/10/12;56.70
05/11/12;67.27
05/12/12;56.70
13/05/12;19.22
14/05/12;15.06
15/05/12;38.76
16/05/12;22.42
17/05/12;43.25
18/05/12;49.33
19/05/12;33.32
20/05/12;12.81
21/05/12;8.33
22/05/12;24.35
23/05/12;42.28
24/05/12;28.19
25/05/12;40.68
26/05/12;38.44
27/05/12;35.56
28/05/12;28.19
29/05/12;52.54
30/05/12;56.06
31/05/12;67.27
06/01/12;61.18
06/01/12;61.18
06/02/12;99.30
06/03/12;101.55
06/04/12;56.70
06/05/12;45.49
06/06/12;41.32
06/07/12;59.58
06/08/12;44.53
06/09/12;69.19
06/10/12;31.07
06/11/12;15.38
06/12/12;30.43
13/06/12;25.95
14/06/12;29.79
15/06/12;29.47
16/06/12;36.84
17/06/12;18.90
18/06/12;25.95
19/06/12;30.75
20/06/12;34.60
21/06/12;42.60
22/06/12;24.67
23/06/12;21.46
24/06/12;35.56
25/06/12;26.59
26/06/12;29.79
27/06/12;14.42
28/06/12;24.35
29/06/12;21.14
30/06/12;17.30
07/01/12;9.93
07/01/12;9.93
07/02/12;20.18
07/03/12;6.73
07/04/12;9.29
07/05/12;14.42
07/06/12;8.33
07/07/12;5.13
07/08/12;6.09
07/09/12;4.81
07/10/12;6.41
07/11/12;6.41
07/12/12;11.53
13/07/12;11.53
14/07/12;7.69
15/07/12;4.16
16/07/12;3.84
17/07/12;8.33
18/07/12;5.77
19/07/12;9.61
20/07/12;2.88
21/07/12;4.48
22/07/12;7.37
09/05/12;0.32
09/06/12;0
09/07/12;0.32
09/08/12;0
09/09/12;0.96
09/10/12;1.92
09/11/12;1.92
09/12/12;1.28
13/09/12;0.96
14/09/12;4.16
15/09/12;0
16/09/12;0.96
17/09/12;8.33
18/09/12;5.77
19/09/12;0.96
20/09/12;0
21/09/12;0.96
22/09/12;0.96
23/09/12;2.24
24/09/12;0.96
25/09/12;1.92
26/09/12;1.28
27/09/12;0.96
28/09/12;0.32
29/09/12;2.88
30/09/12;0.64
10/01/12;0.32
10/01/12;0.32
10/02/12;0.64
10/03/12;0.64
10/04/12;0.64
10/05/12;0.32
10/06/12;4.48
10/07/12;0.32
10/08/12;0.64
10/09/12;0.32
10/10/12;0
10/11/12;0.32
10/12/12;0.32
13/10/12;0
14/10/12;0
15/10/12;0
16/10/12;0
17/10/12;0
18/10/12;0.32
19/10/12;0
20/10/12;0.32
21/10/12;0.96
22/10/12;0.64
23/10/12;0
24/10/12;0
25/10/12;0
26/10/12;0
27/10/12;0
28/10/12;0
29/10/12;0
30/10/12;0
31/10/12;0
11/01/12;0
11/01/12;0
11/02/12;0
11/03/12;0
22/12/12;0
23/12/12;0
24/12/12;0
25/12/12;0
26/12/12;0
27/12/12;0.64
28/12/12;0
29/12/12;0.32
30/12/12;0.32
31/12/12;0
01/01/13;0
01/01/13;0
01/02/13;0
01/03/13;0
01/04/13;0
01/05/13;0
01/06/13;0
01/07/13;0.32
01/08/13;0
01/09/13;0
01/10/13;0
01/11/13;0
01/12/13;0
13/01/13;0
14/01/13;0
15/01/13;0
16/01/13;0
17/01/13;0
18/01/13;0
19/01/13;0.32
20/01/13;0
21/01/13;0
22/01/13;0
23/01/13;0
24/01/13;0
25/01/13;0
26/01/13;0
27/01/13;0
28/01/13;0
29/01/13;0
30/01/13;0
31/01/13;0
02/01/13;0
02/01/13;0
02/02/13;0
02/05/13;0
02/12/13;0
13/02/13;0
14/02/13;0
15/02/13;0
16/02/13;0
17/02/13;0
26/02/13;0
27/02/13;0
28/02/13;0
03/01/13;0
03/01/13;0
03/02/13;0
03/03/13;0.32
03/04/13;0
03/05/13;0.32
03/06/13;0
03/07/13;0
03/08/13;0
03/09/13;0.32
03/10/13;0
03/11/13;0
03/12/13;0
13/03/13;0
14/03/13;0
15/03/13;0
16/03/13;0
17/03/13;1.28
18/03/13;0.32
19/03/13;0.96
20/03/13;0
21/03/13;0.64
22/03/13;1.28
23/03/13;0.32
26/03/13;0
27/03/13;0
28/03/13;3.20
29/03/13;0.64
30/03/13;0
31/03/13;2.24
04/01/13;2.88
04/01/13;2.88
04/02/13;0.64
04/03/13;4.48
04/04/13;0.64
04/05/13;0
04/06/13;2.56
04/07/13;1.60
04/08/13;0
04/09/13;0.96
04/10/13;3.52
04/11/13;7.05
04/12/13;5.77
13/04/13;10.25
14/04/13;4.16
15/04/13;10.57
16/04/13;15.06
17/04/13;8.97
18/04/13;21.14
19/04/13;6.73
20/04/13;14.42
21/04/13;4.48
22/04/13;3.52
23/04/13;4.81
24/04/13;8.65
25/04/13;9.61
26/04/13;17.30
27/04/13;8.33
28/04/13;5.77
29/04/13;35.88
30/04/13;21.46
05/01/13;55.10
05/01/13;55.10
05/02/13;12.17
05/03/13;28.19
05/04/13;55.10
05/05/13;13.77
05/06/13;8.01
05/07/13;41.96
05/08/13;20.18
05/09/13;66.31
05/10/13;21.14
05/11/13;60.54
05/12/13;27.87
13/05/13;13.77
14/05/13;27.55
15/05/13;62.79
21/05/13;6.73
22/05/13;46.45
23/05/13;19.86
24/05/13;32.99
25/05/13;1.92
26/05/13;22.10
27/05/13;34.28
28/05/13;8.01
29/05/13;32.99
30/05/13;11.21
31/05/13;22.10
06/01/13;54.78
06/01/13;54.78
06/02/13;41.64
06/03/13;3.84
06/04/13;24.67
06/05/13;33.32
06/06/13;27.23
06/07/13;45.81
06/08/13;59.58
06/09/13;7.37
06/10/13;21.78
06/11/13;41.96
06/12/13;34.28
13/06/13;47.73
14/06/13;49.97
15/06/13;43.25
16/06/13;41
17/06/13;45.81
18/06/13;63.11
19/06/13;68.55
20/06/13;70.47
21/06/13;30.11
22/06/13;46.77
23/06/13;40.68
24/06/13;32.67
25/06/13;12.81
26/06/13;15.70
27/06/13;14.74
28/06/13;4.81
29/06/13;20.50
30/06/13;13.77
07/01/13;5.77
07/01/13;5.77
07/02/13;14.74
07/03/13;13.45
07/04/13;10.57
07/05/13;6.73
07/06/13;11.53
07/07/13;8.97
07/08/13;12.81
07/09/13;13.13
07/10/13;13.13
07/11/13;6.09
07/12/13;7.05
13/07/13;7.05
14/07/13;9.93
15/07/13;9.93
16/07/13;10.57
17/07/13;6.41
18/07/13;7.37
19/07/13;8.33
20/07/13;6.41
21/07/13;7.69
22/07/13;8.65
23/07/13;6.41
24/07/13;5.77
25/07/13;5.13
26/07/13;6.73
27/07/13;5.13
28/07/13;3.20
29/07/13;3.20
30/07/13;4.48
31/07/13;4.81
08/01/13;4.16
08/01/13;4.16
08/02/13;4.48
08/03/13;5.77
08/04/13;1.92
08/05/13;4.48
08/06/13;4.16
08/07/13;2.56
08/08/13;7.69
08/09/13;3.20
08/10/13;1.92
08/11/13;3.52
08/12/13;2.56
13/08/13;4.16
14/08/13;3.84
15/08/13;1.92
16/08/13;1.60
17/08/13;3.20
18/08/13;2.88
19/08/13;1.92
20/08/13;0.96
21/08/13;2.24
22/08/13;1.92
23/08/13;0.64
24/08/13;0.96
25/08/13;1.28
26/08/13;1.28
27/08/13;2.24
28/08/13;1.28
29/08/13;0
30/08/13;1.92
31/08/13;1.28
09/01/13;0.96
09/01/13;0.96
09/02/13;1.28
09/03/13;1.60
09/04/13;4.48
09/05/13;4.81
09/06/13;7.69
09/07/13;9.29
09/08/13;3.52
09/09/13;2.56
09/10/13;2.56
09/11/13;3.52
09/12/13;2.24
13/09/13;2.56
14/09/13;1.28
15/09/13;0.96
16/09/13;0.64
17/09/13;0.64
18/09/13;0.32
19/09/13;1.92
20/09/13;1.28
21/09/13;1.28
22/09/13;2.88
23/09/13;0.64
24/09/13;1.60
25/09/13;0.64
26/09/13;0.32
27/09/13;0
28/09/13;0.64
29/09/13;0.32
30/09/13;0.32
10/01/13;0.32
10/01/13;0.32
10/02/13;0.96
10/03/13;0.32
10/04/13;0
10/05/13;0
10/06/13;0.32
10/07/13;0.64
10/08/13;0.64
10/09/13;0.32
10/10/13;1.28
10/11/13;0.32
10/12/13;0.64
13/10/13;0
14/10/13;0.64
15/10/13;0.32
16/10/13;0.32
17/10/13;0.64
18/10/13;0.64
19/10/13;0
20/10/13;0
30/10/13;0
31/10/13;0
11/01/13;0.32
11/01/13;0.32
11/02/13;0
11/03/13;0.64
11/04/13;0
11/05/13;0
11/06/13;0
11/07/13;0.32
11/08/13;0
11/09/13;0.32
11/10/13;0.32
11/11/13;0
11/12/13;0.32
13/11/13;0
14/11/13;0
15/11/13;0
16/11/13;0
17/11/13;0
18/11/13;0
19/11/13;0
20/11/13;0
21/11/13;0
22/11/13;0
23/11/13;0
24/11/13;0
25/11/13;0
26/11/13;0
27/11/13;0
28/11/13;0
29/11/13;0
30/11/13;0
12/01/13;0
12/01/13;0
12/02/13;0
12/03/13;0
12/04/13;0
12/05/13;0.32
12/06/13;0
12/07/13;0
12/08/13;0
12/09/13;0
12/10/13;0
12/11/13;0
12/12/13;0
13/12/13;0
14/12/13;0
15/12/13;0
16/12/13;0
17/12/13;0
18/12/13;0
19/12/13;0
20/12/13;0
21/12/13;0
22/12/13;0
23/12/13;0
24/12/13;0
25/12/13;0
26/12/13;0
27/12/13;0
28/12/13;0
29/12/13;0
30/12/13;0
31/12/13;0
01/01/14;0
01/01/14;0
01/02/14;0
01/08/14;0
01/09/14;0
01/10/14;0
01/11/14;0
01/12/14;0.32
13/01/14;0
14/01/14;0
15/01/14;0
16/01/14;0
17/01/14;0
18/01/14;0
19/01/14;0
20/01/14;0
21/01/14;0
22/01/14;0
23/01/14;0
24/01/14;0
25/01/14;0
26/01/14;0
27/01/14;0
28/01/14;0.32
29/01/14;0
30/01/14;0
31/01/14;0
02/01/14;0
02/01/14;0
02/02/14;0
02/03/14;0
02/04/14;0
02/05/14;0.32
02/06/14;0.32
02/07/14;0.96
02/08/14;0
02/09/14;0.32
02/10/14;0
02/11/14;0
02/12/14;0.64
13/02/14;0
14/02/14;0.64
15/02/14;0.32
16/02/14;0
17/02/14;0.32
18/02/14;0.32
19/02/14;0.32
20/02/14;0
21/02/14;0
22/02/14;0.32
23/02/14;0
24/02/14;0.32
25/02/14;0.64
26/02/14;0
27/02/14;0.32
28/02/14;0
03/01/14;0
03/01/14;0
03/02/14;0.32
03/03/14;0.64
03/11/14;0.64
03/12/14;0.96
13/03/14;0.96
14/03/14;3.20
15/03/14;3.52
16/03/14;1.92
17/03/14;2.24
18/03/14;1.60
19/03/14;3.52
20/03/14;4.16
21/03/14;6.41
22/03/14;2.24
23/03/14;0.96
24/03/14;0.32
25/03/14;1.28
26/03/14;1.28
27/03/14;1.60
28/03/14;1.60
29/03/14;2.88
30/03/14;1.60
31/03/14;3.84
04/01/14;5.13
04/01/14;5.13
04/02/14;3.52
04/03/14;5.77
04/04/14;2.88
04/05/14;0
04/06/14;6.09
04/07/14;14.74
04/08/14;6.73
04/09/14;7.69
04/10/14;10.57
04/11/14;9.93
04/12/14;8.01
13/04/14;4.48
14/04/14;8.65
15/04/14;20.50
16/04/14;12.49
17/04/14;20.50
18/04/14;16.98
19/04/14;2.88
20/04/14;5.77
21/04/14;28.51
22/04/14;6.09
23/04/14;43.25
24/04/14;42.60
25/04/14;21.14
26/04/14;46.77
27/04/14;8.65
28/04/14;0.64
29/04/14;15.38
30/04/14;32.35
05/01/14;67.59
05/01/14;67.59
05/02/14;6.41
05/03/14;0.64
05/04/14;39.08
05/05/14;105.39
05/06/14;33.32
05/07/14;31.71
05/08/14;70.15
05/09/14;57.02
05/10/14;46.77
05/11/14;41.96
05/12/14;52.54
13/05/14;52.54
14/05/14;56.06
15/05/14;57.02
16/05/14;37.80
17/05/14;52.86
18/05/14;49.65
27/05/14;28.83
28/05/14;30.43
29/05/14;45.81
30/05/14;20.18
31/05/14;19.54
06/01/14;71.44
06/01/14;71.44
06/02/14;48.37
06/03/14;56.70
06/04/14;34.60
06/05/14;35.56
06/06/14;57.02
06/07/14;61.50
06/08/14;59.90
06/09/14;53.50
06/10/14;64.39
06/11/14;62.15
06/12/14;41.96
13/06/14;26.91
14/06/14;24.67
15/06/14;9.61
16/06/14;7.37
17/06/14;14.42
18/06/14;16.66
19/06/14;24.67
20/06/14;14.09
21/06/14;20.18
22/06/14;15.70
23/06/14;16.34
24/06/14;20.82
25/06/14;11.21
26/06/14;2.88
27/06/14;6.41
28/06/14;12.49
29/06/14;13.77
30/06/14;4.16
07/01/14;8.65
07/01/14;8.65
07/02/14;8.97
07/03/14;5.13
07/04/14;9.93
07/05/14;4.16
07/06/14;4.16
07/07/14;7.37
07/08/14;4.48
07/09/14;3.52
07/10/14;1.60
07/11/14;6.09
07/12/14;5.13
13/07/14;4.48
14/07/14;0
15/07/14;5.13
16/07/14;5.13
17/07/14;2.88
18/07/14;5.13
19/07/14;3.84
20/07/14;7.37
25/07/14;3.52
26/07/14;2.56
27/07/14;2.24
28/07/14;6.73
29/07/14;2.56
30/07/14;1.92
31/07/14;6.73
08/01/14;7.69
08/01/14;7.69
08/02/14;1.60
08/03/14;3.52
08/04/14;3.84
08/05/14;0.64
08/06/14;2.56
08/07/14;7.37
08/08/14;6.09
08/09/14;6.41
08/10/14;6.73
08/11/14;5.58
08/12/14;5.58
13/08/14;7.57
14/08/14;2.79
15/08/14;1.59
16/08/14;1.20
17/08/14;1.99
18/08/14;2.79
19/08/14;6.77
20/08/14;4.78
21/08/14;5.98
22/08/14;4.38
23/08/14;1.99
24/08/14;3.59
25/08/14;2.39
26/08/14;5.18
27/08/14;1.99
28/08/14;3.59
29/08/14;2.39
30/08/14;1.59
31/08/14;1.99
09/01/14;1.20
09/01/14;1.20
09/02/14;0.40
09/03/14;0.40
09/04/14;1.20
09/05/14;0.80
09/06/14;5.58
09/07/14;11.56
09/08/14;3.59
09/09/14;2.39
09/10/14;0
09/11/14;0
09/12/14;0.80
13/09/14;2.79
14/09/14;2.39
15/09/14;2.39
16/09/14;0.40
17/09/14;0.40
18/09/14;1.20
19/09/14;0.80
20/09/14;0.40
21/09/14;0.80
22/09/14;1.20
23/09/14;2.79
24/09/14;0
25/09/14;1.59
26/09/14;0
27/09/14;1.20
28/09/14;0.40
29/09/14;0
30/09/14;1.20
10/01/14;0
10/01/14;0
10/02/14;0.40
10/03/14;0.40
10/04/14;0.80
10/05/14;0.40
10/06/14;0.80
10/07/14;1.59
10/08/14;1.99
10/09/14;0.80
10/10/14;1.20
10/11/14;0.80
10/12/14;1.20
13/10/14;0
14/10/14;0
15/10/14;0
16/10/14;0.40
17/10/14;1.20
18/10/14;0
19/10/14;1.20
20/10/14;0
21/10/14;0
22/10/14;0.80
23/10/14;0
24/10/14;0.40
25/10/14;0.40
26/10/14;0.40
27/10/14;0
28/10/14;0.40
29/10/14;0.40
30/10/14;0
31/10/14;1.59
11/01/14;0
11/01/14;0
11/02/14;0.40
11/03/14;0
11/04/14;0.40
11/05/14;0
11/06/14;0
11/07/14;0
11/08/14;0
11/09/14;0
11/10/14;0
11/11/14;0
11/12/14;0
13/11/14;0
14/11/14;0.40
15/11/14;0
16/11/14;0.40
20/11/14;0
21/11/14;0
22/11/14;0
23/11/14;0
24/11/14;0
25/11/14;0
26/11/14;0
27/11/14;0
28/11/14;0
29/11/14;0
30/11/14;0
12/01/14;0
12/01/14;0
12/02/14;0
12/03/14;0
12/04/14;0
12/05/14;0
12/06/14;0
12/07/14;0
12/08/14;0
12/09/14;0.40
12/10/14;0
12/11/14;0
12/12/14;0
13/12/14;0
14/12/14;0
15/12/14;0
16/12/14;0
17/12/14;0
18/12/14;0
19/12/14;0
20/12/14;0
21/12/14;0
01/08/15;0
01/09/15;0
01/10/15;0
01/11/15;0
14/01/15;0
15/01/15;0
16/01/15;0
17/01/15;0
18/01/15;0
19/01/15;0
20/01/15;0
21/01/15;0
22/01/15;0
23/01/15;0
24/01/15;0
25/01/15;0
26/01/15;0.40
27/01/15;0
28/01/15;0
29/01/15;0.80
30/01/15;0
31/01/15;0
02/01/15;0
02/01/15;0
02/02/15;0
02/03/15;0
02/04/15;0
02/05/15;0.40
02/06/15;0
02/07/15;0
02/08/15;0
02/09/15;0.40
02/10/15;0
02/11/15;0
02/12/15;0.40
13/02/15;0.40
14/02/15;0
15/02/15;0.40
16/02/15;0
17/02/15;0
18/02/15;0.40
19/02/15;0.80
20/02/15;0
21/02/15;0
22/02/15;0.40
23/02/15;0
24/02/15;0
25/02/15;0
26/02/15;0
27/02/15;0
28/02/15;0
03/01/15;0.40
03/01/15;0.40
03/02/15;0
03/03/15;0.40
03/04/15;0
03/05/15;0.40
03/06/15;0.40
03/07/15;0
03/08/15;0
03/09/15;0
03/10/15;0.40
03/11/15;0.80
03/12/15;0.40
13/03/15;0.40
14/03/15;1.20
15/03/15;0
16/03/15;0
17/03/15;0
18/03/15;0.80
19/03/15;0.40
20/03/15;0.40
21/03/15;1.20
22/03/15;0.40
23/03/15;0.40
24/03/15;1.59
25/03/15;0.80
26/03/15;0.80
27/03/15;1.20
28/03/15;3.59
29/03/15;2.79
30/03/15;4.38
31/03/15;1.59
04/08/15;2.39
04/09/15;10.36
04/10/15;13.55
04/11/15;4.38
04/12/15;7.97
13/04/15;19.13
14/04/15;9.96
15/04/15;15.94
16/04/15;10.76
17/04/15;5.18
18/04/15;6.38
19/04/15;11.56
20/04/15;10.76
21/04/15;65.74
22/04/15;27.89
23/04/15;17.93
24/04/15;8.77
25/04/15;42.63
26/04/15;23.51
27/04/15;7.17
28/04/15;7.57
29/04/15;20.72
30/04/15;58.17
05/01/15;29.49
05/01/15;29.49
05/02/15;52.60
05/03/15;18.33
05/04/15;69.33
05/05/15;140.65
05/06/15;145.04
05/07/15;75.31
05/08/15;66.14
05/09/15;113.16
05/10/15;94.43
05/11/15;62.96
05/12/15;140.26
13/05/15;74.91
14/05/15;57.38
15/05/15;58.57
16/05/15;25.90
17/05/15;93.24
18/05/15;117.94
19/05/15;82.08
20/05/15;34.27
21/05/15;13.95
22/05/15;4.38
23/05/15;1.59
24/05/15;55.78
25/05/15;80.09
26/05/15;48.21
27/05/15;11.16
28/05/15;49.81
29/05/15;72.52
30/05/15;79.69
31/05/15;58.17
06/01/15;43.03
06/01/15;43.03
06/02/15;35.86
06/03/15;75.71
06/04/15;57.38
06/05/15;71.32
06/06/15;82.88
06/07/15;98.42
06/08/15;103.60
06/09/15;58.17
06/10/15;29.88
06/11/15;33.47
06/12/15;52.60
13/06/15;36.26
14/06/15;22.71
15/06/15;7.97
16/06/15;16.73
17/06/15;13.15
18/06/15;26.70
19/06/15;21.52
20/06/15;19.13
21/06/15;16.34
22/06/15;26.70
23/06/15;23.91
24/06/15;18.33
25/06/15;15.54
26/06/15;17.93
27/06/15;19.92
28/06/15;22.31
07/07/15;13.95
07/08/15;12.35
07/09/15;12.75
07/10/15;17.93
07/11/15;12.75
07/12/15;12.75
13/07/15;17.13
14/07/15;8.37
15/07/15;7.17
16/07/15;4.78
17/07/15;1.20
18/07/15;0
19/07/15;0.40
20/07/15;0.80
21/07/15;1.20
22/07/15;1.99
23/07/15;0.80
24/07/15;1.59
25/07/15;1.99
26/07/15;1.20
27/07/15;4.78
28/07/15;5.58
29/07/15;5.18
30/07/15;1.20
31/07/15;1.59
08/01/15;1.20
08/01/15;1.20
08/02/15;0
08/03/15;1.99
08/04/15;7.57
08/05/15;4.78
08/06/15;4.78
08/07/15;1.99
08/08/15;5.58
08/09/15;0
08/10/15;0.80
08/11/15;3.98
08/12/15;1.59
13/08/15;1.99
14/08/15;3.59
15/08/15;1.20
16/08/15;1.20
17/08/15;2.79
18/08/15;2.79
19/08/15;0.80
20/08/15;1.99
21/08/15;3.19
22/08/15;1.20
23/08/15;5.18
24/08/15;1.59
25/08/15;3.19
26/08/15;3.59
27/08/15;1.99
28/08/15;1.99
29/08/15;3.19
30/08/15;3.59
31/08/15;1.59
09/01/15;3.98
09/01/15;3.98
09/02/15;3.98
09/03/15;1.99
09/04/15;0.80
09/05/15;3.98
09/06/15;0.80
09/07/15;4.38
09/08/15;1.99
09/09/15;2.39
09/10/15;5.18
09/11/15;3.59
09/12/15;5.18
13/09/15;0.80
14/09/15;2.79
15/09/15;4.38
16/09/15;2.79
17/09/15;6.77
18/09/15;3.98
19/09/15;1.99
20/09/15;1.99
21/09/15;1.99
22/09/15;1.59
23/09/15;1.20
24/09/15;0.80
25/09/15;0.40
26/09/15;1.20
27/09/15;1.20
28/09/15;0
29/09/15;0.40
30/09/15;0.40
10/01/15;0.40
10/01/15;0.40
10/02/15;0
10/03/15;0.80
10/04/15;0.40
10/05/15;0
10/06/15;0
10/07/15;0
10/08/15;0.40
10/09/15;1.20
10/10/15;0.40
10/11/15;0.40
10/12/15;0.80
13/10/15;0
14/10/15;0.40
15/10/15;0
16/10/15;0
17/10/15;0
18/10/15;0
19/10/15;0
20/10/15;0.40
21/10/15;0
22/10/15;0
23/10/15;1.20
24/10/15;0.80
25/10/15;0
26/10/15;0
27/10/15;0
28/10/15;0
29/10/15;0
30/10/15;0
31/10/15;0
11/01/15;0.40
11/01/15;0.40
11/02/15;0.40
11/03/15;0
11/04/15;0
11/05/15;0
11/06/15;0.40
11/07/15;0
11/08/15;0
11/09/15;0
11/10/15;0
11/11/15;0
11/12/15;0
13/11/15;0
14/11/15;0
15/11/15;0
16/11/15;0.40
17/11/15;0
18/11/15;0
19/11/15;0.40
20/11/15;0
21/11/15;0
22/11/15;0
23/11/15;0
24/11/15;0
25/11/15;0
26/11/15;0
27/11/15;0
28/11/15;0
29/11/15;0
30/11/15;0
12/01/15;0
12/01/15;0
12/02/15;0
12/03/15;0
12/04/15;0
12/05/15;0
12/06/15;0
12/07/15;0
12/08/15;0
12/09/15;0
12/10/15;0
12/11/15;0
12/12/15;0
13/12/15;0
14/12/15;0
15/12/15;0
16/12/15;0
17/12/15;0
18/12/15;0
19/12/15;0
20/12/15;0
21/12/15;0
22/12/15;0
23/12/15;0
24/12/15;0
25/12/15;0
26/12/15;0
27/12/15;0
28/12/15;0
29/12/15;0
30/12/15;0
31/12/15;0
01/01/16;0
01/01/16;0
01/02/16;0
01/03/16;0
01/04/16;0
01/05/16;0
01/06/16;0
01/07/16;0
01/08/16;0
01/09/16;0
01/10/16;0.80
01/11/16;0
01/12/16;0
13/01/16;0
14/01/16;0
15/01/16;0
16/01/16;0
17/01/16;0
18/01/16;0
19/01/16;0
20/01/16;0
21/01/16;0
22/01/16;0
23/01/16;0.40
24/01/16;0
25/01/16;0
26/01/16;0
27/01/16;0
28/01/16;0
29/01/16;0.40
30/01/16;0
31/01/16;0
02/09/16;0
02/10/16;0.40
02/11/16;0
02/12/16;0
13/02/16;0
14/02/16;0.40
15/02/16;0
16/02/16;0
17/02/16;0
18/02/16;0.80
19/02/16;0
20/02/16;0.40
21/02/16;0
22/02/16;0.80
23/02/16;0
24/02/16;1.99
25/02/16;0.80
26/02/16;0
27/02/16;0
28/02/16;0
29/02/16;0
03/01/16;0.80
03/01/16;0.80
03/02/16;0
03/03/16;0
03/04/16;0
03/05/16;0
03/06/16;0
03/07/16;0
03/08/16;0.40
03/09/16;0
03/10/16;0.40
03/11/16;0.40
03/12/16;0.40
13/03/16;0.80
15/03/16;0.80
16/03/16;3.19
17/03/16;1.59
18/03/16;0.80
19/03/16;1.20
20/03/16;1.20
21/03/16;3.19
22/03/16;2.39
23/03/16;1.59
24/03/16;0
25/03/16;5.18
26/03/16;5.18
27/03/16;3.59
28/03/16;3.59
29/03/16;4.78
30/03/16;3.19
31/03/16;9.16
04/01/16;7.97
04/01/16;7.97
04/02/16;3.19
04/03/16;5.58
04/04/16;5.18
04/05/16;5.18
04/06/16;7.97
04/07/16;4.38
04/08/16;0.80
04/09/16;3.59
04/10/16;0
04/11/16;7.57
04/12/16;12.75
13/04/16;19.13
14/04/16;23.11
15/04/16;24.70
16/04/16;14.34
17/04/16;23.51
19/04/16;21.52
20/04/16;17.13
21/04/16;34.67
22/04/16;16.73
23/04/16;5.98
24/04/16;0.40
27/04/16;7.17
28/04/16;18.73
29/04/16;14.74
30/04/16;25.90
05/01/16;12.35
05/01/16;12.35
05/02/16;11.16
05/03/16;14.34
05/04/16;61.76
05/05/16;41.44
05/06/16;14.74
05/07/16;30.28
05/08/16;26.70
05/09/16;19.13
05/10/16;39.85
05/11/16;14.74
05/12/16;35.46
13/05/16;33.47
14/05/16;28.69
15/05/16;13.95
16/05/16;10.76
17/05/16;17.93
18/05/16;44.63
19/05/16;11.16
20/05/16;13.55
21/05/16;45.42
22/05/16;31.88
23/05/16;31.08
24/05/16;32.27
25/05/16;42.24
26/05/16;70.53
27/05/16;165.36
28/05/16;60.96
29/05/16;17.53
30/05/16;78.10
31/05/16;37.45
06/01/16;12.35
06/01/16;12.35
06/02/16;7.57
06/03/16;8.77
06/04/16;28.29
06/05/16;41.44
06/06/16;30.68
06/07/16;18.33
06/08/16;19.52
06/09/16;3.59
06/10/16;12.75
06/11/16;49.01
06/12/16;23.11
21/06/16;37.85
22/06/16;25.50
23/06/16;36.66
24/06/16;44.23
25/06/16;40.24
26/06/16;26.30
27/06/16;29.88
28/06/16;28.29
29/06/16;44.23
30/06/16;20.32
07/01/16;17.93
07/01/16;17.93
07/02/16;23.91
07/03/16;15.94
07/04/16;21.52
07/05/16;16.73
07/06/16;14.34
07/07/16;15.54
07/08/16;7.57
07/09/16;8.37
07/10/16;18.33
07/11/16;13.15
07/12/16;7.57
13/07/16;9.56
14/07/16;8.77
15/07/16;9.16
16/07/16;4.78
17/07/16;8.37
18/07/16;13.15
19/07/16;9.56
20/07/16;13.15
21/07/16;5.98
22/07/16;7.57
23/07/16;5.58
24/07/16;3.59
25/07/16;2.79
26/07/16;3.98
27/07/16;3.59
28/07/16;5.98
29/07/16;5.58
30/07/16;3.59
31/07/16;2.39
08/01/16;1.59
08/01/16;1.59
08/02/16;1.99
08/03/16;2.79
08/04/16;3.19
08/05/16;1.99
08/06/16;2.79
08/07/16;16.34
13/08/16;2.39
14/08/16;2.39
15/08/16;4.38
16/08/16;5.58
17/08/16;0.80
18/08/16;2.39
19/08/16;4.78
20/08/16;5.58
21/08/16;3.59
22/08/16;2.79
23/08/16;0.40
24/08/16;2.79
25/08/16;1.20
26/08/16;1.99
27/08/16;0.40
28/08/16;0.40
29/08/16;0.80
30/08/16;3.19
31/08/16;0.40
09/01/16;3.98
09/01/16;3.98
09/02/16;5.18
09/03/16;2.39
09/04/16;2.39
09/05/16;2.79
09/06/16;1.99
09/07/16;3.19
09/08/16;3.19
09/09/16;3.59
09/10/16;2.39
09/11/16;1.99
09/12/16;1.59
13/09/16;3.19
14/09/16;4.38
15/09/16;1.20
16/09/16;0
17/09/16;0.40
18/09/16;0.40
19/09/16;1.20
20/09/16;1.59
21/09/16;0.40
22/09/16;0.80
23/09/16;1.20
24/09/16;1.99
25/09/16;1.20
26/09/16;0.80
27/09/16;0.80
28/09/16;0.40
29/09/16;1.99
30/09/16;0.80
10/01/16;0.40
10/01/16;0.40
10/02/16;0.80
10/03/16;0
10/04/16;0.80
10/05/16;0.80
10/06/16;0.40
10/07/16;0.40
10/08/16;0
10/09/16;0.40
10/10/16;0
10/11/16;0
10/12/16;0.40
13/10/16;0
14/10/16;0
15/10/16;0.40
16/10/16;0.80
17/10/16;0
18/10/16;0
19/10/16;0.40
20/10/16;0
21/10/16;0.80
22/10/16;1.20
23/10/16;0.40
24/10/16;0
25/10/16;0
26/10/16;0
27/10/16;0.40
28/10/16;0
29/10/16;0
30/10/16;0.40
31/10/16;0
11/01/16;0.40
11/01/16;0.40
11/02/16;0
11/03/16;0
11/04/16;0
11/05/16;0
11/06/16;1.20
11/07/16;0
11/08/16;0
11/09/16;0
11/10/16;0
11/11/16;0
11/12/16;0
13/11/16;0
14/11/16;0
15/11/16;0
16/11/16;0
17/11/16;0
18/11/16;0
19/11/16;0
20/11/16;0
21/11/16;0.40
22/11/16;0
23/11/16;0
24/11/16;0
25/11/16;0
26/11/16;0.40
27/11/16;0
28/11/16;0
29/11/16;0
30/11/16;0
12/01/16;0
12/01/16;0
12/02/16;0
12/03/16;0
12/04/16;0
12/05/16;0
12/06/16;0
12/07/16;0
12/08/16;0
12/09/16;0
12/10/16;0
12/11/16;0
12/12/16;0
13/12/16;0.40
14/12/16;0
15/12/16;0
16/12/16;0
17/12/16;0
18/12/16;0
19/12/16;0
20/12/16;0
21/12/16;0
22/12/16;0
23/12/16;0
24/12/16;0
25/12/16;0
28/12/16;0
29/12/16;0
30/12/16;0
31/12/16;0
01/01/17;0
01/01/17;0
01/02/17;0
01/03/17;0
01/04/17;0
01/05/17;0
01/06/17;0
01/07/17;0
01/08/17;0
01/09/17;0
01/10/17;0
01/11/17;0
01/12/17;0
13/01/17;0
14/01/17;0
15/01/17;0
16/01/17;0
17/01/17;0
18/01/17;0
19/01/17;0
20/01/17;0
21/01/17;0
22/01/17;0
23/01/17;0
24/01/17;0
25/01/17;0
26/01/17;0
27/01/17;0
28/01/17;0
29/01/17;0
30/01/17;0
31/01/17;0
02/01/17;0
02/01/17;0
02/02/17;0
02/03/17;0
02/04/17;0
02/05/17;0
02/06/17;0
02/07/17;0
02/08/17;0
02/09/17;0
02/10/17;0
02/11/17;0
02/12/17;0.40
13/02/17;0
14/02/17;0
15/02/17;0
16/02/17;0
17/02/17;0
18/02/17;0
19/02/17;0.40
20/02/17;0
21/02/17;0
22/02/17;0.80
23/02/17;0
24/02/17;0
25/02/17;0
26/02/17;0
27/02/17;0
28/02/17;0
03/01/17;0.80
03/01/17;0.80
03/02/17;0
03/03/17;0
03/04/17;0
03/05/17;0
03/06/17;0.40
03/07/17;0
03/08/17;0.80
03/09/17;0.80
03/10/17;1.99
03/11/17;0
03/12/17;0.40
13/03/17;0.80
14/03/17;1.99
15/03/17;0.80
16/03/17;2.39
17/03/17;1.59
18/03/17;2.39
19/03/17;8.37
20/03/17;1.20
21/03/17;3.98
22/03/17;1.59
23/03/17;0.80
24/03/17;2.39
25/03/17;3.19
26/03/17;1.99
27/03/17;1.99
28/03/17;4.78
29/03/17;9.96
30/03/17;7.97
31/03/17;5.98
04/01/17;8.77
04/01/17;8.77
04/02/17;5.58
04/03/17;6.38
04/04/17;9.56
04/05/17;6.38
04/06/17;3.19
04/07/17;4.78
04/08/17;14.74
04/09/17;12.75
04/10/17;5.58
04/11/17;5.58
04/12/17;14.74
13/04/17;21.52
14/04/17;18.73
15/04/17;13.15
16/04/17;17.13
25/04/17;17.93
26/04/17;6.77
27/04/17;20.32
28/04/17;9.96
29/04/17;10.36
30/04/17;22.31
05/03/17;19.92
05/04/17;21.52
05/05/17;18.73
05/06/17;29.88
05/07/17;4.78
05/08/17;12.35
05/09/17;11.56
05/10/17;25.50
05/11/17;41.44
13/05/17;47.42
14/05/17;25.90
15/05/17;23.11
16/05/17;34.67
17/05/17;25.10
18/05/17;86.46
19/05/17;74.11
20/05/17;47.42
21/05/17;38.25
22/05/17;56.98
23/05/17;96.03
24/05/17;76.10
25/05/17;55.38
26/05/17;46.62
27/05/17;64.55
28/05/17;71.32
29/05/17;84.07
31/05/17;64.95
06/01/17;54.19
06/01/17;54.19
06/02/17;47.81
06/03/17;39.45
06/04/17;51.80
06/05/17;35.46
06/06/17;37.45
06/07/17;30.68
06/08/17;27.89
06/09/17;28.69
06/10/17;27.89
06/11/17;32.67
06/12/17;19.92
13/06/17;35.06
14/06/17;23.91
15/06/17;17.13
16/06/17;11.56
17/06/17;17.13
18/06/17;26.30
19/06/17;13.15
20/06/17;21.12
21/06/17;9.96
22/06/17;16.34
23/06/17;28.69
24/06/17;28.69
25/06/17;9.96
26/06/17;4.78
27/06/17;12.75
28/06/17;5.18
29/06/17;3.59
30/06/17;3.98
07/01/17;0.80
07/01/17;0.80
07/02/17;2.39
07/03/17;3.59
07/04/17;4.38
07/05/17;3.59
07/06/17;2.79
07/07/17;9.96
07/08/17;4.78
07/09/17;7.97
07/10/17;4.38
07/11/17;1.20
07/12/17;4.38
13/07/17;3.19
14/07/17;8.37
15/07/17;3.59
16/07/17;8.77
17/07/17;3.59
18/07/17;7.57
19/07/17;1.99
20/07/17;1.59
21/07/17;0
22/07/17;0.40
24/07/17;1.99
25/07/17;0.80
26/07/17;2.39
27/07/17;0.40
28/07/17;3.19
29/07/17;2.39
30/07/17;3.19
31/07/17;1.20
08/01/17;2.39
08/01/17;2.39
08/02/17;1.20
08/03/17;0.40
08/04/17;1.59
08/05/17;1.59
08/06/17;1.59
08/07/17;1.99
08/08/17;2.79
08/09/17;1.20
08/10/17;0
08/11/17;1.20
08/12/17;0
13/08/17;3.19
14/08/17;0
15/08/17;0.40
16/08/17;1.59
17/08/17;0.40
18/08/17;1.59
19/08/17;1.59
20/08/17;0.80
21/08/17;0.80
22/08/17;1.59
23/08/17;0.80
24/08/17;0
25/08/17;1.20
26/08/17;0.80
27/08/17;0.80
28/08/17;0.80
29/08/17;1.20
30/08/17;1.99
31/08/17;0.40
09/01/17;0.40
09/01/17;0.40
09/02/17;2.39
09/03/17;0
09/04/17;2.79
09/05/17;3.19
09/06/17;1.99
09/07/17;1.20
09/08/17;1.99
09/09/17;1.99
09/10/17;0
09/11/17;2.79
09/12/17;4.78
13/09/17;1.59
14/09/17;3.19
15/09/17;5.58
16/09/17;1.59
17/09/17;1.59
18/09/17;0.40
19/09/17;0
20/09/17;3.98
21/09/17;0.80
22/09/17;0.40
23/09/17;1.59
24/09/17;0
25/09/17;1.99
26/09/17;1.59
27/09/17;0.80
28/09/17;1.59
29/09/17;1.20
30/09/17;0.80
10/01/17;0
10/01/17;0
10/02/17;0
10/03/17;0.80
10/04/17;0.80
10/05/17;0.40
10/06/17;2.39
10/07/17;0.40
10/08/17;0.40
10/09/17;0.40
10/10/17;0.40
10/11/17;0
10/12/17;0.40
13/10/17;1.20
14/10/17;0
15/10/17;0.40
16/10/17;0
17/10/17;0.80
18/10/17;0
19/10/17;0
20/10/17;0
21/10/17;0
22/10/17;0
23/10/17;0
24/10/17;0
25/10/17;0
26/10/17;0
27/10/17;0.40
28/10/17;0.40
29/10/17;0
30/10/17;0.40
31/10/17;0.40
11/01/17;0
11/01/17;0
11/02/17;0
11/03/17;0
11/04/17;0
11/05/17;0
11/06/17;0
11/07/17;0
11/08/17;0
11/09/17;0
11/10/17;0.40
11/11/17;0
11/12/17;0
13/11/17;0
14/11/17;0
15/11/17;0
16/11/17;0
17/11/17;0
18/11/17;0
19/11/17;0
20/11/17;0
21/11/17;0
22/11/17;0
23/11/17;0
24/11/17;0
25/11/17;0
26/11/17;0
12/05/17;0
12/06/17;0
12/07/17;0
12/08/17;0
12/09/17;0
12/10/17;0
12/11/17;0
12/12/17;0
13/12/17;0
14/12/17;0
15/12/17;0
16/12/17;0
17/12/17;0
18/12/17;0
19/12/17;0
20/12/17;0
21/12/17;0
22/12/17;0
23/12/17;0
24/12/17;0
28/12/17;0
29/12/17;0
30/12/17;0
31/12/17;0
01/02/18;0
01/03/18;0
01/04/18;0.40
01/05/18;0
01/06/18;0
01/07/18;0
01/08/18;0.40
01/09/18;0
01/10/18;0
01/11/18;0
01/12/18;0
13/01/18;0
14/01/18;0
15/01/18;0.40
16/01/18;0
17/01/18;0
18/01/18;0
19/01/18;0
20/01/18;0
21/01/18;0
22/01/18;0.40
23/01/18;0
24/01/18;0
25/01/18;0
26/01/18;0
27/01/18;0
28/01/18;0
29/01/18;0
30/01/18;0
31/01/18;0
02/01/18;0
02/01/18;0
02/02/18;0
02/03/18;0
02/04/18;0
02/05/18;0
02/06/18;0
02/07/18;0
02/08/18;0
02/09/18;0
02/10/18;0
02/11/18;0
02/12/18;0
13/02/18;0
14/02/18;0
15/02/18;0
16/02/18;0
17/02/18;0
18/02/18;0
19/02/18;0
20/02/18;0
21/02/18;0
22/02/18;0
23/02/18;0
24/02/18;0
25/02/18;0
26/02/18;0
27/02/18;0
28/02/18;0
03/01/18;0
03/01/18;0
03/02/18;0
03/03/18;0
03/04/18;0
03/05/18;0
03/06/18;0.40
03/07/18;0
03/08/18;0.40
03/09/18;0
03/10/18;0
03/11/18;0
03/12/18;0.40
13/03/18;1.20
14/03/18;0.80
15/03/18;0.80
16/03/18;0.40
17/03/18;0
18/03/18;0.40
19/03/18;0
20/03/18;0.40
21/03/18;0.80
22/03/18;0.40
23/03/18;0.80
24/03/18;0.40
25/03/18;0.40
28/03/18;1.99
29/03/18;4.38
31/03/18;0.80
04/01/18;1.20
04/01/18;1.20
04/04/18;1.99
04/05/18;1.59
04/06/18;2.39
04/07/18;2.79
04/08/18;3.98
04/09/18;1.20
04/10/18;0.80
04/11/18;2.39
04/12/18;1.20
13/04/18;3.98
14/04/18;5.18
15/04/18;5.98
16/04/18;6.77
17/04/18;13.15
18/04/18;8.77
19/04/18;9.96
20/04/18;9.96
21/04/18;2.39
22/04/18;11.56
23/04/18;17.53
24/04/18;26.30
25/04/18;28.29
26/04/18;36.66
27/04/18;25.90
28/04/18;25.90
29/04/18;44.23
30/04/18;15.94
05/01/18;24.31
05/01/18;24.31
05/02/18;2.39
05/03/18;13.15
05/04/18;5.98
05/05/18;21.52
05/06/18;21.12
15/05/18;8.37
16/05/18;1.20
17/05/18;9.16
18/05/18;21.91
19/05/18;27.49
20/05/18;26.70
21/05/18;15.54
22/05/18;0
23/05/18;38.65
24/05/18;36.66
25/05/18;62.56
26/05/18;41.44
27/05/18;106.39
28/05/18;109.97
29/05/18;120.73
30/05/18;84.47
31/05/18;68.93
06/01/18;119.54
06/01/18;119.54
06/02/18;75.71
06/03/18;90.05
06/04/18;76.90
06/05/18;52.60
06/06/18;39.85
06/07/18;49.41
06/08/18;22.71
06/09/18;39.05
06/10/18;69.73
06/11/18;70.92
06/12/18;43.03
13/06/18;13.55
14/06/18;5.98
15/06/18;12.75
16/06/18;16.73
17/06/18;25.90
18/06/18;19.13
19/06/18;20.32
20/06/18;17.13
21/06/18;21.12
22/06/18;23.11
23/06/18;15.54
24/06/18;16.73
25/06/18;11.95
26/06/18;10.76
27/06/18;8.37
28/06/18;13.15
29/06/18;15.94
30/06/18;20.72
07/01/18;11.56
07/01/18;11.56
07/02/18;12.35
07/03/18;21.91
07/04/18;10.76
07/05/18;6.77
07/06/18;15.14
07/07/18;9.16
07/08/18;4.38
07/09/18;12.35
07/10/18;19.52
07/11/18;10.36
07/12/18;7.97
13/07/18;10.36
14/07/18;5.58
15/07/18;1.20
16/07/18;7.97
17/07/18;3.98
18/07/18;7.17
19/07/18;5.58
20/07/18;6.38
21/07/18;8.77
22/07/18;5.58
23/07/18;1.99
24/07/18;4.38
25/07/18;4.38
26/07/18;3.98
27/07/18;4.78
28/07/18;4.78
29/07/18;2.39
30/07/18;3.19
31/07/18;9.56
08/01/18;7.97
08/01/18;7.97
08/02/18;4.38
08/03/18;2.79
08/04/18;1.99
08/05/18;4.38
08/06/18;4.38
08/07/18;5.58
08/08/18;2.79
08/09/18;3.59
08/10/18;4.38
08/11/18;2.79
08/12/18;4.78
13/08/18;3.98
14/08/18;1.59
15/08/18;0.80
16/08/18;1.20
18/08/18;1.59
19/08/18;0.80
09/04/18;2.39
09/05/18;3.59
09/06/18;1.99
09/07/18;3.19
09/08/18;2.39
09/09/18;3.59
09/10/18;3.98
09/11/18;3.98
09/12/18;4.38
13/09/18;1.99
14/09/18;4.38
15/09/18;4.78
16/09/18;3.59
17/09/18;1.99
18/09/18;2.39
19/09/18;3.19
20/09/18;1.20
21/09/18;1.20
22/09/18;0
23/09/18;1.20
24/09/18;2.39
25/09/18;1.99
26/09/18;0.80
27/09/18;0
28/09/18;0.80
29/09/18;0.40
30/09/18;0.80
10/01/18;0
10/01/18;0
10/02/18;0
10/03/18;1.99
10/04/18;1.20
10/05/18;0.80
10/06/18;0
10/07/18;0
10/08/18;0
10/09/18;0
10/10/18;0
10/11/18;0.80
10/12/18;0
13/10/18;0.40
14/10/18;0.80
15/10/18;0.40
16/10/18;0.40
17/10/18;0.40
18/10/18;0.40
19/10/18;0
20/10/18;0
21/10/18;1.20
22/10/18;0
23/10/18;0.40
24/10/18;0
25/10/18;0
26/10/18;0.40
27/10/18;0.40
28/10/18;0.80
29/10/18;0.80
30/10/18;0
31/10/18;0
11/03/18;0
11/04/18;0
11/05/18;0
11/06/18;0
11/07/18;0
11/08/18;0
11/09/18;0
11/10/18;0
11/11/18;0
11/12/18;2.39
13/11/18;2.39
14/11/18;0
15/11/18;0
16/11/18;0
17/11/18;2.39
18/11/18;0
19/11/18;0
20/11/18;0
21/11/18;0
22/11/18;0
23/11/18;0
24/11/18;0
25/11/18;0
26/11/18;0
27/11/18;0
28/11/18;0
29/11/18;0
30/11/18;0
12/01/18;0
12/01/18;0
12/02/18;0
12/03/18;0
12/04/18;0
12/05/18;0
12/06/18;0
12/07/18;0
12/08/18;0
12/09/18;0
12/10/18;0
12/11/18;0
12/12/18;0
13/12/18;0
14/12/18;0
15/12/18;0
16/12/18;0
17/12/18;0
18/12/18;0
19/12/18;0
20/12/18;0
21/12/18;0
22/12/18;0
23/12/18;0
24/12/18;0
25/12/18;0
26/12/18;0
27/12/18;0
28/12/18;0
29/12/18;0
30/12/18;0
31/12/18;0
01/01/19;0
01/01/19;0
01/02/19;0
01/03/19;0
01/04/19;0
01/05/19;0
01/06/19;0
01/07/19;0.40
01/08/19;0
01/09/19;0
01/10/19;1.20
01/11/19;0.40
01/12/19;0
13/01/19;0
14/01/19;0
15/01/19;0
16/01/19;0
17/01/19;0
18/01/19;0
19/01/19;0
20/01/19;0
21/01/19;0
22/01/19;0
23/01/19;0
24/01/19;0
25/01/19;0
26/01/19;0
27/01/19;0.40
28/01/19;0
29/01/19;0
30/01/19;0
31/01/19;0
02/01/19;0
02/01/19;0
02/02/19;0
02/03/19;0
02/04/19;0
02/05/19;0
02/06/19;0
02/07/19;0
02/08/19;0
02/09/19;0.40
02/10/19;0
02/11/19;0
02/12/19;0.40
13/02/19;0
14/02/19;0
15/02/19;0
16/02/19;0
17/02/19;0
18/02/19;0
19/02/19;0.40
20/02/19;0
21/02/19;0
22/02/19;0
23/02/19;0
24/02/19;0
25/02/19;0
26/02/19;0
27/02/19;0
28/02/19;0.40
03/01/19;0
03/01/19;0
03/02/19;0.80
03/03/19;0
03/04/19;0
03/05/19;0
03/06/19;0
03/07/19;0
03/08/19;0
03/09/19;1.20
03/10/19;0.40
03/11/19;0.40
03/12/19;0
13/03/19;0
14/03/19;0
15/03/19;0.80
16/03/19;0
17/03/19;1.59
18/03/19;0.40
19/03/19;0
20/03/19;0.40
21/03/19;0.40
22/03/19;1.99
23/03/19;0
24/03/19;2.39
25/03/19;3.59
26/03/19;1.99
27/03/19;0.40
28/03/19;1.99
29/03/19;2.39
30/03/19;4.78
31/03/19;3.19
04/09/19;1.59
04/10/19;1.99
16/04/19;7.17
17/04/19;10.76
18/04/19;17.93
19/04/19;10.76
20/04/19;14.34
21/04/19;14.74
24/04/19;7.97
25/04/19;23.91
26/04/19;19.92
27/04/19;10.76
28/04/19;18.33
29/04/19;1.20
30/04/19;13.15
05/01/19;13.95
05/01/19;13.95
05/02/19;14.34
05/03/19;11.56
05/04/19;3.98
05/05/19;7.57
05/06/19;0.40
05/07/19;16.73
05/08/19;28.29
05/09/19;8.77
05/10/19;21.12
05/11/19;48.21
05/12/19;12.35
13/05/19;5.18
14/05/19;7.17
15/05/19;21.91
16/05/19;32.27
17/05/19;43.83
18/05/19;8.77
19/05/19;3.19
20/05/19;14.34
21/05/19;30.68
22/05/19;41.44
23/05/19;35.46
24/05/19;47.81
25/05/19;58.17
26/05/19;1.59
27/05/19;18.73
28/05/19;13.95
29/05/19;12.75
30/05/19;37.06
31/05/19;46.22
06/01/19;55.78
06/01/19;55.78
06/02/19;140.26
06/03/19;123.92
06/04/19;147.83
06/05/19;131.09
06/06/19;75.31
06/07/19;87.66
06/08/19;117.54
06/09/19;156.99
06/10/19;133.08
06/11/19;119.14
06/12/19;72.92
13/06/19;65.35
14/06/19;110.37
15/06/19;39.85
16/06/19;55.78
17/06/19;41.44
18/06/19;54.59
19/06/19;47.42
20/06/19;54.59
21/06/19;53.79
22/06/19;52.20
23/06/19;31.08
26/06/19;28.29
27/06/19;35.46
28/06/19;27.09
29/06/19;27.09
30/06/19;16.34
07/01/19;23.91
07/01/19;23.91
07/02/19;27.89
07/03/19;49.01
07/04/19;16.34
07/05/19;13.15
07/06/19;14.34
07/07/19;3.59
07/08/19;14.74
07/09/19;9.16
07/10/19;9.96
07/11/19;9.96
07/12/19;5.98
13/07/19;3.98
14/07/19;5.58
15/07/19;1.59
16/07/19;3.59
17/07/19;4.78
18/07/19;3.59
19/07/19;11.95
20/07/19;8.77
21/07/19;3.19
22/07/19;9.16
23/07/19;12.75
24/07/19;15.14
25/07/19;15.54
26/07/19;7.97
27/07/19;2.79
28/07/19;0.80
29/07/19;5.98
30/07/19;21.12
31/07/19;4.38
08/01/19;3.59
08/01/19;3.59
08/02/19;6.38
08/03/19;1.99
08/04/19;5.98
08/05/19;2.79
08/06/19;11.56
08/07/19;3.19
08/08/19;4.38
08/09/19;13.55
08/10/19;9.56
08/11/19;9.16
08/12/19;5.98
13/08/19;13.95
14/08/19;3.59
15/08/19;9.96
16/08/19;5.18
17/08/19;8.37
18/08/19;8.37
19/08/19;6.77
20/08/19;5.18
21/08/19;6.77
22/08/19;2.39
23/08/19;0.80
24/08/19;4.78
25/08/19;1.59
09/03/19;1.20
09/04/19;2.79
09/05/19;6.38
09/06/19;1.99
09/07/19;8.77
09/08/19;3.98
09/09/19;3.59
09/10/19;4.78
09/11/19;1.20
09/12/19;4.38
13/09/19;3.19
14/09/19;1.99
15/09/19;2.39
16/09/19;4.78
17/09/19;3.19
18/09/19;3.19
19/09/19;1.20
20/09/19;3.98
21/09/19;1.59
22/09/19;1.59
23/09/19;0.40
24/09/19;0.80
25/09/19;2.79
26/09/19;0.80
27/09/19;1.20
28/09/19;1.59
29/09/19;1.20
30/09/19;1.20
10/01/19;0.80
10/01/19;0.80
10/02/19;1.59
10/03/19;0.40
10/04/19;0.80
10/05/19;0
10/06/19;0.80
10/07/19;0.40
10/08/19;1.59
10/09/19;1.20
10/10/19;1.20
10/11/19;0.40
10/12/19;0.80
13/10/19;0
14/10/19;0.80
15/10/19;1.20
16/10/19;0.40
17/10/19;0
18/10/19;0.40
19/10/19;0
20/10/19;0.80
21/10/19;0.80
22/10/19;1.20
23/10/19;0.40
24/10/19;0.40
25/10/19;0
26/10/19;0
27/10/19;0.80
28/10/19;0
29/10/19;0
30/10/19;0
31/10/19;0
11/01/19;0.40
11/01/19;0.40
11/02/19;0
11/03/19;0.80
11/04/19;0.40
11/05/19;0
11/06/19;0
11/07/19;0
11/08/19;0
11/09/19;0
11/10/19;0
11/11/19;0
11/12/19;0.40
13/11/19;0
14/11/19;0.40
15/11/19;0
16/11/19;0
17/11/19;0
18/11/19;0
19/11/19;0
20/11/19;0
21/11/19;0
22/11/19;0
23/11/19;0
24/11/19;0
25/11/19;0
26/11/19;0
27/11/19;0
28/11/19;0
29/11/19;0
30/11/19;0
12/01/19;0
12/01/19;0
12/02/19;0
12/03/19;0
12/04/19;0
12/05/19;0
12/06/19;0
12/07/19;0
12/08/19;0
12/09/19;0
12/10/19;0
12/11/19;0
12/12/19;0
13/12/19;0
14/12/19;0
15/12/19;0
16/12/19;0
17/12/19;0
18/12/19;0
19/12/19;0
20/12/19;0
21/12/19;0
22/12/19;0
23/12/19;0
24/12/19;0
25/12/19;0
26/12/19;0
27/12/19;0
28/12/19;0
29/12/19;0
30/12/19;0.40
31/12/19;0
01/01/20;0
01/01/20;0
01/02/20;0
01/03/20;0
01/04/20;0
01/05/20;0
01/08/20;0
01/09/20;0
01/10/20;0
01/11/20;0
01/12/20;0
13/01/20;0
14/01/20;0
15/01/20;0
16/01/20;0
17/01/20;0
18/01/20;0
19/01/20;0
20/01/20;0
21/01/20;0.40
22/01/20;0
23/01/20;0.40
24/01/20;0
25/01/20;0
26/01/20;0
27/01/20;0
28/01/20;0
29/01/20;0
30/01/20;0
31/01/20;0
02/01/20;0
02/01/20;0
02/02/20;0.80
02/03/20;0
02/04/20;0.40
02/05/20;0
02/06/20;0
02/07/20;0
02/08/20;0
02/09/20;0
02/10/20;0
02/11/20;0.40
02/12/20;0.80
13/02/20;0.80
14/02/20;0
15/02/20;0
16/02/20;0
17/02/20;0
18/02/20;0
19/02/20;0.40
20/02/20;0
21/02/20;0
22/02/20;0.40
23/02/20;0
24/02/20;0.40
25/02/20;0
26/02/20;0.40
27/02/20;0
28/02/20;0
29/02/20;1.59
03/01/20;0
03/01/20;0
03/02/20;1.20
03/03/20;0
03/04/20;0
03/05/20;0.80
03/06/20;0
03/07/20;0
03/08/20;0.40
03/09/20;0
03/10/20;0
03/11/20;0
03/12/20;0
13/03/20;2.79
14/03/20;1.99
15/03/20;2.39
16/03/20;0
17/03/20;1.99
18/03/20;5.58
19/03/20;2.79
20/03/20;2.79
21/03/20;3.59
22/03/20;1.99
23/03/20;2.79
24/03/20;3.98
25/03/20;0
26/03/20;0.80
27/03/20;0.80
28/03/20;0
29/03/20;0
30/03/20;4.78
31/03/20;4.78
04/01/20;1.99
04/01/20;1.99
04/02/20;3.59
04/03/20;2.79
04/07/20;2.39
04/08/20;1.99
04/09/20;11.16
04/10/20;18.73
04/11/20;11.16
04/12/20;20.32
15/04/20;5.58
16/04/20;4.38
20/04/20;27.89
21/04/20;1.20
22/04/20;8.77
23/04/20;56.58
24/04/20;9.56
25/04/20;28.29
26/04/20;37.45
27/04/20;24.70
28/04/20;6.77
29/04/20;9.16
30/04/20;47.02
05/01/20;20.72
05/01/20;20.72
05/02/20;24.31
05/03/20;35.46
05/04/20;46.22
05/05/20;32.67
05/06/20;19.13
05/07/20;42.63
05/08/20;28.69
05/09/20;47.02
05/10/20;47.02
05/11/20;30.28
05/12/20;39.05
13/05/20;57.38
14/05/20;41.04
15/05/20;37.06
16/05/20;41.84
17/05/20;75.71
18/05/20;45.82
19/05/20;70.13
20/05/20;32.67
21/05/20;32.67
22/05/20;112.76
23/05/20;82.88
24/05/20;37.45
25/05/20;68.53
26/05/20;33.47
27/05/20;56.18
28/05/20;56.58
29/05/20;18.73
30/05/20;23.51
31/05/20;43.43
06/01/20;38.25
06/01/20;38.25
06/02/20;58.97
06/03/20;37.85
06/04/20;49.41
06/05/20;30.68
06/06/20;14.34
06/07/20;30.28
06/08/20;15.54
06/09/20;14.74
06/10/20;3.98
06/11/20;26.30
06/12/20;48.21
13/06/20;31.08
14/06/20;13.15
15/06/20;10.36
16/06/20;17.93
17/06/20;10.76
18/06/20;19.52
19/06/20;11.56
20/06/20;19.52
21/06/20;26.30
22/06/20;23.11
23/06/20;39.85
24/06/20;22.31
25/06/20;22.71
26/06/20;27.09
27/06/20;28.29
28/06/20;13.55
29/06/20;22.31
30/06/20;13.55
07/01/20;15.54
07/01/20;15.54
07/02/20;18.33
07/03/20;17.13
07/04/20;17.13
07/05/20;23.91
07/06/20;19.92
07/07/20;12.75
07/08/20;7.57
07/09/20;9.56
07/10/20;5.18
07/11/20;10.36
07/12/20;7.57
13/07/20;2.39
14/07/20;1.59
15/07/20;6.77
16/07/20;5.18
17/07/20;5.18
18/07/20;2.39
19/07/20;6.77
28/07/20;4.38
29/07/20;5.18
30/07/20;2.79
31/07/20;3.59
08/01/20;2.79
08/01/20;2.79
08/02/20;9.96
08/03/20;1.59
08/04/20;0
08/05/20;5.18
08/06/20;0.80
08/07/20;5.18
08/08/20;1.99
08/09/20;1.59
08/10/20;0.80
08/11/20;0
08/12/20;1.59
13/08/20;2.39
14/08/20;3.59
15/08/20;1.20
16/08/20;1.59
17/08/20;0
18/08/20;0.80
19/08/20;0.80
20/08/20;0.40
21/08/20;0
22/08/20;0
23/08/20;0
24/08/20;1.59
25/08/20;1.99
26/08/20;1.99
27/08/20;1.99
28/08/20;1.59
29/08/20;1.20
30/08/20;0.40
31/08/20;0.40
09/01/20;1.59
09/01/20;1.59
09/02/20;0.40
09/03/20;0
09/04/20;1.59
09/05/20;2.79
09/06/20;2.79
09/07/20;0.80
09/08/20;0.80
09/09/20;1.59
09/10/20;2.79
09/11/20;1.20
09/12/20;2.39
13/09/20;0.80
14/09/20;1.59
15/09/20;1.20
16/09/20;1.99
17/09/20;3.19
18/09/20;1.59
19/09/20;1.20
20/09/20;0.80
21/09/20;0.40
22/09/20;0
23/09/20;0.40
24/09/20;0.40
25/09/20;0.80
26/09/20;0.40
27/09/20;0.40
28/09/20;0.40
29/09/20;0
30/09/20;0
10/01/20;0.40
10/01/20;0.40
10/02/20;1.20
10/03/20;1.20
10/04/20;0
10/05/20;0
10/06/20;0
10/07/20;0.40
10/08/20;0.40
10/09/20;0
10/10/20;0
10/11/20;0.40
10/12/20;0
13/10/20;0.80
14/10/20;0
15/10/20;0
16/10/20;0
17/10/20;0
18/10/20;0
19/10/20;0
20/10/20;0.40
21/10/20;0
22/10/20;0
23/10/20;0.40
24/10/20;0
25/10/20;0
26/10/20;0
27/10/20;0
28/10/20;0
29/10/20;0
30/10/20;0
31/10/20;0
11/01/20;0
11/01/20;0
11/02/20;0
11/03/20;0
11/04/20;0
11/05/20;0
11/06/20;0
11/07/20;0
11/08/20;0
11/09/20;0
11/10/20;0
11/11/20;0
11/12/20;0
13/11/20;0
14/11/20;0
15/11/20;0
16/11/20;0
17/11/20;0
18/11/20;0
19/11/20;0
20/11/20;0
21/11/20;0
22/11/20;0
23/11/20;0
24/11/20;0
25/11/20;0
26/11/20;0
27/11/20;0
28/11/20;0.40
29/11/20;0
30/11/20;0
12/01/20;0
12/01/20;0
12/02/20;0
12/03/20;0
12/04/20;0
12/05/20;0
12/06/20;0
12/10/20;0
12/11/20;0
12/12/20;0
13/12/20;0
14/12/20;0
15/12/20;0
16/12/20;0
17/12/20;0
19/12/20;0
20/12/20;0
21/12/20;0
22/12/20;0
23/12/20;0
24/12/20;0
25/12/20;0
26/12/20;0
27/12/20;0
28/12/20;0
29/12/20;0
30/12/20;0
31/12/20;0
01/01/21;0
