gg/mm/aaaa;Precipitazione [mm]
01/01/09;15.6
02/01/09;0.4
03/01/09;0.2
04/01/09;0.0
05/01/09;0.0
06/01/09;0.0
07/01/09;0.4
08/01/09;7.6
09/01/09;0.0
10/01/09;0.0
11/01/09;0.0
12/01/09;0.0
13/01/09;0.0
14/01/09;3.0
15/01/09;1.6
16/01/09;0.0
17/01/09;0.0
18/01/09;0.0
19/01/09;6.2
20/01/09;2.6
21/01/09;12.4
22/01/09;0.2
23/01/09;0.0
24/01/09;12.0
25/01/09;10.6
26/01/09;0.0
27/01/09;11.2
28/01/09;0.0
29/01/09;0.0
30/01/09;0.0
31/01/09;0.0
01/02/09;0.0
02/02/09;3.2
03/02/09;18.6
04/02/09;11.6
05/02/09;3.4
06/02/09;9.6
07/02/09;13.2
08/02/09;6.4
09/02/09;1.2
10/02/09;0.0
11/02/09;2.0
12/02/09;0.0
13/02/09;0.0
14/02/09;0.0
15/02/09;0.0
16/02/09;0.0
17/02/09;0.0
18/02/09;1.6
19/02/09;0.0
20/02/09;0.0
21/02/09;0.0
22/02/09;0.0
23/02/09;0.0
24/02/09;0.0
25/02/09;0.6
26/02/09;0.0
27/02/09;0.0
28/02/09;0.0
01/03/09;0.0
02/03/09;6.0
03/03/09;0.4
04/03/09;7.6
05/03/09;31.4
06/03/09;10.0
07/03/09;0.0
08/03/09;0.0
09/03/09;0.0
10/03/09;0.0
11/03/09;0.4
12/03/09;0.0
13/03/09;0.0
14/03/09;0.0
15/03/09;0.0
16/03/09;0.0
17/03/09;0.0
18/03/09;0.0
19/03/09;0.0
20/03/09;4.4
21/03/09;0.0
22/03/09;0.0
23/03/09;0.0
24/03/09;0.0
25/03/09;6.0
26/03/09;0.0
27/03/09;0.0
28/03/09;0.0
29/03/09;24.6
30/03/09;28.0
31/03/09;0.0
01/04/09;9.2
02/04/09;15.4
03/04/09;1.4
04/04/09;0.0
05/04/09;0.0
06/04/09;0.0
07/04/09;0.0
08/04/09;0.0
09/04/09;0.0
10/04/09;0.0
11/04/09;2.6
12/04/09;0.0
13/04/09;0.0
14/04/09;0.0
15/04/09;0.0
16/04/09;0.0
17/04/09;5.2
18/04/09;0.6
19/04/09;5.8
20/04/09;2.0
21/04/09;0.0
22/04/09;0.0
23/04/09;0.0
24/04/09;3.4
25/04/09;0.0
26/04/09;0.0
27/04/09;4.0
28/04/09;0.8
29/04/09;1.4
30/04/09;3.0
01/05/09;0.2
02/05/09;0.0
03/05/09;6.4
04/05/09;0.0
05/05/09;0.0
06/05/09;0.0
07/05/09;0.0
08/05/09;0.0
09/05/09;0.0
10/05/09;0.0
11/05/09;0.0
12/05/09;0.0
13/05/09;0.0
14/05/09;0.0
15/05/09;0.0
16/05/09;0.0
17/05/09;0.0
18/05/09;0.0
19/05/09;0.0
20/05/09;0.0
21/05/09;0.0
22/05/09;0.0
23/05/09;0.0
24/05/09;0.0
25/05/09;0.0
26/05/09;0.0
27/05/09;0.0
28/05/09;0.0
29/05/09;0.0
30/05/09;0.0
31/05/09;0.0
01/06/09;5.0
02/06/09;5.8
03/06/09;0.0
04/06/09;0.0
05/06/09;0.0
06/06/09;0.0
07/06/09;1.4
08/06/09;26.6
09/06/09;0.0
10/06/09;0.0
11/06/09;0.0
12/06/09;0.0
13/06/09;0.0
14/06/09;0.0
15/06/09;0.0
16/06/09;0.0
17/06/09;0.0
18/06/09;0.0
19/06/09;0.0
20/06/09;0.0
21/06/09;5.6
22/06/09;0.0
23/06/09;2.0
24/06/09;0.0
25/06/09;0.0
26/06/09;0.0
27/06/09;12.8
28/06/09;7.0
29/06/09;0.8
30/06/09;0.0
01/07/09;0.0
02/07/09;0.0
03/07/09;0.0
04/07/09;0.0
05/07/09;0.0
06/07/09;0.0
07/07/09;13.4
08/07/09;0.0
09/07/09;0.0
10/07/09;0.0
11/07/09;0.2
12/07/09;0.2
13/07/09;0.0
14/07/09;0.0
15/07/09;0.0
16/07/09;0.0
17/07/09;0.0
18/07/09;0.0
19/07/09;0.0
20/07/09;0.0
21/07/09;0.0
22/07/09;0.0
23/07/09;0.0
24/07/09;0.0
25/07/09;0.0
26/07/09;0.0
27/07/09;0.0
28/07/09;0.0
29/07/09;0.0
30/07/09;0.0
31/07/09;0.0
01/08/09;0.0
02/08/09;0.0
03/08/09;0.0
04/08/09;1.0
05/08/09;0.0
06/08/09;0.0
07/08/09;0.0
08/08/09;0.0
09/08/09;3.2
10/08/09;0.0
11/08/09;0.0
12/08/09;0.0
13/08/09;0.0
14/08/09;0.0
15/08/09;0.0
16/08/09;0.0
17/08/09;0.0
18/08/09;2.6
19/08/09;0.0
20/08/09;0.0
21/08/09;0.0
22/08/09;0.0
23/08/09;0.0
24/08/09;0.0
25/08/09;0.0
26/08/09;0.0
27/08/09;0.0
28/08/09;0.0
29/08/09;0.0
30/08/09;0.0
31/08/09;0.0
01/09/09;0.0
02/09/09;0.0
03/09/09;0.0
04/09/09;1.4
05/09/09;0.0
06/09/09;0.0
07/09/09;0.0
08/09/09;0.0
09/09/09;0.0
10/09/09;0.0
11/09/09;0.0
12/09/09;0.0
13/09/09;0.0
14/09/09;0.4
15/09/09;14.2
16/09/09;5.0
17/09/09;5.6
18/09/09;8.8
19/09/09;0.0
20/09/09;0.2
21/09/09;23.4
22/09/09;0.0
23/09/09;0.0
24/09/09;0.0
25/09/09;0.0
26/09/09;0.0
27/09/09;0.0
28/09/09;0.0
29/09/09;0.0
30/09/09;0.0
01/10/09;0.0
02/10/09;0.2
03/10/09;0.0
04/10/09;0.0
05/10/09;1.0
06/10/09;0.0
07/10/09;0.0
08/10/09;0.0
09/10/09;0.0
10/10/09;10.2
11/10/09;0.0
12/10/09;2.8
13/10/09;11.6
14/10/09;0.0
15/10/09;0.0
16/10/09;0.0
17/10/09;0.0
18/10/09;0.0
19/10/09;0.0
20/10/09;0.0
21/10/09;2.0
22/10/09;7.4
23/10/09;1.8
24/10/09;7.0
25/10/09;0.0
26/10/09;0.0
27/10/09;0.0
28/10/09;0.0
29/10/09;0.0
30/10/09;0.2
31/10/09;0.0
01/11/09;0.0
02/11/09;0.0
03/11/09;14.0
04/11/09;0.4
05/11/09;14.6
06/11/09;7.8
07/11/09;0.0
08/11/09;11.2
09/11/09;8.2
10/11/09;0.6
11/11/09;0.0
12/11/09;0.0
13/11/09;0.0
14/11/09;0.0
15/11/09;0.0
16/11/09;0.0
17/11/09;0.0
18/11/09;0.0
19/11/09;0.0
20/11/09;0.2
21/11/09;0.0
22/11/09;0.0
23/11/09;0.0
24/11/09;0.4
25/11/09;0.0
26/11/09;0.0
27/11/09;0.0
28/11/09;4.4
29/11/09;0.0
30/11/09;0.4
01/12/09;39.0
02/12/09;1.6
03/12/09;0.0
04/12/09;13.8
05/12/09;10.4
06/12/09;0.0
07/12/09;1.2
08/12/09;2.2
09/12/09;0.2
10/12/09;0.0
11/12/09;0.2
12/12/09;0.0
13/12/09;0.0
14/12/09;1.0
15/12/09;0.0
16/12/09;0.0
17/12/09;10.2
18/12/09;1.2
19/12/09;2.2
20/12/09;1.8
21/12/09;5.6
22/12/09;16.6
23/12/09;24.0
24/12/09;3.0
25/12/09;11.6
26/12/09;1.4
27/12/09;0.4
28/12/09;0.2
29/12/09;8.0
30/12/09;5.4
31/12/09;3.4
01/01/10;42.4
02/01/10;15.6
03/01/10;0.0
04/01/10;0.2
05/01/10;14.4
06/01/10;22.4
07/01/10;8.6
08/01/10;3.8
09/01/10;12.2
10/01/10;7.0
11/01/10;0.0
12/01/10;0.0
13/01/10;0.0
14/01/10;0.0
15/01/10;0.0
16/01/10;0.0
17/01/10;0.0
18/01/10;0.4
19/01/10;0.0
20/01/10;0.0
21/01/10;0.2
22/01/10;0.0
23/01/10;0.0
24/01/10;0.0
25/01/10;0.0
26/01/10;0.0
27/01/10;0.2
28/01/10;0.0
29/01/10;0.0
30/01/10;15.0
31/01/10;2.0
01/02/10;0.0
02/02/10;0.0
03/02/10;0.0
04/02/10;2.4
05/02/10;1.6
06/02/10;11.0
07/02/10;0.2
08/02/10;0.0
09/02/10;0.0
10/02/10;0.0
11/02/10;0.0
12/02/10;7.0
13/02/10;0.2
14/02/10;0.0
15/02/10;0.2
16/02/10;0.8
17/02/10;0.8
18/02/10;17.0
19/02/10;3.4
20/02/10;20.0
21/02/10;0.0
22/02/10;4.4
23/02/10;19.4
24/02/10;0.6
25/02/10;0.0
26/02/10;0.8
27/02/10;9.4
28/02/10;0.0
01/03/10;0.4
02/03/10;6.8
03/03/10;0.0
04/03/10;20.6
05/03/10;0.6
06/03/10;0.2
07/03/10;0.0
08/03/10;0.0
09/03/10;0.0
10/03/10;4.8
11/03/10;0.2
12/03/10;1.6
13/03/10;0.8
14/03/10;0.0
15/03/10;0.0
16/03/10;0.0
17/03/10;0.0
18/03/10;0.0
19/03/10;0.0
20/03/10;0.0
21/03/10;0.0
22/03/10;2.0
23/03/10;0.2
24/03/10;0.0
25/03/10;0.0
26/03/10;0.0
27/03/10;0.0
28/03/10;0.0
29/03/10;0.0
30/03/10;0.0
31/03/10;1.4
01/04/10;0.2
02/04/10;1.6
03/04/10;1.6
04/04/10;0.0
05/04/10;47.6
06/04/10;0.0
07/04/10;0.0
08/04/10;0.0
09/04/10;0.0
10/04/10;0.0
11/04/10;9.2
12/04/10;1.0
13/04/10;0.0
14/04/10;0.0
15/04/10;0.0
16/04/10;0.0
17/04/10;0.0
18/04/10;5.0
19/04/10;0.0
20/04/10;0.0
21/04/10;0.0
22/04/10;0.0
23/04/10;4.4
24/04/10;11.0
25/04/10;0.0
26/04/10;0.0
27/04/10;0.0
28/04/10;0.0
29/04/10;0.0
30/04/10;0.0
01/05/10;0.0
02/05/10;2.2
03/05/10;35.8
04/05/10;12.0
05/05/10;9.2
06/05/10;12.8
07/05/10;2.4
08/05/10;1.8
09/05/10;2.0
10/05/10;0.0
11/05/10;19.4
12/05/10;10.2
13/05/10;4.6
14/05/10;0.2
15/05/10;8.4
16/05/10;9.4
17/05/10;0.0
18/05/10;0.0
19/05/10;0.0
20/05/10;6.6
21/05/10;0.0
22/05/10;0.0
23/05/10;0.0
24/05/10;0.0
25/05/10;0.0
26/05/10;0.0
27/05/10;0.0
28/05/10;0.0
29/05/10;0.0
30/05/10;0.0
31/05/10;0.0
01/06/10;0.0
02/06/10;0.0
03/06/10;10.2
04/06/10;1.8
05/06/10;0.0
06/06/10;0.0
07/06/10;0.0
08/06/10;0.0
09/06/10;0.0
10/06/10;0.0
11/06/10;0.0
12/06/10;0.0
13/06/10;0.0
14/06/10;0.8
15/06/10;0.2
16/06/10;17.0
17/06/10;4.2
18/06/10;29.2
19/06/10;18.2
20/06/10;9.0
21/06/10;16.0
22/06/10;0.0
23/06/10;0.6
24/06/10;0.0
25/06/10;0.0
26/06/10;0.0
27/06/10;0.0
28/06/10;0.0
29/06/10;0.0
30/06/10;0.0
01/07/10;0.0
02/07/10;0.0
03/07/10;0.0
04/07/10;0.0
05/07/10;0.0
06/07/10;0.0
07/07/10;0.0
08/07/10;0.0
09/07/10;0.0
10/07/10;0.0
11/07/10;0.0
12/07/10;0.0
13/07/10;0.0
14/07/10;0.0
15/07/10;0.0
16/07/10;0.0
17/07/10;0.0
18/07/10;0.0
19/07/10;0.0
20/07/10;0.0
21/07/10;0.0
22/07/10;0.0
23/07/10;0.0
24/07/10;0.0
25/07/10;0.0
26/07/10;0.0
27/07/10;0.0
28/07/10;2.8
29/07/10;0.0
30/07/10;49.2
31/07/10;0.0
01/08/10;0.0
02/08/10;0.0
03/08/10;0.0
04/08/10;0.0
05/08/10;0.0
06/08/10;16.2
07/08/10;0.0
08/08/10;0.0
09/08/10;0.0
10/08/10;0.0
11/08/10;0.0
12/08/10;0.0
13/08/10;0.0
14/08/10;13.6
15/08/10;20.4
16/08/10;0.0
17/08/10;0.0
18/08/10;0.0
19/08/10;0.0
20/08/10;0.0
21/08/10;0.0
22/08/10;0.0
23/08/10;0.0
24/08/10;0.0
25/08/10;0.0
26/08/10;0.0
27/08/10;0.0
28/08/10;0.0
29/08/10;0.0
30/08/10;0.0
31/08/10;3.8
01/09/10;0.0
02/09/10;0.0
03/09/10;0.0
04/09/10;0.0
05/09/10;0.0
06/09/10;0.0
07/09/10;0.0
08/09/10;0.0
09/09/10;6.0
10/09/10;0.2
11/09/10;0.0
12/09/10;0.0
13/09/10;0.0
14/09/10;11.6
15/09/10;0.0
16/09/10;0.0
17/09/10;0.0
18/09/10;1.0
19/09/10;26.0
20/09/10;0.0
21/09/10;0.0
22/09/10;0.0
23/09/10;0.0
24/09/10;0.0
25/09/10;11.4
26/09/10;0.0
27/09/10;0.2
28/09/10;0.8
29/09/10;0.2
30/09/10;0.0
01/10/10;0.0
02/10/10;0.8
03/10/10;0.0
04/10/10;0.0
05/10/10;48.2
06/10/10;0.2
07/10/10;0.0
08/10/10;0.0
09/10/10;0.0
10/10/10;0.0
11/10/10;0.0
12/10/10;0.0
13/10/10;0.0
14/10/10;0.0
15/10/10;0.0
16/10/10;2.4
17/10/10;32.0
18/10/10;0.4
19/10/10;0.0
20/10/10;0.6
21/10/10;4.6
22/10/10;0.0
23/10/10;0.0
24/10/10;0.0
25/10/10;16.4
26/10/10;2.4
27/10/10;0.0
28/10/10;0.0
29/10/10;0.0
30/10/10;0.0
31/10/10;4.8
01/11/10;23.8
02/11/10;9.8
03/11/10;5.8
04/11/10;0.8
05/11/10;0.2
06/11/10;0.0
07/11/10;0.2
08/11/10;42.8
09/11/10;21.2
10/11/10;27.6
11/11/10;24.4
12/11/10;5.0
13/11/10;1.0
14/11/10;0.2
15/11/10;0.0
16/11/10;14.8
17/11/10;0.2
18/11/10;0.0
19/11/10;22.2
20/11/10;9.8
21/11/10;3.6
22/11/10;18.4
23/11/10;6.8
24/11/10;0.0
25/11/10;0.0
26/11/10;17.2
27/11/10;0.2
28/11/10;2.0
29/11/10;21.6
30/11/10;0.2
01/12/10;20.2
02/12/10;9.0
03/12/10;17.2
04/12/10;4.4
05/12/10;0.0
06/12/10;0.6
07/12/10;3.4
08/12/10;0.2
09/12/10;4.0
10/12/10;0.0
11/12/10;0.0
12/12/10;0.0
13/12/10;0.0
14/12/10;0.0
15/12/10;0.0
16/12/10;0.0
17/12/10;0.0
18/12/10;0.0
19/12/10;13.2
20/12/10;14.0
21/12/10;0.0
22/12/10;11.6
23/12/10;5.0
24/12/10;12.8
25/12/10;26.8
26/12/10;1.0
27/12/10;0.0
28/12/10;0.0
29/12/10;0.0
30/12/10;0.0
31/12/10;0.4
01/01/11;0.0
02/01/11;0.0
03/01/11;0.0
04/01/11;0.0
05/01/11;0.0
06/01/11;0.2
07/01/11;1.2
08/01/11;0.0
09/01/11;0.0
10/01/11;0.0
11/01/11;12.8
12/01/11;6.0
13/01/11;0.0
14/01/11;0.0
15/01/11;0.0
16/01/11;0.2
17/01/11;0.0
18/01/11;0.2
19/01/11;0.0
20/01/11;6.6
21/01/11;0.0
22/01/11;0.0
23/01/11;0.0
24/01/11;0.0
25/01/11;0.0
26/01/11;3.0
27/01/11;0.2
28/01/11;0.0
29/01/11;0.0
30/01/11;12.0
31/01/11;6.6
01/02/11;0.0
02/02/11;0.0
03/02/11;0.0
04/02/11;0.0
05/02/11;0.0
06/02/11;0.0
07/02/11;0.0
08/02/11;0.2
09/02/11;0.0
10/02/11;0.2
11/02/11;0.0
12/02/11;0.0
13/02/11;2.8
14/02/11;0.8
15/02/11;0.0
16/02/11;12.0
17/02/11;15.2
18/02/11;10.0
19/02/11;0.0
20/02/11;0.0
21/02/11;9.4
22/02/11;0.0
23/02/11;0.0
24/02/11;0.0
25/02/11;0.0
26/02/11;0.0
27/02/11;0.4
28/02/11;9.2
01/03/11;0.0
02/03/11;0.2
03/03/11;0.2
04/03/11;0.8
05/03/11;0.0
06/03/11;3.8
07/03/11;0.0
08/03/11;0.0
09/03/11;0.0
10/03/11;0.0
11/03/11;0.0
12/03/11;0.0
13/03/11;0.2
14/03/11;18.6
15/03/11;13.8
16/03/11;18.8
17/03/11;10.6
18/03/11;1.2
19/03/11;0.0
20/03/11;0.2
21/03/11;0.0
22/03/11;0.0
23/03/11;0.0
24/03/11;0.0
25/03/11;0.0
26/03/11;0.0
27/03/11;0.0
28/03/11;14.8
29/03/11;19.6
30/03/11;0.0
31/03/11;0.0
01/04/11;0.0
02/04/11;0.0
03/04/11;0.0
04/04/11;0.0
05/04/11;0.0
06/04/11;0.0
07/04/11;0.0
08/04/11;0.0
09/04/11;0.0
10/04/11;0.0
11/04/11;0.0
12/04/11;0.0
13/04/11;1.0
14/04/11;0.0
15/04/11;2.2
16/04/11;0.0
17/04/11;0.0
18/04/11;0.0
19/04/11;0.0
20/04/11;0.0
21/04/11;0.0
22/04/11;0.0
23/04/11;0.6
24/04/11;1.2
25/04/11;0.0
26/04/11;0.0
27/04/11;0.0
28/04/11;0.0
29/04/11;0.0
30/04/11;3.2
01/05/11;0.0
02/05/11;0.0
03/05/11;20.2
04/05/11;0.0
05/05/11;0.0
06/05/11;0.0
07/05/11;0.0
08/05/11;0.0
09/05/11;0.0
10/05/11;0.0
11/05/11;0.0
12/05/11;0.0
13/05/11;0.0
14/05/11;0.0
15/05/11;0.8
16/05/11;9.6
17/05/11;0.0
18/05/11;0.0
19/05/11;0.0
20/05/11;1.2
21/05/11;0.0
22/05/11;0.0
23/05/11;0.0
24/05/11;0.0
25/05/11;0.0
26/05/11;0.0
27/05/11;0.0
28/05/11;0.0
29/05/11;0.0
30/05/11;0.0
31/05/11;0.0
01/06/11;0.6
02/06/11;0.2
03/06/11;0.0
04/06/11;0.0
05/06/11;0.0
06/06/11;57.0
07/06/11;14.4
08/06/11;18.0
09/06/11;47.2
10/06/11;0.0
11/06/11;0.0
12/06/11;0.0
13/06/11;24.6
14/06/11;0.0
15/06/11;0.0
16/06/11;0.0
17/06/11;0.0
18/06/11;0.0
19/06/11;0.0
20/06/11;0.0
21/06/11;0.0
22/06/11;0.0
23/06/11;0.0
24/06/11;0.0
25/06/11;0.0
26/06/11;0.0
27/06/11;0.0
28/06/11;0.0
29/06/11;0.0
30/06/11;0.0
01/07/11;0.0
02/07/11;19.4
03/07/11;0.0
04/07/11;0.0
05/07/11;0.8
06/07/11;0.0
07/07/11;0.0
08/07/11;0.0
09/07/11;0.0
10/07/11;0.0
11/07/11;0.0
12/07/11;0.0
13/07/11;0.0
14/07/11;0.0
15/07/11;0.0
16/07/11;0.0
17/07/11;0.0
18/07/11;7.0
19/07/11;0.0
20/07/11;5.8
21/07/11;0.0
22/07/11;0.0
23/07/11;0.0
24/07/11;1.0
25/07/11;3.0
26/07/11;0.0
27/07/11;0.0
28/07/11;5.4
29/07/11;0.6
30/07/11;0.0
31/07/11;0.0
01/08/11;0.0
02/08/11;0.0
03/08/11;0.0
04/08/11;0.0
05/08/11;0.0
06/08/11;0.0
07/08/11;0.0
08/08/11;0.0
09/08/11;0.2
10/08/11;0.0
11/08/11;0.0
12/08/11;0.0
13/08/11;0.0
14/08/11;0.0
15/08/11;0.0
16/08/11;0.0
17/08/11;0.0
18/08/11;0.0
19/08/11;0.0
20/08/11;0.0
21/08/11;0.0
22/08/11;0.0
23/08/11;0.0
24/08/11;0.0
25/08/11;0.0
26/08/11;0.0
27/08/11;0.0
28/08/11;0.0
29/08/11;0.0
30/08/11;0.0
31/08/11;0.0
01/09/11;0.0
02/09/11;0.0
03/09/11;0.0
04/09/11;0.0
05/09/11;12.6
06/09/11;0.2
07/09/11;0.0
08/09/11;0.0
09/09/11;0.0
10/09/11;0.0
11/09/11;0.0
12/09/11;0.0
13/09/11;0.0
14/09/11;0.0
15/09/11;0.0
16/09/11;0.0
17/09/11;0.0
18/09/11;0.0
19/09/11;10.8
20/09/11;0.2
21/09/11;0.0
22/09/11;0.0
23/09/11;0.0
24/09/11;0.0
25/09/11;0.0
26/09/11;11.6
27/09/11;0.0
28/09/11;0.0
29/09/11;0.0
30/09/11;0.0
01/10/11;0.0
02/10/11;0.0
03/10/11;0.0
04/10/11;0.0
05/10/11;0.0
06/10/11;0.0
07/10/11;0.0
08/10/11;8.4
09/10/11;0.0
10/10/11;0.0
11/10/11;0.0
12/10/11;0.0
13/10/11;0.0
14/10/11;0.0
15/10/11;0.0
16/10/11;0.0
17/10/11;0.0
18/10/11;0.0
19/10/11;0.0
20/10/11;0.0
21/10/11;17.6
22/10/11;0.0
23/10/11;0.0
24/10/11;0.0
25/10/11;2.8
26/10/11;38.8
27/10/11;1.8
28/10/11;0.2
29/10/11;0.0
30/10/11;0.2
31/10/11;0.0
01/11/11;0.0
02/11/11;0.0
03/11/11;0.0
04/11/11;0.0
05/11/11;0.0
06/11/11;2.2
07/11/11;0.0
08/11/11;11.6
09/11/11;0.0
10/11/11;0.0
11/11/11;0.0
12/11/11;0.0
13/11/11;0.0
14/11/11;0.0
15/11/11;0.0
16/11/11;0.0
17/11/11;0.0
18/11/11;0.0
19/11/11;0.2
20/11/11;0.0
21/11/11;0.2
22/11/11;0.0
23/11/11;0.0
24/11/11;0.0
25/11/11;0.0
26/11/11;0.0
27/11/11;0.0
28/11/11;0.0
29/11/11;0.0
30/11/11;0.0
01/12/11;0.2
02/12/11;6.6
03/12/11;0.0
04/12/11;3.6
05/12/11;8.8
06/12/11;12.8
07/12/11;1.0
08/12/11;0.0
09/12/11;0.2
10/12/11;2.2
11/12/11;3.4
12/12/11;5.8
13/12/11;11.2
14/12/11;0.0
15/12/11;5.8
16/12/11;2.2
17/12/11;4.0
18/12/11;0.0
19/12/11;0.0
20/12/11;0.0
21/12/11;0.2
22/12/11;0.0
23/12/11;0.0
24/12/11;0.0
25/12/11;1.6
26/12/11;0.0
27/12/11;0.0
28/12/11;0.0
29/12/11;0.0
30/12/11;0.0
31/12/11;0.0
01/01/12;0.0
02/01/12;0.0
03/01/12;11.8
04/01/12;0.0
05/01/12;4.2
06/01/12;2.0
07/01/12;0.0
08/01/12;0.0
09/01/12;0.0
10/01/12;0.2
11/01/12;0.0
12/01/12;0.2
13/01/12;0.0
14/01/12;0.0
15/01/12;0.0
16/01/12;0.0
17/01/12;0.0
18/01/12;0.0
19/01/12;0.0
20/01/12;0.6
21/01/12;0.0
22/01/12;0.2
23/01/12;0.0
24/01/12;0.0
25/01/12;0.0
26/01/12;0.0
27/01/12;0.0
28/01/12;0.0
29/01/12;0.0
30/01/12;0.0
31/01/12;0.0
01/02/12;0.2
02/02/12;3.0
03/02/12;0.0
04/02/12;0.0
05/02/12;0.0
06/02/12;0.0
07/02/12;0.0
08/02/12;0.0
09/02/12;0.0
10/02/12;0.0
11/02/12;0.0
12/02/12;0.0
13/02/12;0.0
14/02/12;0.0
15/02/12;0.0
16/02/12;0.4
17/02/12;0.0
18/02/12;0.0
19/02/12;2.2
20/02/12;1.0
21/02/12;3.6
22/02/12;0.0
23/02/12;0.0
24/02/12;0.0
25/02/12;0.0
26/02/12;0.0
27/02/12;0.0
28/02/12;0.0
29/02/12;0.0
01/03/12;0.0
02/03/12;0.2
03/03/12;0.0
04/03/12;0.0
05/03/12;0.0
06/03/12;13.4
07/03/12;0.4
08/03/12;0.0
09/03/12;0.0
10/03/12;0.0
11/03/12;0.0
12/03/12;0.0
13/03/12;0.0
14/03/12;0.0
15/03/12;0.0
16/03/12;0.0
17/03/12;0.0
18/03/12;0.0
19/03/12;0.8
20/03/12;1.0
21/03/12;0.0
22/03/12;0.0
23/03/12;0.0
24/03/12;0.0
25/03/12;0.0
26/03/12;0.0
27/03/12;0.0
28/03/12;0.0
29/03/12;0.0
30/03/12;0.0
31/03/12;0.0
01/04/12;0.0
02/04/12;0.0
03/04/12;0.2
04/04/12;0.8
05/04/12;0.0
06/04/12;0.8
07/04/12;0.0
08/04/12;2.4
09/04/12;8.2
10/04/12;0.0
11/04/12;7.8
12/04/12;29.6
13/04/12;0.0
14/04/12;0.0
15/04/12;19.2
16/04/12;0.4
17/04/12;1.8
18/04/12;0.4
19/04/12;11.0
20/04/12;8.6
21/04/12;24.6
22/04/12;1.6
23/04/12;0.0
24/04/12;5.8
25/04/12;1.4
26/04/12;0.0
27/04/12;0.0
28/04/12;0.0
29/04/12;0.0
30/04/12;0.8
01/05/12;4.6
02/05/12;6.4
03/05/12;0.0
04/05/12;0.0
05/05/12;0.0
06/05/12;1.0
07/05/12;31.0
08/05/12;0.0
09/05/12;0.0
10/05/12;0.0
11/05/12;0.0
12/05/12;0.0
13/05/12;0.0
14/05/12;6.4
15/05/12;0.0
16/05/12;1.6
17/05/12;0.0
18/05/12;0.0
19/05/12;0.0
20/05/12;1.0
21/05/12;31.6
22/05/12;11.2
23/05/12;0.2
24/05/12;0.2
25/05/12;0.4
26/05/12;0.0
27/05/12;0.0
28/05/12;0.6
29/05/12;0.0
30/05/12;0.0
31/05/12;0.0
01/06/12;0.0
02/06/12;0.0
03/06/12;0.0
04/06/12;0.0
05/06/12;1.0
06/06/12;0.0
07/06/12;0.0
08/06/12;0.0
09/06/12;0.2
10/06/12;0.0
11/06/12;27.4
12/06/12;3.4
13/06/12;0.0
14/06/12;0.0
15/06/12;0.0
16/06/12;0.0
17/06/12;0.0
18/06/12;0.0
19/06/12;0.0
20/06/12;0.0
21/06/12;0.0
22/06/12;0.0
23/06/12;0.0
24/06/12;0.0
25/06/12;0.0
26/06/12;0.0
27/06/12;0.0
28/06/12;0.0
29/06/12;0.0
30/06/12;0.0
01/07/12;0.0
02/07/12;0.0
03/07/12;0.0
04/07/12;0.0
05/07/12;0.0
06/07/12;0.0
07/07/12;0.0
08/07/12;0.0
09/07/12;0.0
10/07/12;0.0
11/07/12;0.0
12/07/12;0.0
13/07/12;0.0
14/07/12;0.0
15/07/12;0.0
16/07/12;0.0
17/07/12;0.0
18/07/12;0.0
19/07/12;0.0
20/07/12;0.0
21/07/12;0.0
22/07/12;0.0
23/07/12;0.0
24/07/12;0.0
25/07/12;0.0
26/07/12;0.0
27/07/12;0.0
28/07/12;0.0
29/07/12;0.0
30/07/12;0.0
31/07/12;0.0
01/08/12;0.0
02/08/12;0.0
03/08/12;0.0
04/08/12;0.0
05/08/12;0.0
06/08/12;0.0
07/08/12;0.0
08/08/12;0.0
09/08/12;0.0
10/08/12;0.0
11/08/12;0.0
12/08/12;0.0
13/08/12;0.0
14/08/12;0.0
15/08/12;0.2
16/08/12;0.0
17/08/12;0.0
18/08/12;0.0
19/08/12;0.0
20/08/12;0.0
21/08/12;0.0
22/08/12;0.0
23/08/12;0.0
24/08/12;0.0
25/08/12;0.0
26/08/12;0.0
27/08/12;7.6
28/08/12;0.0
29/08/12;0.0
30/08/12;0.0
31/08/12;18.6
01/09/12;1.6
02/09/12;7.6
03/09/12;16.8
04/09/12;1.6
05/09/12;0.0
06/09/12;0.0
07/09/12;0.0
08/09/12;0.0
09/09/12;0.0
10/09/12;0.0
11/09/12;0.0
12/09/12;0.0
13/09/12;0.4
14/09/12;0.0
15/09/12;0.0
16/09/12;0.0
17/09/12;0.0
18/09/12;0.0
19/09/12;0.8
20/09/12;22.4
21/09/12;0.0
22/09/12;0.0
23/09/12;0.0
24/09/12;0.0
25/09/12;0.0
26/09/12;0.0
27/09/12;0.0
28/09/12;4.2
29/09/12;0.0
30/09/12;0.4
01/10/12;45.4
02/10/12;6.0
03/10/12;0.0
04/10/12;0.0
05/10/12;0.0
06/10/12;0.0
07/10/12;0.0
08/10/12;0.0
09/10/12;8.2
10/10/12;0.6
11/10/12;0.0
12/10/12;8.4
13/10/12;0.8
14/10/12;0.0
15/10/12;0.0
16/10/12;21.2
17/10/12;0.0
18/10/12;0.0
19/10/12;0.0
20/10/12;0.0
21/10/12;0.0
22/10/12;0.0
23/10/12;0.0
24/10/12;0.0
25/10/12;0.0
26/10/12;0.0
27/10/12;18.8
28/10/12;13.2
29/10/12;18.2
30/10/12;0.0
31/10/12;0.2
01/11/12;22.6
02/11/12;2.8
03/11/12;1.6
04/11/12;4.4
05/11/12;3.8
06/11/12;0.0
07/11/12;0.6
08/11/12;0.0
09/11/12;0.0
10/11/12;0.4
11/11/12;8.4
12/11/12;5.4
13/11/12;12.6
14/11/12;0.2
15/11/12;0.0
16/11/12;0.0
17/11/12;0.0
18/11/12;0.0
19/11/12;0.0
20/11/12;2.2
21/11/12;0.0
22/11/12;0.0
23/11/12;0.2
24/11/12;0.0
25/11/12;0.0
26/11/12;0.0
27/11/12;0.0
28/11/12;96.6
29/11/12;19.4
30/11/12;3.6
01/12/12;3.2
02/12/12;1.2
03/12/12;0.0
04/12/12;0.0
05/12/12;0.4
06/12/12;0.0
07/12/12;0.2
08/12/12;22.6
09/12/12;0.0
10/12/12;0.0
11/12/12;0.8
12/12/12;0.0
13/12/12;0.0
14/12/12;2.2
15/12/12;11.0
16/12/12;10.8
17/12/12;11.4
18/12/12;17.6
19/12/12;0.0
20/12/12;0.0
21/12/12;4.6
22/12/12;2.6
23/12/12;0.8
24/12/12;1.0
25/12/12;0.0
26/12/12;0.4
27/12/12;6.6
28/12/12;2.0
29/12/12;0.0
30/12/12;0.0
31/12/12;0.0
01/01/13;0.2
02/01/13;4.2
03/01/13;1.6
04/01/13;0.2
05/01/13;0.0
06/01/13;0.0
07/01/13;0.0
08/01/13;0.2
09/01/13;0.0
10/01/13;0.0
11/01/13;1.8
12/01/13;8.6
13/01/13;5.6
14/01/13;19.8
15/01/13;4.0
16/01/13;10.2
17/01/13;5.6
18/01/13;0.6
19/01/13;0.0
20/01/13;17.4
21/01/13;14.6
22/01/13;3.2
23/01/13;2.4
24/01/13;0.2
25/01/13;0.0
26/01/13;0.0
27/01/13;0.0
28/01/13;5.6
29/01/13;3.2
30/01/13;0.8
31/01/13;0.0
01/02/13;0.0
02/02/13;0.2
03/02/13;16.0
04/02/13;0.0
05/02/13;0.0
06/02/13;4.4
07/02/13;0.4
08/02/13;0.0
09/02/13;0.0
10/02/13;0.0
11/02/13;0.2
12/02/13;5.8
13/02/13;2.8
14/02/13;0.0
15/02/13;0.0
16/02/13;0.0
17/02/13;0.0
18/02/13;0.0
19/02/13;0.0
20/02/13;0.0
21/02/13;0.0
22/02/13;5.8
23/02/13;10.2
24/02/13;33.0
25/02/13;6.2
26/02/13;0.4
27/02/13;0.0
28/02/13;0.0
01/03/13;0.0
02/03/13;0.0
03/03/13;0.0
04/03/13;0.0
05/03/13;0.0
06/03/13;10.8
07/03/13;3.6
08/03/13;7.6
09/03/13;12.6
10/03/13;12.0
11/03/13;34.8
12/03/13;14.8
13/03/13;13.4
14/03/13;14.4
15/03/13;0.0
16/03/13;0.0
17/03/13;0.0
18/03/13;27.2
19/03/13;7.2
20/03/13;0.0
21/03/13;11.2
22/03/13;0.0
23/03/13;0.0
24/03/13;4.6
25/03/13;1.0
26/03/13;2.8
27/03/13;6.0
28/03/13;0.0
29/03/13;2.8
30/03/13;0.2
31/03/13;11.4
01/04/13;0.0
02/04/13;10.6
03/04/13;0.0
04/04/13;0.0
05/04/13;4.2
06/04/13;9.4
07/04/13;0.0
08/04/13;0.0
09/04/13;6.6
10/04/13;5.2
11/04/13;0.0
12/04/13;0.0
13/04/13;0.0
14/04/13;0.0
15/04/13;0.0
16/04/13;0.0
17/04/13;0.0
18/04/13;0.0
19/04/13;0.0
20/04/13;0.0
21/04/13;0.0
22/04/13;0.0
23/04/13;2.0
24/04/13;0.2
25/04/13;0.0
26/04/13;0.0
27/04/13;0.0
28/04/13;3.4
29/04/13;0.0
30/04/13;1.6
01/05/13;0.2
02/05/13;3.8
03/05/13;1.2
04/05/13;0.0
05/05/13;0.0
06/05/13;3.8
07/05/13;0.2
08/05/13;0.4
09/05/13;4.2
10/05/13;0.0
11/05/13;6.0
12/05/13;0.0
13/05/13;20.6
14/05/13;0.0
15/05/13;0.0
16/05/13;18.2
17/05/13;7.8
18/05/13;5.0
19/05/13;5.4
20/05/13;2.2
21/05/13;0.0
22/05/13;0.0
23/05/13;3.2
24/05/13;0.0
25/05/13;4.4
26/05/13;21.0
27/05/13;0.0
28/05/13;0.2
29/05/13;0.2
30/05/13;5.8
31/05/13;2.6
01/06/13;0.2
02/06/13;0.0
03/06/13;3.8
04/06/13;16.0
05/06/13;0.0
06/06/13;0.6
07/06/13;0.0
08/06/13;0.2
09/06/13;0.0
10/06/13;6.0
11/06/13;1.0
12/06/13;0.0
13/06/13;0.0
14/06/13;0.0
15/06/13;0.0
16/06/13;0.0
17/06/13;0.0
18/06/13;0.0
19/06/13;0.0
20/06/13;0.0
21/06/13;0.0
22/06/13;0.0
23/06/13;0.0
24/06/13;0.0
25/06/13;13.0
26/06/13;0.0
27/06/13;0.0
28/06/13;0.0
29/06/13;0.0
30/06/13;0.0
01/07/13;0.0
02/07/13;0.0
03/07/13;0.0
04/07/13;0.0
05/07/13;10.4
06/07/13;0.0
07/07/13;0.0
08/07/13;0.0
09/07/13;0.0
10/07/13;0.0
11/07/13;21.2
12/07/13;0.0
13/07/13;0.0
14/07/13;0.0
15/07/13;0.0
16/07/13;0.0
17/07/13;0.0
18/07/13;0.0
19/07/13;23.0
20/07/13;0.0
21/07/13;0.0
22/07/13;0.0
23/07/13;0.0
24/07/13;0.0
25/07/13;0.0
26/07/13;0.0
27/07/13;0.0
28/07/13;0.0
29/07/13;0.0
30/07/13;5.2
31/07/13;0.0
01/08/13;0.0
02/08/13;0.0
03/08/13;0.0
04/08/13;0.0
05/08/13;0.0
06/08/13;0.0
07/08/13;0.0
08/08/13;0.0
09/08/13;0.0
10/08/13;0.0
11/08/13;0.0
12/08/13;0.0
13/08/13;0.0
14/08/13;0.0
15/08/13;0.0
16/08/13;0.0
17/08/13;0.0
18/08/13;0.0
19/08/13;0.0
20/08/13;14.8
21/08/13;0.0
22/08/13;0.0
23/08/13;0.0
24/08/13;0.0
25/08/13;16.4
26/08/13;0.0
27/08/13;0.0
28/08/13;0.8
29/08/13;0.0
30/08/13;0.8
31/08/13;0.0
01/09/13;0.0
02/09/13;0.0
03/09/13;0.0
04/09/13;0.0
05/09/13;0.0
06/09/13;0.0
07/09/13;0.0
08/09/13;0.0
09/09/13;3.4
10/09/13;0.0
11/09/13;10.4
12/09/13;0.0
13/09/13;0.0
14/09/13;0.0
15/09/13;3.8
16/09/13;14.8
17/09/13;0.2
18/09/13;0.0
19/09/13;0.0
20/09/13;0.0
21/09/13;0.0
22/09/13;0.0
23/09/13;0.0
24/09/13;0.0
25/09/13;0.0
26/09/13;0.0
27/09/13;0.0
28/09/13;0.0
29/09/13;22.6
30/09/13;23.2
01/10/13;2.8
02/10/13;0.0
03/10/13;0.0
04/10/13;0.0
05/10/13;13.6
06/10/13;26.2
07/10/13;1.2
08/10/13;11.2
09/10/13;0.0
10/10/13;0.8
11/10/13;8.8
12/10/13;4.6
13/10/13;0.2
14/10/13;0.0
15/10/13;4.4
16/10/13;10.0
17/10/13;0.0
18/10/13;0.0
19/10/13;0.0
20/10/13;0.0
21/10/13;47.2
22/10/13;0.4
23/10/13;0.0
24/10/13;26.8
25/10/13;0.0
26/10/13;0.0
27/10/13;0.0
28/10/13;0.0
29/10/13;0.0
30/10/13;0.0
31/10/13;0.0
01/11/13;0.0
02/11/13;0.0
03/11/13;0.0
04/11/13;0.0
05/11/13;20.2
06/11/13;0.0
07/11/13;0.2
08/11/13;0.0
09/11/13;0.0
10/11/13;9.8
11/11/13;20.6
12/11/13;1.0
13/11/13;0.0
14/11/13;0.0
15/11/13;17.2
16/11/13;0.0
17/11/13;0.0
18/11/13;0.0
19/11/13;3.2
20/11/13;3.6
21/11/13;7.6
22/11/13;27.6
23/11/13;3.2
24/11/13;0.8
25/11/13;0.0
26/11/13;0.2
27/11/13;0.0
28/11/13;0.0
29/11/13;0.0
30/11/13;0.2
01/12/13;0.0
02/12/13;0.0
03/12/13;0.0
04/12/13;0.0
05/12/13;0.0
06/12/13;0.0
07/12/13;0.2
08/12/13;0.2
09/12/13;0.0
10/12/13;0.2
11/12/13;0.0
12/12/13;0.2
13/12/13;0.0
14/12/13;0.0
15/12/13;0.0
16/12/13;0.0
17/12/13;0.0
18/12/13;0.2
19/12/13;0.0
20/12/13;0.6
21/12/13;0.8
22/12/13;0.0
23/12/13;0.2
24/12/13;0.0
25/12/13;0.0
26/12/13;10.0
27/12/13;4.2
28/12/13;0.2
29/12/13;5.8
30/12/13;0.2
31/12/13;0.0
01/01/14;0.0
02/01/14;0.0
03/01/14;13.6
04/01/14;5.0
05/01/14;6.2
06/01/14;0.4
07/01/14;0.2
08/01/14;0.0
09/01/14;0.0
10/01/14;0.0
11/01/14;0.0
12/01/14;0.0
13/01/14;0.2
14/01/14;3.2
15/01/14;12.8
16/01/14;0.0
17/01/14;0.0
18/01/14;34.6
19/01/14;9.4
20/01/14;9.8
21/01/14;0.0
22/01/14;0.0
23/01/14;0.2
24/01/14;18.4
25/01/14;0.0
26/01/14;0.0
27/01/14;1.0
28/01/14;11.8
29/01/14;0.0
30/01/14;16.6
31/01/14;41.8
01/02/14;6.8
02/02/14;0.8
03/02/14;3.8
04/02/14;2.4
05/02/14;6.6
06/02/14;10.0
07/02/14;0.0
08/02/14;15.0
09/02/14;2.4
10/02/14;4.2
11/02/14;44.6
12/02/14;1.2
13/02/14;0.0
14/02/14;3.0
15/02/14;0.0
16/02/14;0.0
17/02/14;0.0
18/02/14;0.0
19/02/14;0.0
20/02/14;28.4
21/02/14;3.2
22/02/14;7.4
23/02/14;4.8
24/02/14;0.0
25/02/14;0.0
26/02/14;0.0
27/02/14;19.4
28/02/14;1.6
01/03/14;3.4
02/03/14;0.0
03/03/14;0.0
04/03/14;2.6
05/03/14;2.8
06/03/14;0.0
07/03/14;0.0
08/03/14;0.0
09/03/14;0.0
10/03/14;0.0
11/03/14;0.0
12/03/14;0.0
13/03/14;0.0
14/03/14;0.0
15/03/14;0.0
16/03/14;0.0
17/03/14;0.0
18/03/14;0.0
19/03/14;0.0
20/03/14;0.0
21/03/14;0.0
22/03/14;1.0
23/03/14;11.6
24/03/14;11.0
25/03/14;0.0
26/03/14;0.0
27/03/14;0.0
28/03/14;0.4
29/03/14;0.0
30/03/14;0.0
31/03/14;0.0
01/04/14;0.0
02/04/14;0.0
03/04/14;0.0
04/04/14;0.8
05/04/14;11.8
06/04/14;0.0
07/04/14;0.0
08/04/14;0.0
09/04/14;2.8
10/04/14;0.0
11/04/14;0.0
12/04/14;0.0
13/04/14;0.0
14/04/14;2.0
15/04/14;0.0
16/04/14;0.0
17/04/14;0.0
18/04/14;0.0
19/04/14;4.2
20/04/14;4.4
21/04/14;0.0
22/04/14;0.0
23/04/14;0.0
24/04/14;0.0
25/04/14;0.0
26/04/14;0.4
27/04/14;0.8
28/04/14;3.4
29/04/14;7.6
30/04/14;0.0
01/05/14;0.4
02/05/14;0.0
03/05/14;17.2
04/05/14;5.0
05/05/14;0.0
06/05/14;0.0
07/05/14;0.0
08/05/14;1.4
09/05/14;0.0
10/05/14;0.0
11/05/14;0.0
12/05/14;0.0
13/05/14;0.0
14/05/14;0.0
15/05/14;0.0
16/05/14;0.0
17/05/14;0.0
18/05/14;0.0
19/05/14;0.0
20/05/14;0.0
21/05/14;0.0
22/05/14;0.0
23/05/14;0.0
24/05/14;8.2
25/05/14;0.0
26/05/14;9.8
27/05/14;1.2
28/05/14;0.2
29/05/14;0.0
30/05/14;0.0
31/05/14;5.4
01/06/14;0.0
02/06/14;0.0
03/06/14;0.0
04/06/14;0.0
05/06/14;0.0
06/06/14;0.0
07/06/14;0.0
08/06/14;0.0
09/06/14;0.0
10/06/14;0.0
11/06/14;0.0
12/06/14;0.0
13/06/14;2.6
14/06/14;18.4
15/06/14;0.6
16/06/14;6.0
17/06/14;0.0
18/06/14;0.0
19/06/14;0.0
20/06/14;0.0
21/06/14;0.0
22/06/14;0.0
23/06/14;0.0
24/06/14;0.0
25/06/14;0.0
26/06/14;6.8
27/06/14;6.6
28/06/14;0.0
29/06/14;0.0
30/06/14;33.6
01/07/14;0.0
02/07/14;0.0
03/07/14;0.0
04/07/14;0.0
05/07/14;0.0
06/07/14;0.0
07/07/14;0.0
08/07/14;4.8
09/07/14;21.0
10/07/14;8.2
11/07/14;0.0
12/07/14;0.0
13/07/14;3.8
14/07/14;8.4
15/07/14;0.0
16/07/14;0.0
17/07/14;0.0
18/07/14;0.0
19/07/14;0.0
20/07/14;0.0
21/07/14;11.0
22/07/14;12.4
23/07/14;0.0
24/07/14;0.0
25/07/14;4.4
26/07/14;0.2
27/07/14;16.0
28/07/14;0.0
29/07/14;0.0
30/07/14;18.0
31/07/14;0.4
01/08/14;0.0
02/08/14;0.0
03/08/14;0.0
04/08/14;30.4
05/08/14;0.0
06/08/14;5.0
07/08/14;0.0
08/08/14;0.0
09/08/14;0.0
10/08/14;0.0
11/08/14;0.0
12/08/14;0.0
13/08/14;0.0
14/08/14;10.4
15/08/14;0.0
16/08/14;0.0
17/08/14;0.0
18/08/14;0.0
19/08/14;0.0
20/08/14;0.0
21/08/14;0.0
22/08/14;0.0
23/08/14;0.0
24/08/14;0.6
25/08/14;0.0
26/08/14;0.0
27/08/14;0.0
28/08/14;0.0
29/08/14;0.0
30/08/14;0.0
31/08/14;0.0
01/09/14;16.4
02/09/14;0.0
03/09/14;0.0
04/09/14;0.0
05/09/14;0.0
06/09/14;0.0
07/09/14;0.0
08/09/14;0.0
09/09/14;0.0
10/09/14;11.2
11/09/14;23.0
12/09/14;3.2
13/09/14;0.2
14/09/14;0.0
15/09/14;0.0
16/09/14;0.0
17/09/14;0.0
18/09/14;0.0
19/09/14;0.0
20/09/14;34.6
21/09/14;0.0
22/09/14;5.4
23/09/14;0.0
24/09/14;0.0
25/09/14;0.0
26/09/14;0.0
27/09/14;0.0
28/09/14;0.0
29/09/14;0.0
30/09/14;0.0
01/10/14;3.8
02/10/14;2.6
03/10/14;0.0
04/10/14;0.0
05/10/14;0.0
06/10/14;0.0
07/10/14;0.0
08/10/14;0.0
09/10/14;0.0
10/10/14;0.0
11/10/14;0.0
12/10/14;12.2
13/10/14;0.8
14/10/14;14.0
15/10/14;14.6
16/10/14;2.0
17/10/14;0.4
18/10/14;5.8
19/10/14;0.2
20/10/14;0.0
21/10/14;1.0
22/10/14;0.8
23/10/14;0.0
24/10/14;0.0
25/10/14;0.0
26/10/14;0.0
27/10/14;0.0
28/10/14;0.0
29/10/14;0.0
30/10/14;0.0
31/10/14;0.0
01/11/14;0.0
02/11/14;0.0
03/11/14;0.2
04/11/14;0.0
05/11/14;9.0
06/11/14;29.6
07/11/14;13.8
08/11/14;0.2
09/11/14;0.0
10/11/14;0.0
11/11/14;14.2
12/11/14;0.6
13/11/14;6.6
14/11/14;2.2
15/11/14;0.0
16/11/14;18.2
17/11/14;5.0
18/11/14;39.0
19/11/14;34.8
20/11/14;0.4
21/11/14;0.0
22/11/14;1.6
23/11/14;0.2
24/11/14;0.0
25/11/14;0.2
26/11/14;5.0
27/11/14;7.6
28/11/14;3.4
29/11/14;0.2
30/11/14;1.0
01/12/14;1.2
02/12/14;0.0
03/12/14;0.0
04/12/14;5.6
05/12/14;2.8
06/12/14;2.2
07/12/14;1.2
08/12/14;0.0
09/12/14;0.0
10/12/14;0.0
11/12/14;0.0
12/12/14;0.0
13/12/14;0.4
14/12/14;0.6
15/12/14;0.0
16/12/14;9.8
17/12/14;1.4
18/12/14;0.0
19/12/14;0.0
20/12/14;0.0
21/12/14;0.0
22/12/14;0.0
23/12/14;0.0
24/12/14;0.0
25/12/14;0.0
26/12/14;0.0
27/12/14;0.0
28/12/14;20.8
29/12/14;0.0
30/12/14;0.0
31/12/14;0.0
01/01/15;0.0
02/01/15;0.0
03/01/15;0.0
04/01/15;0.0
05/01/15;0.0
06/01/15;0.0
07/01/15;0.0
08/01/15;0.0
09/01/15;0.0
10/01/15;0.0
11/01/15;0.0
12/01/15;0.0
13/01/15;0.0
14/01/15;0.0
15/01/15;1.0
16/01/15;0.0
17/01/15;10.8
18/01/15;1.8
19/01/15;0.0
20/01/15;0.2
21/01/15;1.2
22/01/15;4.8
23/01/15;0.0
24/01/15;0.0
25/01/15;0.0
26/01/15;0.0
27/01/15;0.0
28/01/15;0.0
29/01/15;0.0
30/01/15;28.6
31/01/15;1.6
01/02/15;8.2
02/02/15;0.0
03/02/15;7.2
04/02/15;0.0
05/02/15;12.6
06/02/15;10.8
07/02/15;1.0
08/02/15;0.0
09/02/15;0.0
10/02/15;0.0
11/02/15;0.0
12/02/15;0.0
13/02/15;0.0
14/02/15;0.6
15/02/15;0.2
16/02/15;1.2
17/02/15;0.0
18/02/15;0.0
19/02/15;0.0
20/02/15;0.0
21/02/15;0.0
22/02/15;11.0
23/02/15;0.0
24/02/15;1.2
25/02/15;0.2
26/02/15;0.0
27/02/15;0.0
28/02/15;0.0
01/03/15;0.0
02/03/15;5.6
03/03/15;6.2
04/03/15;0.0
05/03/15;16.6
06/03/15;0.0
07/03/15;0.0
08/03/15;0.0
09/03/15;0.0
10/03/15;0.0
11/03/15;0.0
12/03/15;0.0
13/03/15;0.0
14/03/15;0.0
15/03/15;0.0
16/03/15;7.4
17/03/15;15.0
18/03/15;0.0
19/03/15;0.0
20/03/15;0.0
21/03/15;0.0
22/03/15;0.2
23/03/15;0.0
24/03/15;1.0
25/03/15;0.4
26/03/15;28.2
27/03/15;0.4
28/03/15;0.8
29/03/15;0.0
30/03/15;0.0
31/03/15;0.0
01/04/15;0.0
02/04/15;0.0
03/04/15;0.0
04/04/15;0.0
05/04/15;36.4
06/04/15;0.0
07/04/15;0.0
08/04/15;0.0
09/04/15;0.0
10/04/15;0.0
11/04/15;0.0
12/04/15;0.0
13/04/15;0.0
14/04/15;0.0
15/04/15;0.0
16/04/15;0.0
17/04/15;0.0
18/04/15;1.0
19/04/15;1.2
20/04/15;0.0
21/04/15;0.0
22/04/15;0.0
23/04/15;0.0
24/04/15;2.4
25/04/15;0.0
26/04/15;0.0
27/04/15;9.2
28/04/15;16.0
29/04/15;15.0
30/04/15;1.2
01/05/15;0.0
02/05/15;1.0
03/05/15;0.0
04/05/15;0.0
05/05/15;0.0
06/05/15;0.0
07/05/15;0.0
08/05/15;0.0
09/05/15;0.0
10/05/15;0.0
11/05/15;0.0
12/05/15;0.0
13/05/15;0.0
14/05/15;0.0
15/05/15;0.0
16/05/15;3.0
17/05/15;0.6
18/05/15;0.0
19/05/15;0.0
20/05/15;0.0
21/05/15;13.2
22/05/15;5.4
23/05/15;4.6
24/05/15;1.6
25/05/15;0.0
26/05/15;0.0
27/05/15;6.4
28/05/15;0.0
29/05/15;0.0
30/05/15;0.0
31/05/15;0.0
01/06/15;0.0
02/06/15;0.0
03/06/15;0.0
04/06/15;0.0
05/06/15;0.0
06/06/15;0.0
07/06/15;0.0
08/06/15;0.0
09/06/15;0.0
10/06/15;0.0
11/06/15;6.4
12/06/15;4.2
13/06/15;0.0
14/06/15;0.0
15/06/15;6.2
16/06/15;24.6
17/06/15;0.0
18/06/15;0.0
19/06/15;0.0
20/06/15;0.0
21/06/15;0.0
22/06/15;0.0
23/06/15;0.0
24/06/15;3.2
25/06/15;0.0
26/06/15;0.0
27/06/15;0.0
28/06/15;0.0
29/06/15;0.0
30/06/15;0.0
01/07/15;0.0
02/07/15;0.0
03/07/15;0.0
04/07/15;0.0
05/07/15;0.0
06/07/15;0.0
07/07/15;0.0
08/07/15;0.0
09/07/15;0.0
10/07/15;0.0
11/07/15;0.0
12/07/15;0.0
13/07/15;0.0
14/07/15;0.0
15/07/15;0.0
16/07/15;0.0
17/07/15;0.0
18/07/15;0.0
19/07/15;0.0
20/07/15;0.0
21/07/15;0.0
22/07/15;0.0
23/07/15;9.2
24/07/15;0.0
25/07/15;1.4
26/07/15;1.0
27/07/15;0.0
28/07/15;0.0
29/07/15;0.0
30/07/15;0.0
31/07/15;0.2
01/08/15;0.0
02/08/15;41.0
03/08/15;0.0
04/08/15;0.0
05/08/15;0.0
06/08/15;0.0
07/08/15;0.0
08/08/15;0.0
09/08/15;0.0
10/08/15;20.2
11/08/15;6.2
12/08/15;0.0
13/08/15;0.0
14/08/15;0.0
15/08/15;0.0
16/08/15;1.2
17/08/15;0.0
18/08/15;0.0
19/08/15;4.2
20/08/15;10.2
21/08/15;0.0
22/08/15;0.0
23/08/15;0.0
24/08/15;16.6
25/08/15;5.2
26/08/15;0.2
27/08/15;0.0
28/08/15;0.0
29/08/15;0.0
30/08/15;0.0
31/08/15;0.0
01/09/15;0.0
02/09/15;0.0
03/09/15;0.0
04/09/15;0.0
05/09/15;0.0
06/09/15;0.4
07/09/15;0.0
08/09/15;0.0
09/09/15;0.0
10/09/15;0.0
11/09/15;0.0
12/09/15;0.0
13/09/15;0.0
14/09/15;7.6
15/09/15;0.6
16/09/15;0.0
17/09/15;0.0
18/09/15;0.0
19/09/15;0.0
20/09/15;0.0
21/09/15;0.0
22/09/15;0.0
23/09/15;0.2
24/09/15;17.2
25/09/15;0.0
26/09/15;0.0
27/09/15;0.0
28/09/15;0.0
29/09/15;0.0
30/09/15;0.0
01/10/15;0.0
02/10/15;2.8
03/10/15;2.4
04/10/15;2.6
05/10/15;20.4
06/10/15;2.2
07/10/15;5.0
08/10/15;1.2
09/10/15;0.0
10/10/15;1.4
11/10/15;5.0
12/10/15;0.0
13/10/15;3.0
14/10/15;19.2
15/10/15;8.6
16/10/15;7.4
17/10/15;2.0
18/10/15;0.0
19/10/15;3.4
20/10/15;0.2
21/10/15;0.0
22/10/15;0.0
23/10/15;0.0
24/10/15;0.0
25/10/15;0.0
26/10/15;0.0
27/10/15;0.0
28/10/15;15.2
29/10/15;33.8
30/10/15;0.2
31/10/15;0.0
01/11/15;0.0
02/11/15;0.0
03/11/15;0.0
04/11/15;0.0
05/11/15;0.0
06/11/15;0.0
07/11/15;0.0
08/11/15;0.0
09/11/15;0.2
10/11/15;0.0
11/11/15;0.0
12/11/15;0.0
13/11/15;0.2
14/11/15;0.0
15/11/15;0.0
16/11/15;0.0
17/11/15;0.0
18/11/15;0.0
19/11/15;0.0
20/11/15;0.0
21/11/15;11.6
22/11/15;9.2
23/11/15;0.2
24/11/15;0.6
25/11/15;0.0
26/11/15;0.0
27/11/15;0.0
28/11/15;0.0
29/11/15;0.0
30/11/15;0.0
01/12/15;0.0
02/12/15;0.0
03/12/15;0.0
04/12/15;0.0
05/12/15;0.0
06/12/15;0.0
07/12/15;0.0
08/12/15;0.2
09/12/15;1.0
10/12/15;0.0
11/12/15;0.0
12/12/15;0.0
13/12/15;0.0
14/12/15;0.0
15/12/15;0.2
16/12/15;0.0
17/12/15;0.2
18/12/15;0.0
19/12/15;0.0
20/12/15;0.2
21/12/15;0.2
22/12/15;0.8
23/12/15;0.8
24/12/15;0.0
25/12/15;0.0
26/12/15;0.2
27/12/15;0.2
28/12/15;0.2
29/12/15;0.0
30/12/15;0.2
31/12/15;0.0
01/01/16;0.0
02/01/16;2.6
03/01/16;17.6
04/01/16;5.8
05/01/16;6.4
06/01/16;16.4
07/01/16;3.2
08/01/16;5.6
09/01/16;0.2
10/01/16;5.8
11/01/16;0.2
12/01/16;3.6
13/01/16;0.0
14/01/16;1.4
15/01/16;29.8
16/01/16;0.2
17/01/16;0.0
18/01/16;0.0
19/01/16;0.0
20/01/16;0.0
21/01/16;0.0
22/01/16;0.0
23/01/16;0.0
24/01/16;0.0
25/01/16;0.2
26/01/16;0.0
27/01/16;0.2
28/01/16;1.0
29/01/16;0.8
30/01/16;0.4
31/01/16;0.0
01/02/16;1.8
02/02/16;0.0
03/02/16;0.6
04/02/16;4.2
05/02/16;0.0
06/02/16;0.0
07/02/16;0.0
08/02/16;0.4
09/02/16;1.4
10/02/16;8.6
11/02/16;0.8
12/02/16;26.0
13/02/16;8.6
14/02/16;19.0
15/02/16;7.8
16/02/16;29.6
17/02/16;10.2
18/02/16;2.4
19/02/16;5.8
20/02/16;1.4
21/02/16;0.0
22/02/16;0.0
23/02/16;4.4
24/02/16;1.6
25/02/16;2.4
26/02/16;9.0
27/02/16;7.8
28/02/16;13.2
29/02/16;14.0
01/03/16;6.6
02/03/16;0.0
03/03/16;5.2
04/03/16;0.0
05/03/16;0.0
06/03/16;13.8
07/03/16;13.2
08/03/16;8.4
09/03/16;4.6
10/03/16;0.0
11/03/16;0.0
12/03/16;0.0
13/03/16;0.0
14/03/16;0.0
15/03/16;0.0
16/03/16;0.0
17/03/16;0.0
18/03/16;0.0
19/03/16;0.0
20/03/16;0.0
21/03/16;4.6
22/03/16;1.8
23/03/16;0.0
24/03/16;0.0
25/03/16;0.0
26/03/16;0.0
27/03/16;0.0
28/03/16;11.2
29/03/16;1.4
30/03/16;0.0
31/03/16;0.0
01/04/16;0.0
02/04/16;0.0
03/04/16;0.0
04/04/16;0.0
05/04/16;0.0
06/04/16;0.0
07/04/16;0.0
08/04/16;0.0
09/04/16;1.2
10/04/16;0.8
11/04/16;0.0
12/04/16;0.0
13/04/16;0.0
14/04/16;0.0
15/04/16;0.0
16/04/16;0.0
17/04/16;0.0
18/04/16;0.0
19/04/16;0.0
20/04/16;0.0
21/04/16;0.0
22/04/16;0.2
23/04/16;7.0
24/04/16;25.2
25/04/16;5.0
26/04/16;0.0
27/04/16;0.0
28/04/16;0.0
29/04/16;0.0
30/04/16;0.0
01/05/16;26.2
02/05/16;0.0
03/05/16;5.8
04/05/16;2.8
05/05/16;0.0
06/05/16;0.0
07/05/16;0.0
08/05/16;0.0
09/05/16;0.4
10/05/16;0.2
11/05/16;0.0
12/05/16;18.8
13/05/16;0.0
14/05/16;18.0
15/05/16;3.2
16/05/16;13.6
17/05/16;1.0
18/05/16;0.0
19/05/16;0.0
20/05/16;5.2
21/05/16;0.0
22/05/16;0.0
23/05/16;0.0
24/05/16;5.6
25/05/16;0.0
26/05/16;0.0
27/05/16;0.0
28/05/16;0.0
29/05/16;0.2
30/05/16;12.0
31/05/16;0.0
01/06/16;0.0
02/06/16;1.8
03/06/16;9.2
04/06/16;1.2
05/06/16;1.0
06/06/16;0.0
07/06/16;2.2
08/06/16;0.0
09/06/16;5.6
10/06/16;0.2
11/06/16;0.0
12/06/16;0.0
13/06/16;13.8
14/06/16;0.2
15/06/16;1.0
16/06/16;0.0
17/06/16;4.8
18/06/16;0.0
19/06/16;0.0
20/06/16;2.8
21/06/16;0.0
22/06/16;0.0
23/06/16;0.0
24/06/16;0.0
25/06/16;0.0
26/06/16;0.0
27/06/16;0.0
28/06/16;0.0
29/06/16;0.0
30/06/16;0.0
01/07/16;0.0
02/07/16;0.0
03/07/16;0.0
04/07/16;0.0
05/07/16;0.0
06/07/16;0.0
07/07/16;0.0
08/07/16;0.0
09/07/16;0.0
10/07/16;0.0
11/07/16;0.0
12/07/16;0.0
13/07/16;0.0
14/07/16;0.0
15/07/16;5.6
16/07/16;0.0
17/07/16;0.0
18/07/16;0.0
19/07/16;0.0
20/07/16;0.0
21/07/16;0.0
22/07/16;0.0
23/07/16;0.0
24/07/16;0.2
25/07/16;1.2
26/07/16;3.4
27/07/16;0.0
28/07/16;0.0
29/07/16;0.0
30/07/16;0.0
31/07/16;0.0
01/08/16;0.0
02/08/16;20.4
03/08/16;0.0
04/08/16;0.0
05/08/16;0.2
06/08/16;9.4
07/08/16;0.0
08/08/16;0.0
09/08/16;0.0
10/08/16;0.0
11/08/16;0.0
12/08/16;0.0
13/08/16;0.0
14/08/16;0.0
15/08/16;0.0
16/08/16;0.0
17/08/16;0.0
18/08/16;0.0
19/08/16;0.6
20/08/16;0.0
21/08/16;0.0
22/08/16;0.0
23/08/16;0.0
24/08/16;0.0
25/08/16;0.0
26/08/16;0.0
27/08/16;0.0
28/08/16;0.0
29/08/16;0.0
30/08/16;0.0
31/08/16;2.0
01/09/16;0.0
02/09/16;0.0
03/09/16;0.0
04/09/16;0.0
05/09/16;0.0
06/09/16;0.0
07/09/16;1.4
08/09/16;0.0
09/09/16;0.0
10/09/16;0.0
11/09/16;0.0
12/09/16;0.0
13/09/16;0.0
14/09/16;7.2
15/09/16;0.0
16/09/16;10.2
17/09/16;43.4
18/09/16;7.0
19/09/16;0.0
20/09/16;0.6
21/09/16;0.0
22/09/16;0.0
23/09/16;0.0
24/09/16;0.0
25/09/16;0.0
26/09/16;0.0
27/09/16;0.0
28/09/16;0.0
29/09/16;0.0
30/09/16;0.0
01/10/16;0.0
02/10/16;44.0
03/10/16;1.8
04/10/16;0.0
05/10/16;0.0
06/10/16;1.0
07/10/16;1.0
08/10/16;0.0
09/10/16;6.4
10/10/16;0.6
11/10/16;0.0
12/10/16;0.2
13/10/16;0.0
14/10/16;6.6
15/10/16;41.8
16/10/16;0.0
17/10/16;0.2
18/10/16;2.8
19/10/16;1.0
20/10/16;8.4
21/10/16;5.0
22/10/16;0.0
23/10/16;0.0
24/10/16;0.0
25/10/16;0.0
26/10/16;0.0
27/10/16;41.0
28/10/16;0.0
29/10/16;0.0
30/10/16;0.0
31/10/16;0.0
01/11/16;0.0
02/11/16;0.0
03/11/16;0.6
04/11/16;0.0
05/11/16;3.8
06/11/16;37.2
07/11/16;20.4
08/11/16;0.0
09/11/16;0.8
10/11/16;7.8
11/11/16;0.0
12/11/16;20.0
13/11/16;0.0
14/11/16;0.2
15/11/16;0.0
16/11/16;0.0
17/11/16;0.0
18/11/16;1.0
19/11/16;5.6
20/11/16;12.0
21/11/16;1.6
22/11/16;0.0
23/11/16;0.0
24/11/16;0.0
25/11/16;5.0
26/11/16;0.0
27/11/16;0.0
28/11/16;0.2
29/11/16;0.0
30/11/16;0.0
01/12/16;0.0
02/12/16;0.0
03/12/16;0.0
04/12/16;0.0
05/12/16;0.0
06/12/16;0.0
07/12/16;0.0
08/12/16;0.0
09/12/16;0.0
10/12/16;0.0
11/12/16;0.0
12/12/16;0.2
13/12/16;0.0
14/12/16;0.0
15/12/16;3.2
16/12/16;0.2
17/12/16;0.0
18/12/16;0.0
19/12/16;0.0
20/12/16;0.4
21/12/16;1.2
22/12/16;0.0
23/12/16;0.0
24/12/16;0.2
25/12/16;0.2
26/12/16;0.0
27/12/16;0.0
28/12/16;0.2
29/12/16;0.2
30/12/16;0.0
31/12/16;0.0
01/01/17;0.0
02/01/17;2.0
03/01/17;19.6
04/01/17;0.0
05/01/17;0.0
06/01/17;0.0
07/01/17;0.0
08/01/17;0.0
09/01/17;0.0
10/01/17;0.0
11/01/17;0.0
12/01/17;0.0
13/01/17;2.6
14/01/17;4.2
15/01/17;0.2
16/01/17;0.0
17/01/17;0.0
18/01/17;0.0
19/01/17;0.0
20/01/17;0.0
21/01/17;0.0
22/01/17;0.0
23/01/17;0.0
24/01/17;0.0
25/01/17;0.0
26/01/17;0.0
27/01/17;0.0
28/01/17;0.0
29/01/17;0.0
30/01/17;0.0
31/01/17;3.8
01/02/17;0.2
02/02/17;0.4
03/02/17;4.0
04/02/17;3.4
05/02/17;4.2
06/02/17;20.4
07/02/17;2.0
08/02/17;0.0
09/02/17;0.0
10/02/17;0.0
11/02/17;0.0
12/02/17;0.0
13/02/17;0.0
14/02/17;0.0
15/02/17;0.0
16/02/17;0.0
17/02/17;0.4
18/02/17;5.0
19/02/17;0.0
20/02/17;0.0
21/02/17;0.0
22/02/17;0.0
23/02/17;0.0
24/02/17;3.2
25/02/17;27.2
26/02/17;0.0
27/02/17;0.0
28/02/17;0.0
01/03/17;2.6
02/03/17;0.6
03/03/17;0.0
04/03/17;0.0
05/03/17;16.0
06/03/17;10.6
07/03/17;35.0
08/03/17;0.0
09/03/17;0.0
10/03/17;0.0
11/03/17;0.0
12/03/17;0.0
13/03/17;0.0
14/03/17;0.0
15/03/17;0.0
16/03/17;0.0
17/03/17;0.0
18/03/17;0.0
19/03/17;0.0
20/03/17;0.0
21/03/17;0.0
22/03/17;0.0
23/03/17;1.6
24/03/17;0.0
25/03/17;0.0
26/03/17;2.0
27/03/17;0.6
28/03/17;0.0
29/03/17;0.0
30/03/17;0.0
31/03/17;0.0
01/04/17;0.0
02/04/17;0.0
03/04/17;0.6
04/04/17;0.0
05/04/17;0.2
06/04/17;0.0
07/04/17;0.4
08/04/17;0.0
09/04/17;0.0
10/04/17;0.0
11/04/17;0.0
12/04/17;0.0
13/04/17;0.0
14/04/17;0.0
15/04/17;0.0
16/04/17;0.2
17/04/17;0.8
18/04/17;0.0
19/04/17;3.6
20/04/17;0.0
21/04/17;0.0
22/04/17;0.0
23/04/17;0.0
24/04/17;0.0
25/04/17;0.0
26/04/17;0.0
27/04/17;0.0
28/04/17;24.8
29/04/17;0.0
30/04/17;0.0
01/05/17;0.0
02/05/17;5.8
03/05/17;0.0
04/05/17;1.8
05/05/17;5.6
06/05/17;0.2
07/05/17;11.0
08/05/17;3.8
09/05/17;5.8
10/05/17;0.0
11/05/17;0.0
12/05/17;0.0
13/05/17;0.0
14/05/17;0.0
15/05/17;3.6
16/05/17;0.0
17/05/17;0.0
18/05/17;0.0
19/05/17;0.0
20/05/17;0.2
21/05/17;0.4
22/05/17;0.0
23/05/17;0.0
24/05/17;0.0
25/05/17;0.0
26/05/17;0.0
27/05/17;0.0
28/05/17;0.0
29/05/17;0.0
30/05/17;0.0
31/05/17;0.0
01/06/17;0.0
02/06/17;0.0
03/06/17;0.0
04/06/17;0.0
05/06/17;0.0
06/06/17;0.0
07/06/17;0.0
08/06/17;0.0
09/06/17;0.0
10/06/17;0.0
11/06/17;0.0
12/06/17;0.0
13/06/17;0.0
14/06/17;0.0
15/06/17;0.0
16/06/17;0.0
17/06/17;0.0
18/06/17;0.0
19/06/17;0.0
20/06/17;0.0
21/06/17;0.0
22/06/17;0.0
23/06/17;0.0
24/06/17;0.0
25/06/17;0.0
26/06/17;0.0
27/06/17;1.0
28/06/17;0.0
29/06/17;18.2
30/06/17;0.0
01/07/17;0.0
02/07/17;0.0
03/07/17;0.0
04/07/17;0.0
05/07/17;0.0
06/07/17;0.0
07/07/17;0.0
08/07/17;0.0
09/07/17;0.0
10/07/17;0.0
11/07/17;0.0
12/07/17;0.0
13/07/17;0.0
14/07/17;0.0
15/07/17;0.0
16/07/17;0.0
17/07/17;0.0
18/07/17;0.0
19/07/17;0.0
20/07/17;0.0
21/07/17;0.0
22/07/17;0.0
23/07/17;0.0
24/07/17;0.0
25/07/17;0.0
26/07/17;5.6
27/07/17;0.0
28/07/17;0.0
29/07/17;0.0
30/07/17;0.0
31/07/17;0.0
01/08/17;0.0
02/08/17;0.0
03/08/17;0.0
04/08/17;0.0
05/08/17;0.0
06/08/17;0.0
07/08/17;0.0
08/08/17;0.0
09/08/17;0.0
10/08/17;0.0
11/08/17;22.8
12/08/17;3.0
13/08/17;0.0
14/08/17;0.0
15/08/17;0.0
16/08/17;0.0
17/08/17;0.0
18/08/17;0.0
19/08/17;0.0
20/08/17;0.0
21/08/17;0.0
22/08/17;0.0
23/08/17;0.0
24/08/17;0.0
25/08/17;0.0
26/08/17;0.0
27/08/17;0.0
28/08/17;0.0
29/08/17;0.2
30/08/17;0.0
31/08/17;0.0
01/09/17;0.8
02/09/17;0.0
03/09/17;6.2
04/09/17;0.0
05/09/17;0.0
06/09/17;0.0
07/09/17;0.2
08/09/17;12.2
09/09/17;0.2
10/09/17;45.2
11/09/17;9.8
12/09/17;0.2
13/09/17;0.0
14/09/17;0.0
15/09/17;0.0
16/09/17;5.2
17/09/17;0.0
18/09/17;0.0
19/09/17;14.2
20/09/17;0.0
21/09/17;0.0
22/09/17;0.0
23/09/17;0.0
24/09/17;0.0
25/09/17;19.4
26/09/17;0.0
27/09/17;0.0
28/09/17;0.0
29/09/17;0.0
30/09/17;0.0
01/10/17;0.0
02/10/17;1.2
03/10/17;0.0
04/10/17;0.0
05/10/17;0.0
06/10/17;0.2
07/10/17;0.0
08/10/17;0.0
09/10/17;0.0
10/10/17;0.0
11/10/17;0.0
12/10/17;0.4
13/10/17;0.2
14/10/17;0.0
15/10/17;0.2
16/10/17;0.0
17/10/17;0.0
18/10/17;0.0
19/10/17;0.0
20/10/17;0.0
21/10/17;0.0
22/10/17;0.0
23/10/17;1.6
24/10/17;0.0
25/10/17;0.0
26/10/17;0.0
27/10/17;0.0
28/10/17;0.0
29/10/17;0.0
30/10/17;0.0
31/10/17;0.0
01/11/17;0.0
02/11/17;0.0
03/11/17;0.6
04/11/17;0.8
05/11/17;0.0
06/11/17;27.0
07/11/17;19.8
08/11/17;1.4
09/11/17;0.0
10/11/17;0.0
11/11/17;0.0
12/11/17;0.0
13/11/17;49.2
14/11/17;3.0
15/11/17;0.0
16/11/17;0.0
17/11/17;0.0
18/11/17;0.0
19/11/17;0.0
20/11/17;0.2
21/11/17;0.0
22/11/17;0.0
23/11/17;0.0
24/11/17;0.2
25/11/17;0.0
26/11/17;6.4
27/11/17;9.4
28/11/17;0.0
29/11/17;17.4
30/11/17;6.2
01/12/17;0.2
02/12/17;0.2
03/12/17;0.0
04/12/17;0.0
05/12/17;0.0
06/12/17;0.0
07/12/17;0.0
08/12/17;7.0
09/12/17;26.4
10/12/17;0.0
11/12/17;14.2
12/12/17;17.0
13/12/17;8.8
14/12/17;5.0
15/12/17;4.2
16/12/17;11.0
17/12/17;2.8
18/12/17;0.2
19/12/17;0.0
20/12/17;0.2
21/12/17;0.0
22/12/17;0.0
23/12/17;0.0
24/12/17;0.0
25/12/17;0.0
26/12/17;0.2
27/12/17;3.4
28/12/17;32.2
29/12/17;1.2
30/12/17;0.8
31/12/17;0.2
01/01/18;3.4
02/01/18;14.6
03/01/18;0.0
04/01/18;4.8
05/01/18;1.6
06/01/18;0.4
07/01/18;0.0
08/01/18;0.0
09/01/18;0.8
10/01/18;1.0
11/01/18;4.8
12/01/18;1.4
13/01/18;0.0
14/01/18;0.0
15/01/18;0.0
16/01/18;2.8
17/01/18;8.0
18/01/18;0.0
19/01/18;4.0
20/01/18;0.0
21/01/18;10.4
22/01/18;0.0
23/01/18;0.0
24/01/18;0.0
25/01/18;0.0
26/01/18;0.0
27/01/18;0.0
28/01/18;0.2
29/01/18;0.0
30/01/18;0.0
31/01/18;0.0
01/02/18;9.0
02/02/18;19.4
03/02/18;21.4
04/02/18;0.4
05/02/18;0.2
06/02/18;0.0
07/02/18;4.0
08/02/18;3.2
09/02/18;0.0
10/02/18;0.2
11/02/18;0.0
12/02/18;0.8
13/02/18;3.0
14/02/18;0.0
15/02/18;0.0
16/02/18;0.0
17/02/18;0.0
18/02/18;33.8
19/02/18;2.4
20/02/18;0.0
21/02/18;0.0
22/02/18;0.4
23/02/18;5.8
24/02/18;3.4
25/02/18;1.0
26/02/18;0.0
27/02/18;0.0
28/02/18;0.0
01/03/18;0.0
02/03/18;0.0
03/03/18;23.0
04/03/18;14.2
05/03/18;6.6
06/03/18;3.6
07/03/18;19.6
08/03/18;4.6
09/03/18;0.0
10/03/18;0.0
11/03/18;12.2
12/03/18;20.4
13/03/18;26.4
14/03/18;3.0
15/03/18;0.0
16/03/18;20.6
17/03/18;4.6
18/03/18;0.8
19/03/18;17.2
20/03/18;3.8
21/03/18;0.0
22/03/18;0.0
23/03/18;0.0
24/03/18;0.0
25/03/18;0.0
26/03/18;0.0
27/03/18;0.0
28/03/18;0.0
29/03/18;0.0
30/03/18;0.2
31/03/18;0.0
01/04/18;14.6
02/04/18;0.0
03/04/18;0.0
04/04/18;12.8
05/04/18;7.4
06/04/18;0.0
07/04/18;0.0
08/04/18;0.0
09/04/18;3.8
10/04/18;3.4
11/04/18;2.8
12/04/18;2.4
13/04/18;2.4
14/04/18;0.0
15/04/18;0.0
16/04/18;0.0
17/04/18;0.0
18/04/18;0.0
19/04/18;0.0
20/04/18;0.0
21/04/18;0.0
22/04/18;0.0
23/04/18;0.0
24/04/18;0.0
25/04/18;0.0
26/04/18;0.0
27/04/18;0.0
28/04/18;0.0
29/04/18;0.0
30/04/18;0.8
01/05/18;0.0
02/05/18;21.8
03/05/18;0.8
04/05/18;3.0
05/05/18;0.0
06/05/18;0.0
07/05/18;0.6
08/05/18;7.4
09/05/18;6.8
10/05/18;0.2
11/05/18;0.6
12/05/18;0.0
13/05/18;0.0
14/05/18;10.8
15/05/18;0.4
16/05/18;0.6
17/05/18;0.2
18/05/18;0.0
19/05/18;0.0
20/05/18;0.0
21/05/18;3.0
22/05/18;25.8
23/05/18;10.0
24/05/18;0.0
25/05/18;0.0
26/05/18;0.0
27/05/18;0.0
28/05/18;0.0
29/05/18;0.2
30/05/18;0.0
31/05/18;1.0
01/06/18;0.0
02/06/18;0.0
03/06/18;0.0
04/06/18;0.0
05/06/18;12.2
06/06/18;0.0
07/06/18;0.0
08/06/18;14.4
09/06/18;1.6
10/06/18;0.0
11/06/18;0.0
12/06/18;0.0
13/06/18;0.0
14/06/18;8.8
15/06/18;0.0
16/06/18;0.0
17/06/18;0.0
18/06/18;0.0
19/06/18;0.0
20/06/18;0.0
21/06/18;0.0
22/06/18;0.0
23/06/18;5.0
24/06/18;0.0
25/06/18;0.0
26/06/18;0.0
27/06/18;0.0
28/06/18;0.0
29/06/18;0.0
30/06/18;0.0
01/07/18;0.0
02/07/18;0.0
03/07/18;0.0
04/07/18;0.0
05/07/18;0.0
06/07/18;0.0
07/07/18;0.0
08/07/18;4.8
09/07/18;0.0
10/07/18;0.0
11/07/18;0.8
12/07/18;0.0
13/07/18;0.0
14/07/18;0.0
15/07/18;0.0
16/07/18;0.0
17/07/18;0.6
18/07/18;0.6
19/07/18;0.0
20/07/18;0.0
21/07/18;0.0
22/07/18;0.0
23/07/18;14.4
24/07/18;0.0
25/07/18;0.0
26/07/18;0.0
27/07/18;0.0
28/07/18;0.0
29/07/18;0.0
30/07/18;0.0
31/07/18;0.0
01/08/18;0.0
02/08/18;0.0
03/08/18;0.2
04/08/18;0.0
05/08/18;0.0
06/08/18;0.0
07/08/18;0.0
08/08/18;30.0
09/08/18;0.0
10/08/18;0.0
11/08/18;0.0
12/08/18;0.0
13/08/18;0.0
14/08/18;8.8
15/08/18;0.4
16/08/18;0.0
17/08/18;0.0
18/08/18;0.0
19/08/18;0.0
20/08/18;0.0
21/08/18;0.0
22/08/18;0.0
23/08/18;27.0
24/08/18;0.0
25/08/18;0.0
26/08/18;2.6
27/08/18;0.0
28/08/18;0.0
29/08/18;0.0
30/08/18;0.0
31/08/18;0.0
01/09/18;16.0
02/09/18;0.2
03/09/18;0.2
04/09/18;0.0
05/09/18;0.0
06/09/18;0.0
07/09/18;0.0
08/09/18;0.0
09/09/18;0.0
10/09/18;0.0
11/09/18;0.0
12/09/18;0.0
13/09/18;0.0
14/09/18;0.0
15/09/18;0.0
16/09/18;0.0
17/09/18;0.0
18/09/18;0.0
19/09/18;0.0
20/09/18;0.0
21/09/18;0.0
22/09/18;0.0
23/09/18;0.0
24/09/18;0.0
25/09/18;0.0
26/09/18;0.0
27/09/18;0.0
28/09/18;0.0
29/09/18;0.0
30/09/18;0.0
01/10/18;5.6
02/10/18;5.2
03/10/18;1.0
04/10/18;0.0
05/10/18;0.0
06/10/18;0.2
07/10/18;6.4
08/10/18;0.2
09/10/18;0.0
10/10/18;0.0
11/10/18;0.0
12/10/18;0.0
13/10/18;0.0
14/10/18;0.0
15/10/18;0.4
16/10/18;0.0
17/10/18;0.0
18/10/18;0.0
19/10/18;0.0
20/10/18;0.0
21/10/18;0.0
22/10/18;0.0
23/10/18;0.0
24/10/18;0.0
25/10/18;0.0
26/10/18;0.0
27/10/18;0.0
28/10/18;2.6
29/10/18;27.2
30/10/18;13.0
31/10/18;14.0
01/11/18;16.0
02/11/18;3.2
03/11/18;0.0
04/11/18;0.0
05/11/18;6.8
06/11/18;1.8
07/11/18;4.4
08/11/18;1.0
09/11/18;0.0
10/11/18;0.2
11/11/18;1.2
12/11/18;3.6
13/11/18;0.2
14/11/18;0.2
15/11/18;0.0
16/11/18;0.0
17/11/18;0.0
18/11/18;0.0
19/11/18;0.0
20/11/18;4.2
21/11/18;1.6
22/11/18;2.6
23/11/18;1.0
24/11/18;3.4
25/11/18;18.0
26/11/18;10.0
27/11/18;0.0
28/11/18;0.0
29/11/18;0.0
30/11/18;0.0
01/12/18;0.0
02/12/18;0.0
03/12/18;13.2
04/12/18;5.4
05/12/18;0.4
06/12/18;0.2
07/12/18;12.4
08/12/18;10.6
09/12/18;1.0
10/12/18;1.4
11/12/18;0.0
12/12/18;0.0
13/12/18;0.0
14/12/18;0.0
15/12/18;0.0
16/12/18;0.0
17/12/18;16.0
18/12/18;0.0
19/12/18;0.0
20/12/18;7.6
21/12/18;0.2
22/12/18;3.6
23/12/18;0.4
24/12/18;0.4
25/12/18;0.8
26/12/18;0.0
27/12/18;0.2
28/12/18;0.0
29/12/18;0.0
30/12/18;0.0
31/12/18;0.0
01/01/19;0.2
02/01/19;0.2
03/01/19;0.0
04/01/19;0.0
05/01/19;0.0
06/01/19;0.0
07/01/19;0.0
08/01/19;0.2
09/01/19;0.2
10/01/19;0.0
11/01/19;0.0
12/01/19;0.0
13/01/19;0.0
14/01/19;0.0
15/01/19;0.0
16/01/19;0.0
17/01/19;2.4
18/01/19;2.2
19/01/19;0.0
20/01/19;0.4
21/01/19;0.0
22/01/19;0.0
23/01/19;2.2
24/01/19;1.4
25/01/19;0.0
26/01/19;0.0
27/01/19;0.0
28/01/19;2.6
29/01/19;0.0
30/01/19;0.0
31/01/19;9.2
01/02/19;9.8
02/02/19;13.8
03/02/19;21.4
04/02/19;0.0
05/02/19;0.0
06/02/19;0.0
07/02/19;0.0
08/02/19;0.0
09/02/19;0.0
10/02/19;0.6
11/02/19;0.6
12/02/19;0.0
13/02/19;0.0
14/02/19;0.0
15/02/19;0.0
16/02/19;0.0
17/02/19;0.0
18/02/19;0.0
19/02/19;0.0
20/02/19;0.0
21/02/19;0.0
22/02/19;0.0
23/02/19;0.0
24/02/19;0.0
25/02/19;0.0
26/02/19;0.0
27/02/19;0.0
28/02/19;0.0
01/03/19;0.0
02/03/19;0.0
03/03/19;0.0
04/03/19;0.0
05/03/19;0.0
06/03/19;0.0
07/03/19;0.0
08/03/19;0.0
09/03/19;0.0
10/03/19;0.0
11/03/19;0.0
12/03/19;1.0
13/03/19;1.2
14/03/19;1.0
15/03/19;0.0
16/03/19;0.0
17/03/19;0.0
18/03/19;1.6
19/03/19;2.6
20/03/19;0.0
21/03/19;0.0
22/03/19;0.0
23/03/19;0.0
24/03/19;0.0
25/03/19;0.0
26/03/19;0.0
27/03/19;0.0
28/03/19;0.0
29/03/19;0.0
30/03/19;0.0
31/03/19;0.0
01/04/19;0.0
02/04/19;0.0
03/04/19;0.2
04/04/19;5.6
05/04/19;25.8
06/04/19;0.0
07/04/19;0.0
08/04/19;0.8
09/04/19;0.0
10/04/19;0.0
11/04/19;0.0
12/04/19;5.8
13/04/19;1.4
14/04/19;3.6
15/04/19;12.0
16/04/19;0.0
17/04/19;0.0
18/04/19;0.0
19/04/19;0.0
20/04/19;0.0
21/04/19;0.0
22/04/19;0.0
23/04/19;16.8
24/04/19;3.4
25/04/19;5.6
26/04/19;0.0
27/04/19;5.2
28/04/19;0.0
29/04/19;4.8
30/04/19;0.2
01/05/19;0.0
02/05/19;0.0
03/05/19;0.0
04/05/19;6.6
05/05/19;12.6
06/05/19;12.0
07/05/19;0.0
08/05/19;0.0
09/05/19;16.4
10/05/19;0.0
11/05/19;0.2
12/05/19;1.4
13/05/19;0.6
14/05/19;0.0
15/05/19;0.0
16/05/19;0.0
17/05/19;0.0
18/05/19;0.8
19/05/19;20.0
20/05/19;6.8
21/05/19;9.8
22/05/19;0.0
23/05/19;6.6
24/05/19;0.0
25/05/19;0.0
26/05/19;22.2
27/05/19;5.0
28/05/19;2.8
29/05/19;11.2
30/05/19;0.2
31/05/19;0.0
01/06/19;0.0
02/06/19;0.0
03/06/19;0.0
04/06/19;0.0
05/06/19;0.0
06/06/19;0.0
07/06/19;0.0
08/06/19;0.0
09/06/19;0.0
10/06/19;0.0
11/06/19;0.0
12/06/19;0.0
13/06/19;0.0
14/06/19;0.0
15/06/19;0.0
16/06/19;0.0
17/06/19;0.0
18/06/19;0.0
19/06/19;0.0
20/06/19;0.0
21/06/19;0.0
22/06/19;0.4
23/06/19;0.0
24/06/19;0.0
25/06/19;0.0
26/06/19;0.0
27/06/19;0.0
28/06/19;0.0
29/06/19;0.0
30/06/19;0.0
01/07/19;0.0
02/07/19;0.0
03/07/19;0.0
04/07/19;0.0
05/07/19;0.0
06/07/19;0.0
07/07/19;0.0
08/07/19;4.0
09/07/19;0.0
10/07/19;0.0
11/07/19;0.0
12/07/19;0.0
13/07/19;0.0
14/07/19;0.0
15/07/19;7.2
16/07/19;5.2
17/07/19;0.0
18/07/19;0.0
19/07/19;0.0
20/07/19;0.0
21/07/19;0.0
22/07/19;0.0
23/07/19;0.0
24/07/19;0.0
25/07/19;0.0
26/07/19;0.0
27/07/19;0.0
28/07/19;25.6
29/07/19;0.6
30/07/19;0.0
31/07/19;0.0
01/08/19;0.0
02/08/19;0.0
03/08/19;0.0
04/08/19;0.0
05/08/19;0.0
06/08/19;0.0
07/08/19;0.0
08/08/19;0.0
09/08/19;0.0
10/08/19;0.0
11/08/19;0.0
12/08/19;0.0
13/08/19;0.0
14/08/19;0.0
15/08/19;1.8
16/08/19;0.0
17/08/19;0.0
18/08/19;0.0
19/08/19;0.0
20/08/19;0.0
21/08/19;0.0
22/08/19;0.0
23/08/19;1.4
24/08/19;10.2
25/08/19;0.0
26/08/19;0.0
27/08/19;0.0
28/08/19;0.0
29/08/19;5.6
30/08/19;0.0
31/08/19;0.0
01/09/19;0.0
02/09/19;0.0
03/09/19;19.0
04/09/19;0.0
05/09/19;0.0
06/09/19;0.0
07/09/19;9.0
08/09/19;0.0
09/09/19;3.8
10/09/19;0.0
11/09/19;0.0
12/09/19;0.0
13/09/19;0.0
14/09/19;0.0
15/09/19;0.0
16/09/19;0.0
17/09/19;0.0
18/09/19;0.0
19/09/19;7.0
20/09/19;0.0
21/09/19;0.0
22/09/19;7.0
23/09/19;14.2
24/09/19;30.6
25/09/19;4.2
26/09/19;0.2
27/09/19;0.0
28/09/19;0.0
29/09/19;0.0
30/09/19;0.8
01/10/19;0.0
02/10/19;0.0
03/10/19;7.2
04/10/19;0.0
05/10/19;0.4
06/10/19;0.2
07/10/19;0.4
08/10/19;0.0
09/10/19;0.0
10/10/19;1.2
11/10/19;0.0
12/10/19;0.0
13/10/19;0.0
14/10/19;0.0
15/10/19;0.0
16/10/19;24.4
17/10/19;0.2
18/10/19;0.0
19/10/19;0.8
20/10/19;0.0
21/10/19;0.0
22/10/19;0.0
23/10/19;0.0
24/10/19;0.0
25/10/19;11.0
26/10/19;0.0
27/10/19;0.2
28/10/19;0.0
29/10/19;0.0
30/10/19;6.4
31/10/19;0.4
01/11/19;5.6
02/11/19;0.0
03/11/19;9.4
04/11/19;14.4
05/11/19;1.8
06/11/19;50.4
07/11/19;14.0
08/11/19;21.2
09/11/19;24.0
10/11/19;0.2
11/11/19;4.8
12/11/19;1.6
13/11/19;20.6
14/11/19;1.4
15/11/19;5.6
16/11/19;21.6
17/11/19;65.4
18/11/19;1.0
19/11/19;9.8
20/11/19;4.4
21/11/19;0.4
22/11/19;0.0
23/11/19;0.0
24/11/19;0.6
25/11/19;0.0
26/11/19;0.0
27/11/19;0.2
28/11/19;9.0
29/11/19;10.8
30/11/19;4.2
01/12/19;0.2
02/12/19;2.4
03/12/19;33.0
04/12/19;0.0
05/12/19;0.0
06/12/19;2.4
07/12/19;5.0
08/12/19;0.2
09/12/19;1.6
10/12/19;1.8
11/12/19;0.0
12/12/19;2.8
13/12/19;3.8
14/12/19;24.4
15/12/19;0.2
16/12/19;0.2
17/12/19;0.0
18/12/19;0.0
19/12/19;0.0
20/12/19;0.0
21/12/19;27.0
22/12/19;31.6
23/12/19;3.4
24/12/19;0.0
25/12/19;0.0
26/12/19;0.2
27/12/19;0.2
28/12/19;0.0
29/12/19;0.0
30/12/19;0.0
31/12/19;0.0
01/01/20;0.0
02/01/20;0.0
03/01/20;0.2
04/01/20;0.6
05/01/20;0.0
06/01/20;0.2
07/01/20;0.2
08/01/20;0.0
09/01/20;0.0
10/01/20;0.2
11/01/20;0.0
12/01/20;0.0
13/01/20;0.0
14/01/20;0.0
15/01/20;0.2
16/01/20;0.0
17/01/20;0.0
18/01/20;18.0
19/01/20;0.0
20/01/20;0.0
21/01/20;0.0
22/01/20;0.0
23/01/20;0.0
24/01/20;0.0
25/01/20;12.8
26/01/20;3.4
27/01/20;0.2
28/01/20;4.8
29/01/20;7.8
30/01/20;0.0
31/01/20;1.0
01/02/20;2.6
02/02/20;7.2
03/02/20;0.6
04/02/20;0.2
05/02/20;0.2
06/02/20;0.0
07/02/20;0.0
08/02/20;0.0
09/02/20;0.0
10/02/20;1.2
11/02/20;0.6
12/02/20;0.0
13/02/20;0.0
14/02/20;5.8
15/02/20;0.2
16/02/20;0.0
17/02/20;0.0
18/02/20;0.6
19/02/20;0.6
20/02/20;0.2
21/02/20;0.0
22/02/20;0.0
23/02/20;0.0
24/02/20;0.0
25/02/20;0.0
26/02/20;0.0
27/02/20;1.0
28/02/20;13.2
29/02/20;0.0
01/03/20;0.0
02/03/20;13.8
03/03/20;13.6
04/03/20;5.6
05/03/20;0.0
06/03/20;16.8
07/03/20;3.8
08/03/20;0.2
09/03/20;0.0
10/03/20;1.4
11/03/20;0.0
12/03/20;0.2
13/03/20;0.0
14/03/20;0.0
15/03/20;0.0
16/03/20;0.0
17/03/20;0.0
18/03/20;0.0
19/03/20;0.0
20/03/20;0.0
21/03/20;0.0
22/03/20;0.0
23/03/20;0.0
24/03/20;0.0
25/03/20;0.8
26/03/20;1.4
27/03/20;0.0
28/03/20;0.0
29/03/20;0.0
30/03/20;0.0
31/03/20;0.0
01/04/20;0.0
02/04/20;0.0
03/04/20;0.0
04/04/20;0.0
05/04/20;0.0
06/04/20;0.0
07/04/20;0.0
08/04/20;0.0
09/04/20;0.0
10/04/20;0.0
11/04/20;0.0
12/04/20;0.0
13/04/20;0.0
14/04/20;2.2
15/04/20;0.0
16/04/20;0.0
17/04/20;0.0
18/04/20;0.0
19/04/20;0.0
20/04/20;9.8
21/04/20;10.6
22/04/20;0.4
23/04/20;0.0
24/04/20;0.0
25/04/20;0.0
26/04/20;0.0
27/04/20;0.0
28/04/20;0.2
29/04/20;13.4
30/04/20;0.0
01/05/20;1.2
02/05/20;0.2
03/05/20;0.0
04/05/20;0.0
05/05/20;0.0
06/05/20;0.0
07/05/20;0.0
08/05/20;0.0
09/05/20;0.0
10/05/20;0.0
11/05/20;2.8
12/05/20;20.8
13/05/20;1.0
14/05/20;0.0
15/05/20;2.6
16/05/20;0.0
17/05/20;0.0
18/05/20;0.0
19/05/20;2.0
20/05/20;20.0
21/05/20;0.0
22/05/20;0.0
23/05/20;0.0
24/05/20;2.4
25/05/20;0.0
26/05/20;0.0
27/05/20;0.0
28/05/20;0.0
29/05/20;8.6
30/05/20;0.0
31/05/20;0.0
01/06/20;0.0
02/06/20;0.0
03/06/20;0.0
04/06/20;0.0
05/06/20;4.6
06/06/20;1.0
07/06/20;0.0
08/06/20;4.0
09/06/20;0.8
10/06/20;2.6
11/06/20;6.6
12/06/20;0.0
13/06/20;0.0
14/06/20;17.6
15/06/20;0.0
16/06/20;0.0
17/06/20;4.4
18/06/20;0.2
19/06/20;0.0
20/06/20;0.0
21/06/20;0.0
22/06/20;0.0
23/06/20;0.0
24/06/20;0.0
25/06/20;0.0
26/06/20;0.0
27/06/20;0.0
28/06/20;0.0
29/06/20;0.0
30/06/20;0.0
01/07/20;0.0
02/07/20;0.0
03/07/20;0.0
04/07/20;1.0
05/07/20;0.0
06/07/20;0.0
07/07/20;0.0
08/07/20;0.0
09/07/20;0.0
10/07/20;0.0
11/07/20;0.0
12/07/20;0.0
13/07/20;0.0
14/07/20;0.0
15/07/20;0.0
16/07/20;12.6
17/07/20;0.0
18/07/20;1.8
19/07/20;0.0
20/07/20;0.0
21/07/20;0.0
22/07/20;0.0
23/07/20;0.0
24/07/20;0.0
25/07/20;9.2
26/07/20;0.0
27/07/20;0.0
28/07/20;0.0
29/07/20;0.0
30/07/20;0.0
31/07/20;0.0
01/08/20;0.0
02/08/20;0.0
03/08/20;0.0
04/08/20;0.0
05/08/20;0.6
06/08/20;0.0
07/08/20;0.0
08/08/20;0.0
09/08/20;0.0
10/08/20;0.0
11/08/20;0.0
12/08/20;0.0
13/08/20;0.0
14/08/20;0.0
15/08/20;0.0
16/08/20;0.0
17/08/20;0.0
18/08/20;0.0
19/08/20;0.6
20/08/20;0.0
21/08/20;0.0
22/08/20;0.0
23/08/20;0.0
24/08/20;0.0
25/08/20;3.6
26/08/20;0.0
27/08/20;0.0
28/08/20;0.0
29/08/20;0.0
30/08/20;1.2
31/08/20;5.4
01/09/20;15.4
02/09/20;0.2
03/09/20;0.0
04/09/20;0.0
05/09/20;0.0
06/09/20;0.0
07/09/20;0.0
08/09/20;1.6
09/09/20;0.0
10/09/20;0.0
11/09/20;0.0
12/09/20;0.0
13/09/20;0.0
14/09/20;0.0
15/09/20;0.0
16/09/20;0.0
17/09/20;0.0
18/09/20;0.0
19/09/20;0.0
20/09/20;1.2
21/09/20;0.2
22/09/20;0.0
23/09/20;5.4
24/09/20;5.0
25/09/20;17.2
26/09/20;3.6
27/09/20;2.8
28/09/20;0.8
29/09/20;0.0
30/09/20;0.0
01/10/20;0.2
02/10/20;0.6
03/10/20;0.2
04/10/20;5.6
05/10/20;23.8
06/10/20;0.2
07/10/20;30.2
08/10/20;0.0
09/10/20;0.0
10/10/20;0.2
11/10/20;17.4
12/10/20;26.2
13/10/20;0.0
14/10/20;1.4
15/10/20;16.2
16/10/20;15.4
17/10/20;0.0
18/10/20;0.2
19/10/20;0.0
20/10/20;0.2
21/10/20;0.0
22/10/20;0.0
23/10/20;0.0
24/10/20;3.2
25/10/20;1.8
26/10/20;0.0
27/10/20;25.8
28/10/20;0.2
29/10/20;0.0
30/10/20;0.4
31/10/20;0.0
01/11/20;0.0
02/11/20;0.4
03/11/20;0.2
04/11/20;3.0
05/11/20;0.0
06/11/20;0.0
07/11/20;0.0
08/11/20;0.0
09/11/20;0.2
10/11/20;0.0
11/11/20;0.0
12/11/20;0.4
13/11/20;3.8
14/11/20;0.0
15/11/20;0.0
16/11/20;4.4
17/11/20;11.8
18/11/20;0.0
19/11/20;0.0
20/11/20;1.0
21/11/20;0.2
22/11/20;0.0
23/11/20;0.0
24/11/20;0.0
25/11/20;0.0
26/11/20;0.0
27/11/20;0.0
28/11/20;0.0
29/11/20;0.0
30/11/20;0.0
01/12/20;0.0
02/12/20;7.6
03/12/20;8.0
04/12/20;0.2
05/12/20;31.0
06/12/20;14.4
07/12/20;18.6
08/12/20;4.2
09/12/20;11.8
10/12/20;6.4
11/12/20;0.2
12/12/20;0.2
13/12/20;1.8
14/12/20;0.2
15/12/20;0.0
16/12/20;0.6
17/12/20;0.2
18/12/20;0.0
19/12/20;0.2
20/12/20;0.0
21/12/20;0.0
22/12/20;0.2
23/12/20;3.2
24/12/20;5.0
25/12/20;8.8
26/12/20;2.6
27/12/20;0.0
28/12/20;2.0
29/12/20;15.2
30/12/20;12.4
31/12/20;5.0
01/01/21;20.2
02/01/21;7.8
03/01/21;1.2
04/01/21;1.4
05/01/21;6.2
06/01/21;20.2
07/01/21;12.6
08/01/21;0.0
09/01/21;0.0
10/01/21;1.6
11/01/21;0.4
12/01/21;0.0
13/01/21;0.0
14/01/21;0.0
15/01/21;0.0
16/01/21;0.0
17/01/21;0.0
18/01/21;0.0
19/01/21;0.0
20/01/21;1.0
21/01/21;0.0
22/01/21;2.8
23/01/21;6.0
24/01/21;18.8
25/01/21;12.2
26/01/21;1.4
27/01/21;0.2
28/01/21;0.0
29/01/21;3.4
30/01/21;6.0
31/01/21;20.8
01/02/21;0.4
02/02/21;7.4
03/02/21;0.0
04/02/21;0.0
05/02/21;0.0
06/02/21;0.2
07/02/21;0.6
08/02/21;22.0
09/02/21;22.4
10/02/21;14.2
11/02/21;1.6
12/02/21;0.4
13/02/21;5.2
14/02/21;0.0
15/02/21;0.0
16/02/21;0.0
17/02/21;4.4
18/02/21;0.4
19/02/21;0.0
20/02/21;0.0
21/02/21;0.0
22/02/21;0.0
23/02/21;0.0
24/02/21;0.0
25/02/21;0.2
26/02/21;0.0
27/02/21;0.0
28/02/21;0.0
01/03/21;0.0
02/03/21;0.0
03/03/21;0.0
04/03/21;0.0
05/03/21;0.0
06/03/21;0.0
07/03/21;0.0
08/03/21;0.0
09/03/21;0.0
10/03/21;0.0
11/03/21;0.0
12/03/21;0.0
13/03/21;0.0
14/03/21;1.8
15/03/21;2.0
16/03/21;0.0
17/03/21;0.0
18/03/21;0.0
19/03/21;0.0
20/03/21;0.0
21/03/21;0.0
22/03/21;0.0
23/03/21;0.0
24/03/21;0.0
25/03/21;0.0
26/03/21;0.0
27/03/21;0.2
28/03/21;0.0
29/03/21;0.0
30/03/21;0.0
31/03/21;0.0
01/04/21;0.0
02/04/21;0.0
03/04/21;0.0
04/04/21;0.0
05/04/21;0.0
06/04/21;0.0
07/04/21;0.0
08/04/21;0.0
09/04/21;0.0
10/04/21;0.0
11/04/21;11.6
12/04/21;18.0
13/04/21;30.2
14/04/21;0.0
15/04/21;0.0
16/04/21;0.0
17/04/21;0.0
18/04/21;0.0
19/04/21;0.0
20/04/21;0.0
21/04/21;0.0
22/04/21;0.0
23/04/21;0.0
24/04/21;0.0
25/04/21;0.0
26/04/21;0.0
27/04/21;3.4
28/04/21;3.4
29/04/21;2.8
30/04/21;13.8
01/05/21;1.4
02/05/21;2.0
03/05/21;1.6
04/05/21;0.8
05/05/21;0.0
06/05/21;0.0
07/05/21;0.0
08/05/21;0.0
09/05/21;0.0
10/05/21;0.0
11/05/21;0.0
12/05/21;15.8
13/05/21;2.0
14/05/21;2.4
15/05/21;2.6
16/05/21;1.0
