gg/mm/aaaa;Max [°C];Min [°C]
02/01/09;7.4;-2.3
03/01/09;9.6;-1.3
04/01/09;5.8;-1.8
05/01/09;8.7;-7.1
06/01/09;8.1;-6.3
07/01/09;9;-0.2
08/01/09;8.3;3.1
09/01/09;10.1;3.2
10/01/09;5.8;2.2
11/01/09;11.2;3.6
12/01/09;13.2;-0.4
13/01/09;14;1
14/01/09;10;4.7
15/01/09;7.3;4.2
16/01/09;9.7;0.4
17/01/09;14.3;-1.1
18/01/09;9.2;1.2
19/01/09;13.4;5.9
20/01/09;12.4;8.9
21/01/09;13.4;8
22/01/09;11.5;3.1
23/01/09;10.1;-0.3
24/01/09;5.8;1.5
25/01/09;9.1;4.8
26/01/09;9.8;0.6
27/01/09;9.1;1.9
28/01/09;10.9;4.5
29/01/09;10.8;-1.3
30/01/09;13.7;0.6
31/01/09;12.4;-1.8
01/02/09;12.7;0.4
02/02/09;6.2;2.8
03/02/09;10.5;5.8
04/02/09;10.4;2.7
05/02/09;10.1;4.1
06/02/09;15.6;8
07/02/09;14.3;8.1
08/02/09;14.4;4.5
09/02/09;8.7;4.5
10/02/09;13.4;6.3
11/02/09;12.2;3
12/02/09;11.6;0.9
13/02/09;10.1;-1.8
14/02/09;8.2;-6.6
15/02/09;9.1;-5.6
16/02/09;9.8;-6.3
17/02/09;9.4;-1.5
18/02/09;5.5;0.4
19/02/09;6.5;-6.2
20/02/09;9.7;-3.8
21/02/09;12.5;-1.2
22/02/09;14.3;-2.6
23/02/09;12.6;1.2
24/02/09;13;0.2
25/02/09;15.1;2
26/02/09;11.9;-2.2
27/02/09;13.3;3.3
28/02/09;15;0.4
01/03/09;17.9;4.4
02/03/09;11.8;7.9
03/03/09;13.7;8.6
04/03/09;13.8;5.7
05/03/09;11.3;8.3
06/03/09;11.5;2
07/03/09;14.3;0.9
08/03/09;17.9;-0.1
09/03/09;18.9;5.5
10/03/09;17.3;-1.3
11/03/09;16.5;5.3
12/03/09;18;2.1
13/03/09;16.7;0.7
14/03/09;16;2.1
15/03/09;18.7;5.5
16/03/09;19;9.5
17/03/09;17.9;2.2
18/03/09;21.2;2.1
19/03/09;21.5;6.2
20/03/09;17.8;5.5
21/03/09;9.1;3.7
22/03/09;9.2;-1.6
23/03/09;16.2;-0.5
24/03/09;17.4;5.8
25/03/09;11.9;-1.7
26/03/09;15.7;3.2
27/03/09;19.2;2.5
28/03/09;17.2;7.4
29/03/09;14.9;9.3
30/03/09;15.5;10.6
31/03/09;20.6;12.5
01/04/09;16;8.9
02/04/09;18.7;9.8
03/04/09;20.6;5.3
04/04/09;22;6.4
05/04/09;18.7;7.6
06/04/09;22.2;7.9
07/04/09;22.3;11.2
08/04/09;22.1;6.6
09/04/09;21.2;5.7
10/04/09;25.5;8.5
11/04/09;24.8;10.8
12/04/09;23.8;9.5
13/04/09;22.3;11.4
14/04/09;23.1;9.1
15/04/09;25.4;8.7
16/04/09;24.7;7.8
17/04/09;18.2;9.9
18/04/09;19.8;8
19/04/09;17.7;9.8
20/04/09;18.5;8.5
21/04/09;21.6;13
22/04/09;19.7;14.3
23/04/09;22.7;6.5
24/04/09;24.5;9.4
25/04/09;20.5;5.3
26/04/09;25;10.8
27/04/09;15.9;10.4
28/04/09;19.8;11.4
29/04/09;21.3;11.2
30/04/09;16.4;6.7
01/05/09;18.3;7.1
02/05/09;24.3;7.5
03/05/09;28.4;7
04/05/09;22.3;6.8
05/05/09;26.3;13.3
06/05/09;21.3;7
07/05/09;24.8;9.4
08/05/09;25.6;7.1
09/05/09;26.5;9.3
10/05/09;27.4;9.1
11/05/09;28.4;9.1
12/05/09;28.7;10.8
13/05/09;29.8;11.8
14/05/09;29.2;8.9
15/05/09;28.3;13.7
16/05/09;24.5;12.6
17/05/09;30.5;14.1
18/05/09;32.3;13.9
19/05/09;30.1;9.9
20/05/09;30.5;10.5
21/05/09;33.4;13.5
22/05/09;33.8;12.4
23/05/09;30.9;14
24/05/09;33.4;14.1
25/05/09;35.3;15
26/05/09;36.4;14.4
27/05/09;35.7;15.9
28/05/09;31.1;15.7
29/05/09;26.3;9.8
30/05/09;30.1;10.6
31/05/09;26.9;14.2
01/06/09;19.4;14.7
02/06/09;22.3;13.4
03/06/09;26.3;11.2
04/06/09;27.5;14.8
05/06/09;28.6;13.7
06/06/09;27;16.4
07/06/09;27;17.4
08/06/09;23.8;11.5
09/06/09;28.4;12.5
10/06/09;27.6;14.2
11/06/09;27.4;14.7
12/06/09;27.8;14.8
13/06/09;31.7;13.9
14/06/09;33.7;14.7
15/06/09;34.2;14.7
16/06/09;34.2;14.5
17/06/09;33.7;18.4
18/06/09;31.5;15.7
19/06/09;35.9;15.8
20/06/09;33.7;18.9
21/06/09;28;15
22/06/09;23;12.4
23/06/09;26.9;11.6
24/06/09;27.6;10.7
25/06/09;27;15
26/06/09;28;17.5
27/06/09;24.2;15.9
28/06/09;27.3;14.4
29/06/09;30.6;17.1
30/06/09;30.5;17.3
01/07/09;32.3;16.9
02/07/09;33.3;17.2
03/07/09;33.2;18.9
04/07/09;32.7;18.4
05/07/09;33.1;21.6
06/07/09;32.2;21.1
07/07/09;30.9;17.1
08/07/09;31.7;17.8
09/07/09;28.8;15.6
10/07/09;30.5;15.4
11/07/09;28.8;13.4
12/07/09;29.4;14
13/07/09;31.6;15.2
14/07/09;32.6;17.6
15/07/09;36.3;17.8
16/07/09;36.1;17.3
17/07/09;37.8;18.9
18/07/09;37.2;19.8
19/07/09;28.2;13.5
20/07/09;31.4;13.4
21/07/09;30.5;14.4
22/07/09;33.1;14.8
23/07/09;36.6;16.3
24/07/09;38.8;18.5
25/07/09;37;19.5
26/07/09;34.3;17.3
27/07/09;35.4;16.9
28/07/09;36.4;16.6
29/07/09;35.5;14.9
30/07/09;38.1;18
31/07/09;37.8;16.7
01/08/09;36.8;17.1
02/08/09;36.7;15.4
03/08/09;35.3;19.3
04/08/09;29;17.7
05/08/09;30.2;15.5
06/08/09;33.8;16.3
07/08/09;36.3;16.6
08/08/09;36.6;17.8
09/08/09;36.8;18.8
10/08/09;35.4;18
11/08/09;33.5;20.7
12/08/09;33.9;17.7
13/08/09;37.3;18.7
14/08/09;36.5;17.5
15/08/09;36;0
16/08/09;37;17
17/08/09;37.4;18.1
18/08/09;37;18
19/08/09;38.4;18.6
20/08/09;39.9;18.5
21/08/09;40.2;18.1
22/08/09;39.7;16.8
23/08/09;36.2;20.9
24/08/09;35.6;20.5
25/08/09;36.3;21.4
26/08/09;36.5;19.6
27/08/09;36;18.7
28/08/09;36.7;18.2
29/08/09;37;19.4
30/08/09;34.9;21.9
31/08/09;28.7;19.8
01/09/09;34.9;16.9
02/09/09;35.4;18.9
03/09/09;33.4;20.3
04/09/09;32;20.9
05/09/09;32;18.3
06/09/09;33;18.6
07/09/09;27.4;13.4
08/09/09;27.1;13.7
09/09/09;27.5;15.3
10/09/09;27.3;15
11/09/09;28.8;14.6
12/09/09;29.7;16.9
13/09/09;28.2;18
14/09/09;30.2;15.1
15/09/09;20.8;13.5
16/09/09;25.9;17.9
17/09/09;23.8;15.8
18/09/09;25.6;14.6
19/09/09;26.7;14.4
20/09/09;29;13.8
21/09/09;24.7;14.2
22/09/09;26.2;17.7
23/09/09;29;12.2
24/09/09;29.9;15.5
25/09/09;29.9;16.4
26/09/09;27.7;18.6
27/09/09;26.6;18.7
28/09/09;28;13.4
29/09/09;29.1;11.6
30/09/09;28.1;12.7
01/10/09;27.4;14.1
02/10/09;24.9;14.1
03/10/09;27.8;15.6
04/10/09;25.3;9.1
05/10/09;24.5;15.2
06/10/09;26.3;13.5
07/10/09;24.6;15.2
08/10/09;27.1;12.7
09/10/09;26.8;13.9
10/10/09;23.5;14
11/10/09;21.8;14.4
12/10/09;26.1;15
13/10/09;19.3;6.9
14/10/09;20.4;3.3
15/10/09;17.3;-0.1
16/10/09;15.4;5.4
17/10/09;16.4;5.2
18/10/09;17.2;6.9
19/10/09;15.9;5.8
20/10/09;14.3;-0.5
21/10/09;16.6;4.4
22/10/09;15.9;8.6
23/10/09;20.2;11.1
24/10/09;14.6;11.9
25/10/09;19.1;9.7
26/10/09;20.8;7.6
27/10/09;23.6;7.3
28/10/09;21.7;5.5
29/10/09;21.1;7.3
30/10/09;19.5;6.9
31/10/09;19.7;8.5
01/11/09;16.1;1.3
02/11/09;17.6;2.6
03/11/09;12.6;6.8
04/11/09;14.4;3.4
05/11/09;12.2;7.6
06/11/09;17.3;8.3
07/11/09;14.6;2.3
08/11/09;13.3;4.9
09/11/09;10.6;7.3
10/11/09;14.4;8.8
11/11/09;13.5;1.2
12/11/09;16;2.1
13/11/09;15.4;5.1
14/11/09;12.7;9.3
15/11/09;16.4;10.6
16/11/09;17.1;12.2
17/11/09;20.1;7.3
18/11/09;19.3;8.3
19/11/09;18.8;6.3
20/11/09;18;5.5
21/11/09;15.6;4.3
22/11/09;17.6;5.9
23/11/09;17;9.9
24/11/09;17.2;11
25/11/09;17.7;7.6
26/11/09;17.5;7.1
27/11/09;16.9;8.4
28/11/09;18.6;10.1
29/11/09;17;6.7
30/11/09;15.6;10.6
01/12/09;16.6;5.3
02/12/09;12.7;1.9
03/12/09;12.8;0.1
04/12/09;8.9;1.4
05/12/09;8.8;4.7
06/12/09;13.7;1.3
07/12/09;8.2;2.9
08/12/09;13.3;8.2
09/12/09;15.4;0.3
10/12/09;13.4;-1.3
11/12/09;12.5;-1.7
12/12/09;13;-0.5
13/12/09;11.3;0.4
14/12/09;8.4;3.3
15/12/09;5.7;1.5
16/12/09;3.7;0.3
17/12/09;6;-0.2
18/12/09;3.6;-1
19/12/09;4.4;-2.8
20/12/09;0.8;-9.6
21/12/09;2.2;-8.6
22/12/09;3.1;-2.3
23/12/09;13.6;3.1
24/12/09;17.7;12.1
25/12/09;16.9;13.9
26/12/09;17.3;3.3
27/12/09;9.1;4.7
28/12/09;11.6;1.5
29/12/09;8.3;3.3
30/12/09;10.5;7.2
31/12/09;13.7;9.8
01/01/10;9.8;8.1
02/01/10;12.6;2.4
03/01/10;7.3;-0.9
04/01/10;2.6;1.2
05/01/10;4;1.6
06/01/10;7.7;3.1
07/01/10;11.1;3.2
08/01/10;11.2;6.2
09/01/10;8;0
10/01/10;0;0
11/01/10;6.5;0
12/01/10;6.8;0
13/01/10;9.1;1.5
14/01/10;9.8;-0.5
15/01/10;9.2;5.1
16/01/10;8.3;0.8
17/01/10;5.1;1.5
18/01/10;11.1;-0.2
19/01/10;12.1;-2.3
20/01/10;6.2;-3
21/01/10;11.5;0
22/01/10;8.4;-3
23/01/10;8.2;-1.4
24/01/10;8.5;-3.8
25/01/10;8.7;3.3
26/01/10;4.1;2.6
27/01/10;6.2;2
28/01/10;6.9;-4.1
29/01/10;6.2;-3.4
30/01/10;9.4;3.1
31/01/10;5.2;-1.7
01/02/10;7.9;-5
02/02/10;7.6;-5.4
03/02/10;5.6;-1.5
04/02/10;11.6;4
05/02/10;9.1;6.9
06/02/10;7.1;4
07/02/10;11;1.5
08/02/10;9.4;-0.8
09/02/10;9.9;-1.6
10/02/10;6.2;3.2
11/02/10;6.1;0.2
12/02/10;5.2;-2.3
13/02/10;9.1;-3
14/02/10;9.7;-1.1
15/02/10;11.9;1.2
16/02/10;8.7;5.6
17/02/10;15.5;5.9
18/02/10;15.2;8.7
19/02/10;13;9.5
20/02/10;11.2;3.3
21/02/10;13.6;0
22/02/10;13.4;6.3
23/02/10;14.4;8.6
24/02/10;16;7.1
25/02/10;15.9;5.9
26/02/10;16.3;7.7
27/02/10;15.9;3
28/02/10;13.4;6.9
01/03/10;17.1;6.9
02/03/10;16.9;5.8
03/03/10;9.4;4.7
04/03/10;8.9;3.8
05/03/10;7.6;2.5
06/03/10;10.5;-1.8
07/03/10;9.1;-0.3
08/03/10;5.5;0.7
09/03/10;2.9;0.6
10/03/10;6.3;1.9
11/03/10;6.5;-0.2
12/03/10;7.6;-0.4
13/03/10;13.8;-0.6
14/03/10;15.3;-1.8
15/03/10;16;2.6
16/03/10;15.6;-1.6
17/03/10;16;-0.2
18/03/10;17.1;1.4
19/03/10;15.3;3.2
20/03/10;13;5.9
21/03/10;16.9;10.8
22/03/10;17.8;9.7
23/03/10;21.3;6.2
24/03/10;19.7;7.2
25/03/10;21;7
26/03/10;18.6;10.2
27/03/10;18;8.7
28/03/10;18.6;0
29/03/10;20.8;6.9
30/03/10;17.3;8.2
31/03/10;16;10
01/04/10;16.6;5.8
02/04/10;15.8;5.1
03/04/10;16.6;6.2
04/04/10;12.6;4.5
05/04/10;15.5;4.2
06/04/10;19.5;1.9
07/04/10;23.2;3.1
08/04/10;22;5.3
09/04/10;22.7;4
10/04/10;23.3;5.1
11/04/10;11.6;4.7
12/04/10;16.1;5.6
13/04/10;15.9;5.3
14/04/10;18.4;2.9
15/04/10;21.2;2.3
16/04/10;19.8;6.3
17/04/10;17.3;7.2
18/04/10;21;4.6
19/04/10;20.2;5.7
20/04/10;21.2;9.3
21/04/10;20.1;9.7
22/04/10;23.8;8.3
23/04/10;14.7;10.5
24/04/10;20.7;13.2
25/04/10;24;14
26/04/10;26.5;12.6
27/04/10;25.3;10.5
28/04/10;26.6;13.2
29/04/10;27.5;7.9
30/04/10;25.4;8.8
01/05/10;24.8;8.8
02/05/10;16;13.5
03/05/10;22.1;11.3
04/05/10;21.8;11.2
05/05/10;16.6;9.6
06/05/10;16.2;9.8
07/05/10;16.8;9.1
08/05/10;19;8.8
09/05/10;22;8.5
10/05/10;23.2;13.1
11/05/10;19.4;11.6
12/05/10;21.6;11.4
13/05/10;21.2;10.9
14/05/10;20.3;10.5
15/05/10;14.1;10.5
16/05/10;20.5;9.9
17/05/10;22.3;11.8
18/05/10;24.5;8.6
19/05/10;19.8;9.7
20/05/10;21.2;6.9
21/05/10;24.5;7.8
22/05/10;27;10.6
23/05/10;27.7;9.6
24/05/10;28.8;10.4
25/05/10;26.6;11.6
26/05/10;28;9.4
27/05/10;24.8;10.4
28/05/10;26.6;13.7
29/05/10;28;11.7
30/05/10;26.7;14.5
31/05/10;26.7;12.9
01/06/10;28.4;8.7
02/06/10;22.7;13.8
03/06/10;23.3;13.2
04/06/10;29.1;12.7
05/06/10;31.4;12.9
06/06/10;30.7;15.2
07/06/10;29.3;12.2
08/06/10;30.5;14.4
09/06/10;32.2;15.3
10/06/10;32.7;16.4
11/06/10;33.4;15.8
12/06/10;31.3;16.8
13/06/10;29.1;16.4
14/06/10;28.9;14.4
15/06/10;27.6;18.4
16/06/10;25;15.4
17/06/10;24.1;14.4
18/06/10;25.7;15
19/06/10;21.6;15.8
20/06/10;20.9;12.5
21/06/10;20.9;12.4
22/06/10;27.1;10.3
23/06/10;27.3;13.4
24/06/10;29.9;13.1
25/06/10;29.9;14.4
26/06/10;30.5;14.7
27/06/10;31.2;14.8
28/06/10;32.2;15.2
29/06/10;32.7;16.3
30/06/10;32.7;17.3
01/07/10;34.2;16.8
02/07/10;35.1;17.6
03/07/10;34.9;17.4
04/07/10;33.1;19.4
05/07/10;33.3;20
06/07/10;32.8;19.4
07/07/10;33.3;19.1
08/07/10;32.8;19.5
09/07/10;35.2;18.2
10/07/10;36.5;19.6
11/07/10;36.6;21.8
12/07/10;35.2;22.2
13/07/10;34.1;20.4
14/07/10;36;18.9
15/07/10;35.5;18.8
16/07/10;37.4;19.1
17/07/10;34.7;19.8
18/07/10;32.5;21.5
19/07/10;32.2;22.3
20/07/10;35.4;22.7
21/07/10;35.9;19.9
22/07/10;35.8;18.7
23/07/10;34.8;20.6
24/07/10;32.7;18.6
25/07/10;31.1;14.6
26/07/10;28.7;16.3
27/07/10;27.9;12.7
28/07/10;31.6;12.6
29/07/10;24.5;15.1
30/07/10;27.6;12.9
31/07/10;28.5;14.2
01/08/10;31.9;13.3
02/08/10;32.4;14.3
03/08/10;30.6;15.5
04/08/10;30.8;16.4
05/08/10;25.5;14.4
06/08/10;27.6;15
07/08/10;29.7;14.4
08/08/10;30.3;14.6
09/08/10;30;14.3
10/08/10;31.8;18
11/08/10;31.5;19.3
12/08/10;30.7;16.9
13/08/10;24.8;17.6
14/08/10;20.5;16.6
15/08/10;28.4;16.9
16/08/10;26.3;16.3
17/08/10;25.6;15.2
18/08/10;27.6;15.2
19/08/10;29.5;18.1
20/08/10;32.4;15.6
21/08/10;32;20.2
22/08/10;32.7;19.9
23/08/10;32.7;16.4
24/08/10;31.7;16.2
25/08/10;32;18.5
26/08/10;33;16.6
27/08/10;32.3;18
28/08/10;30.6;20.7
29/08/10;28.4;17.3
30/08/10;28.4;12.6
31/08/10;28;9.1
01/09/10;28.4;8.4
02/09/10;28.7;9
03/09/10;31.1;11.6
04/09/10;30.2;13
05/09/10;29.8;14.5
06/09/10;29.5;13.6
07/09/10;28.1;17.5
08/09/10;25.2;16.2
09/09/10;26;14
10/09/10;23.8;13.4
11/09/10;26.5;14.1
12/09/10;29.2;10.5
13/09/10;24.4;11.9
14/09/10;26.1;14.8
15/09/10;27.6;11.2
16/09/10;28.2;13.5
17/09/10;25.3;17.6
18/09/10;28.8;17.7
19/09/10;23.3;12.7
20/09/10;26.6;9.4
21/09/10;24.4;9.9
22/09/10;27.3;11.9
23/09/10;28.4;9.6
24/09/10;25.9;11.3
25/09/10;23.6;12.5
26/09/10;23.6;9.2
27/09/10;18;12.4
28/09/10;19.4;8.7
29/09/10;22.7;6.2
30/09/10;23.3;7.3
01/10/10;18.7;11.9
02/10/10;24.1;9.7
03/10/10;23.6;10.4
04/10/10;21.3;11.9
05/10/10;22.8;15.5
06/10/10;24.7;13.7
07/10/10;26.1;11.3
08/10/10;22.7;14.1
09/10/10;20.5;12.4
10/10/10;21.5;8.2
11/10/10;17.5;14
12/10/10;20.3;13.6
13/10/10;17.7;14.1
14/10/10;17.2;11.9
15/10/10;17.7;7.7
16/10/10;19.5;9.3
17/10/10;17.3;9.6
18/10/10;14.8;10.2
19/10/10;19.5;7
20/10/10;18;4.9
21/10/10;20;2.7
22/10/10;20.3;2.2
23/10/10;18;6.4
24/10/10;19;9.4
25/10/10;15.2;9.5
26/10/10;13.7;9.1
27/10/10;13.5;3.5
28/10/10;16.9;3.9
29/10/10;20.5;1.5
30/10/10;14.5;3
31/10/10;17;12.6
01/11/10;19.3;11.1
02/11/10;20.6;10.2
03/11/10;18.3;11.2
04/11/10;21.4;8
05/11/10;20.7;5.7
06/11/10;17.7;7.2
07/11/10;18;8.7
08/11/10;12.8;7.8
09/11/10;14.4;8.1
10/11/10;12.9;8.2
11/11/10;16.9;6.9
12/11/10;12;7.5
13/11/10;18.4;8.7
14/11/10;13.8;8.7
15/11/10;16.4;11.9
16/11/10;16.4;9.2
17/11/10;16.9;5.1
18/11/10;10.1;3.9
19/11/10;10.5;7
20/11/10;14.8;7.2
21/11/10;12.3;9.6
22/11/10;13.7;6.3
23/11/10;10.6;6.5
24/11/10;13;4.4
25/11/10;11.2;3.7
26/11/10;9.8;1.4
27/11/10;10.3;-1.1
28/11/10;6.7;0.6
29/11/10;12;4.3
30/11/10;9.4;5.2
01/12/10;8.3;5
02/12/10;12.3;3.5
03/12/10;10;3.1
04/12/10;8.2;0.4
05/12/10;5.8;-2.3
06/12/10;12.6;3.7
07/12/10;17;11.7
08/12/10;17.4;12.6
09/12/10;16.9;6.5
10/12/10;11.4;0.2
11/12/10;10.1;-2.5
12/12/10;9.9;3.2
13/12/10;11.3;-0.3
14/12/10;7.3;-4
15/12/10;4.8;-5.4
16/12/10;3.3;-5.6
17/12/10;-0.4;-7.3
18/12/10;5.5;-5.2
19/12/10;4.8;-4.8
20/12/10;4.4;0.6
21/12/10;6.6;2.1
22/12/10;13.6;6.1
23/12/10;17;11.5
24/12/10;11.7;8.7
25/12/10;9.2;4.4
26/12/10;7.6;2.7
27/12/10;6.1;0.3
28/12/10;7.5;-4.4
29/12/10;7.3;0.6
30/12/10;7.9;4.6
31/12/10;10.1;0.3
01/01/11;10.9;-1.1
02/01/11;8.7;0.3
03/01/11;8.7;1.4
04/01/11;3.5;-3.8
05/01/11;6.2;-2.4
06/01/11;8.5;1.2
07/01/11;13.1;8.6
08/01/11;14.2;7.3
09/01/11;16.2;6.3
10/01/11;14.4;5.8
11/01/11;11.8;6.2
12/01/11;14.9;2.8
13/01/11;11.6;0.4
14/01/11;11.2;1.9
15/01/11;15.2;4.3
16/01/11;14.6;1.1
17/01/11;10.4;-0.2
18/01/11;13.5;4
19/01/11;8.6;2.6
20/01/11;8;3.2
21/01/11;5.7;2.4
22/01/11;3.6;1.9
23/01/11;5.7;-1.4
24/01/11;8.7;-5.1
25/01/11;2.6;-4.6
26/01/11;10.4;-1.5
27/01/11;10.8;1.9
28/01/11;9.1;4.7
29/01/11;6.2;3.7
30/01/11;4.5;1.5
31/01/11;12;0.4
01/02/11;11.2;0.9
02/02/11;12.1;3.4
03/02/11;11.2;4.5
04/02/11;18.4;1.9
05/02/11;15.4;-1.6
06/02/11;11.4;-2.7
07/02/11;7.3;-2
08/02/11;7.3;0.9
09/02/11;11.6;1.4
10/02/11;11.2;0.9
11/02/11;12.5;7.1
12/02/11;10;8
13/02/11;9.8;6.9
14/02/11;13.6;6.2
15/02/11;13.3;3
16/02/11;9.8;6.9
17/02/11;12.3;6.8
18/02/11;14.4;4.9
19/02/11;18.4;3
20/02/11;10.2;3.2
21/02/11;10.4;3.4
22/02/11;12.6;-0.9
23/02/11;8.5;-1.6
24/02/11;10;-2.3
25/02/11;11.9;-1.6
26/02/11;10.6;0
27/02/11;4.4;0.4
28/02/11;12.3;4.7
01/03/11;8.7;4.2
02/03/11;7.1;1.9
03/03/11;7;1.5
04/03/11;12;0.7
05/03/11;11.8;4.9
06/03/11;17.7;4
07/03/11;9.2;1.4
08/03/11;10.1;-0.8
09/03/11;12.1;-4.5
10/03/11;13.3;-3.4
11/03/11;14.3;0.3
12/03/11;13;2.8
13/03/11;10.2;6.7
14/03/11;19.4;9
15/03/11;18.8;10
16/03/11;15.6;8.8
17/03/11;13.6;8.8
18/03/11;19.1;6.8
19/03/11;17.6;5.1
20/03/11;13.3;6.2
21/03/11;11.6;5
22/03/11;17.1;6.2
23/03/11;20;3.2
24/03/11;23.8;2.6
25/03/11;20.2;2.5
26/03/11;18.7;6.4
27/03/11;16.5;5.5
28/03/11;14.9;10
29/03/11;20.1;7.1
30/03/11;20.6;5
31/03/11;22.1;7.4
01/04/11;24.4;4.5
02/04/11;24.9;5.8
03/04/11;22;8.3
04/04/11;21.5;7
05/04/11;20.7;10.4
06/04/11;25.1;5.8
07/04/11;26.7;7.4
08/04/11;24;6.9
09/04/11;25.8;7.6
10/04/11;27.8;10.8
11/04/11;27;6.8
12/04/11;22.7;8
13/04/11;18.4;7.3
14/04/11;16.5;5.1
15/04/11;15.5;7.2
16/04/11;18.4;4.7
17/04/11;19.2;4.7
18/04/11;20.9;4
19/04/11;22.1;3.5
20/04/11;24.7;3.9
21/04/11;24.3;5.6
22/04/11;25.5;5.4
23/04/11;20.2;11.8
24/04/11;20.9;10.1
25/04/11;24;8
26/04/11;21;14
27/04/11;22.6;10.9
28/04/11;19.8;10
29/04/11;23.4;8.6
30/04/11;20.5;10.8
01/05/11;24.3;10.3
02/05/11;24;7.9
03/05/11;24.7;11.5
04/05/11;21.5;9.8
05/05/11;23;6.9
06/05/11;25.9;5.2
07/05/11;26.2;6.3
08/05/11;26.6;6.7
09/05/11;21.6;10.6
10/05/11;25.2;10.8
11/05/11;28.8;6.6
12/05/11;28;9.3
13/05/11;28.4;12.8
14/05/11;28.2;9.8
15/05/11;17.5;9.8
16/05/11;23.8;8.8
17/05/11;25.6;6.5
18/05/11;25.9;7.5
19/05/11;29.9;9.3
20/05/11;29.9;13.1
21/05/11;31.2;10.9
22/05/11;32;11.3
23/05/11;30.8;12.3
24/05/11;32;15
25/05/11;31.7;13.4
26/05/11;34.3;14
27/05/11;30.3;14
28/05/11;28.8;15.4
29/05/11;27.8;11.2
30/05/11;31.5;10.5
31/05/11;30.2;12.1
01/06/11;27;15.5
02/06/11;29.3;12.6
03/06/11;30;18.9
04/06/11;32;15.1
05/06/11;32.4;13.1
06/06/11;27.5;14.1
07/06/11;24.5;17.6
08/06/11;23.2;15.3
09/06/11;24.1;15.2
10/06/11;26.1;14.9
11/06/11;27;15.4
12/06/11;28.1;14.8
13/06/11;26.9;14
14/06/11;28.5;13.9
15/06/11;30.4;13.8
16/06/11;31.5;13.7
17/06/11;29.7;15.5
18/06/11;30.8;17.5
19/06/11;26.6;15.2
20/06/11;30.4;12.7
21/06/11;31.3;13.4
22/06/11;33.3;13.7
23/06/11;31.9;15.6
24/06/11;30.2;17.3
25/06/11;28.8;16.1
26/06/11;33.1;14.2
27/06/11;33.7;15.8
28/06/11;34.5;18.2
29/06/11;34.9;18.9
30/06/11;32;19.5
01/07/11;30.9;16.2
02/07/11;25.6;16.4
03/07/11;30;11.2
04/07/11;30.5;15.9
05/07/11;29.8;18.3
06/07/11;32;18.4
07/07/11;33.5;16.1
08/07/11;34.5;16.8
09/07/11;35.1;16.4
10/07/11;35.7;19.3
11/07/11;36.5;18.9
12/07/11;38.3;19.3
13/07/11;37.2;20.5
14/07/11;32.9;20.9
15/07/11;30.2;17.4
16/07/11;30;15.5
17/07/11;32.5;17.4
18/07/11;27.7;15.8
19/07/11;27.3;13.7
20/07/11;25.6;15.1
21/07/11;26.8;14.9
22/07/11;29;15
23/07/11;28.1;13.8
24/07/11;23.5;14.5
25/07/11;26.7;11.6
26/07/11;29.9;12.6
27/07/11;23.6;13.2
28/07/11;28.1;16.4
29/07/11;28.7;14.6
30/07/11;29.7;15.7
31/07/11;31.9;15.5
01/08/11;31.7;14.5
02/08/11;33.6;15.2
03/08/11;32.4;15.1
04/08/11;32.4;16
05/08/11;35.9;16.3
06/08/11;34.5;16.7
07/08/11;33.6;19.4
08/08/11;30.7;19.9
09/08/11;32.1;15.2
10/08/11;30.6;16
11/08/11;32.6;11.8
12/08/11;30.6;13.4
13/08/11;31.5;12.8
14/08/11;33.8;15.2
15/08/11;31.6;17.3
16/08/11;35.9;17.3
17/08/11;37.7;17.6
18/08/11;38;18.1
19/08/11;36.8;18.2
20/08/11;38.7;16.4
21/08/11;41.4;18.3
22/08/11;40.7;19
23/08/11;39.5;19.2
24/08/11;38.7;16.6
25/08/11;38.8;16.2
26/08/11;39.1;15.7
27/08/11;30.7;16.4
28/08/11;34.4;12.8
29/08/11;33.6;14.4
30/08/11;31.6;14.4
31/08/11;32.4;16.4
01/09/11;33.6;16.5
02/09/11;34.9;16.5
03/09/11;35.6;19.8
04/09/11;29.5;18
05/09/11;29.6;17.7
06/09/11;32.7;15.7
07/09/11;28.7;16.7
08/09/11;30.2;14.4
09/09/11;33.1;16.6
10/09/11;32.9;15.6
11/09/11;33.5;18
12/09/11;32.4;18.4
13/09/11;35.1;15.2
14/09/11;34.7;15.8
15/09/11;33.8;13.7
16/09/11;33.3;13.8
17/09/11;32.2;12.6
18/09/11;27.8;16
19/09/11;24.1;10.5
20/09/11;24.4;10.7
21/09/11;29.3;10.5
22/09/11;29.4;12.3
23/09/11;31.2;12.7
24/09/11;30.6;13
25/09/11;31.3;15
26/09/11;29.7;12.8
27/09/11;29.7;15
28/09/11;27.9;15.7
29/09/11;28.6;13.8
30/09/11;28.8;13
01/10/11;31.4;10.7
02/10/11;31.9;11.1
03/10/11;31.8;10.8
04/10/11;30.4;10.4
05/10/11;30.9;10.1
06/10/11;27.3;13.4
07/10/11;23.8;10.1
08/10/11;21.9;4.8
09/10/11;19.5;5.5
10/10/11;22.4;4.7
11/10/11;25.9;6.7
12/10/11;22.1;11
13/10/11;24.9;14.4
14/10/11;19;10.6
15/10/11;16.1;9.3
16/10/11;18.3;8.3
17/10/11;20.6;4.1
18/10/11;21.3;1.9
19/10/11;22.6;10.5
20/10/11;17.7;9.6
21/10/11;14.8;8.7
22/10/11;16.1;7.4
23/10/11;17.1;2.5
24/10/11;14.9;9.7
25/10/11;18.2;10.8
26/10/11;20.5;8.8
27/10/11;17.9;7.1
28/10/11;21.9;5.8
29/10/11;22;6.2
30/10/11;20.3;6.2
31/10/11;19.5;7.3
01/11/11;19.2;7.2
02/11/11;20.4;6.5
03/11/11;20.9;6
04/11/11;18.4;14
05/11/11;21.2;15.2
06/11/11;18;11.9
07/11/11;14.4;10.2
08/11/11;20.2;11.3
09/11/11;22;9.5
10/11/11;20.2;6.8
11/11/11;18.4;4.1
12/11/11;14.9;7.1
13/11/11;16.6;5.5
14/11/11;17.7;0.2
15/11/11;16;-1.6
16/11/11;17.1;-1.9
17/11/11;15.2;-1
18/11/11;14.8;-1.1
19/11/11;12.9;-1.6
20/11/11;14.1;-1.6
21/11/11;15.5;1.8
22/11/11;14.7;6.9
23/11/11;16;10.6
24/11/11;15.8;8
25/11/11;18;3.3
26/11/11;15.6;0.5
27/11/11;15.5;0.1
28/11/11;16.2;2.6
29/11/11;15.2;1
30/11/11;13.7;-0.1
01/12/11;12.1;2.4
02/12/11;17.7;9
03/12/11;18;9.6
04/12/11;12.3;9.4
05/12/11;14.8;9.3
06/12/11;14.1;4.7
07/12/11;13.4;4.7
08/12/11;17.5;6.5
09/12/11;11.4;5.1
10/12/11;12.9;10.1
11/12/11;14.4;10.5
12/12/11;12.1;7.8
13/12/11;13.4;2.8
14/12/11;12.7;9.5
15/12/11;14.7;9.8
16/12/11;14.5;10.4
17/12/11;14.2;0
18/12/11;7.3;-2
19/12/11;9.4;-1.6
20/12/11;6;-4.8
21/12/11;8.3;-3
22/12/11;12.2;-4.3
23/12/11;9.8;-3.4
24/12/11;8.3;-1.7
25/12/11;11.5;3.3
26/12/11;11.9;3.4
27/12/11;14.3;0.4
28/12/11;11.1;-2.5
29/12/11;10.7;-0.6
30/12/11;9.5;0.6
31/12/11;10.8;-3
01/01/12;12.7;-1.7
02/01/12;13;4.1
03/01/12;13;2.9
04/01/12;8.8;1.6
05/01/12;9.3;0.3
06/01/12;11.8;4
07/01/12;12.2;-2.1
08/01/12;11.2;-2
09/01/12;14;-2.7
10/01/12;12.3;-2.7
11/01/12;11.6;-3
12/01/12;10.6;-3
13/01/12;13.3;4.7
14/01/12;13.2;-1.6
15/01/12;11.2;-4.8
16/01/12;10.8;-4.8
17/01/12;9.6;-5.2
18/01/12;10.7;-4.6
19/01/12;9.1;-0.9
20/01/12;12;3.3
21/01/12;13.6;0.8
22/01/12;15.6;2.3
23/01/12;12.7;7.2
24/01/12;15.3;2.6
25/01/12;11.6;-2.3
26/01/12;10.2;-5.5
27/01/12;10.8;-0.2
28/01/12;12;-1.3
29/01/12;10.6;1.2
30/01/12;4.6;1.3
31/01/12;3.2;-0.3
01/02/12;2.3;-0.8
02/02/12;0.8;-1.8
03/02/12;-1.6;-3.7
04/02/12;-1.4;-4
05/02/12;-0.9;-3.4
06/02/12;-0.1;-4.3
07/02/12;1.6;-2.8
08/02/12;3.2;0.3
09/02/12;8.5;0
10/02/12;2.6;-3.1
11/02/12;0.7;-3.4
12/02/12;0.3;-4.1
13/02/12;4.4;-3.1
14/02/12;8.3;-4.3
15/02/12;3.3;-6.2
16/02/12;14.6;-2.8
17/02/12;13.1;-2.4
18/02/12;12.4;4.8
19/02/12;8.6;5.6
20/02/12;8.8;3.1
21/02/12;11.1;4.4
22/02/12;12.6;4.9
23/02/12;19.8;4.4
24/02/12;18.4;1.7
25/02/12;14.8;6.5
26/02/12;15.4;5.3
27/02/12;16.7;-0.8
28/02/12;16.2;2.2
29/02/12;14;6.2
01/03/12;20.9;3.3
02/03/12;16.2;4.8
03/03/12;17.7;7.8
04/03/12;17.2;7.2
05/03/12;16.9;8.5
06/03/12;11.2;6.2
07/03/12;14.8;2.7
08/03/12;16.3;0
09/03/12;13.7;7.2
10/03/12;14.6;6.7
11/03/12;17;5.7
12/03/12;21.1;1.2
13/03/12;21.9;2.6
14/03/12;21.3;2.1
15/03/12;20.3;2.2
16/03/12;19;6.9
17/03/12;19.8;2.7
18/03/12;18.7;9.8
19/03/12;17.5;4.5
20/03/12;18.5;2.6
21/03/12;24.6;7
22/03/12;24.8;5.7
23/03/12;22.7;5.6
24/03/12;23.8;7.5
25/03/12;22.9;5
26/03/12;24.1;7.6
27/03/12;24.8;4.9
28/03/12;26;5.2
29/03/12;24;5
30/03/12;21.9;6.8
31/03/12;21.7;7.6
01/04/12;22.6;9.9
02/04/12;22.9;10.5
03/04/12;16.9;11.6
04/04/12;22.7;9.8
05/04/12;20.9;11.1
06/04/12;21.1;11.7
07/04/12;16.4;10.5
08/04/12;14.4;3.7
09/04/12;15.6;1.1
10/04/12;18.9;1.7
11/04/12;13.7;7.4
12/04/12;18.7;8.3
13/04/12;18.5;7.9
14/04/12;12.5;9.4
15/04/12;17.5;7.6
16/04/12;14;5.7
17/04/12;19.6;9.3
18/04/12;15.4;7.7
19/04/12;17.4;6.9
20/04/12;14.3;7.9
21/04/12;18.8;7.6
22/04/12;19.3;9.1
23/04/12;18.4;7.1
24/04/12;16.6;9.4
25/04/12;20.5;9.8
26/04/12;23.4;5.5
27/04/12;28.1;8.6
28/04/12;31.7;11.4
29/04/12;22;14
30/04/12;22.3;12.3
01/05/12;19.9;12.4
02/05/12;21.7;9
03/05/12;21.7;9.9
04/05/12;21.5;8.9
05/05/12;23;6.5
06/05/12;18.6;13
07/05/12;22.8;12.6
08/05/12;22.8;12.1
09/05/12;24.2;12.3
10/05/12;29.9;9.2
11/05/12;31.7;11.5
12/05/12;29.1;13.4
13/05/12;18.7;9.8
14/05/12;18.1;7.7
15/05/12;23;5.7
16/05/12;20.5;7.8
17/05/12;23.7;6.3
18/05/12;23.4;5.7
19/05/12;26.6;6.2
20/05/12;18.9;11.3
21/05/12;22.2;9.9
22/05/12;23.4;8.8
23/05/12;25.6;13
24/05/12;29.5;13.2
25/05/12;28.8;15.7
26/05/12;25.9;13.6
27/05/12;27;10.5
28/05/12;24.3;12.6
29/05/12;25.2;14.4
30/05/12;27.3;14.3
31/05/12;28.1;14.4
01/06/12;24.3;16.9
02/06/12;26.9;15.6
03/06/12;29;17.9
04/06/12;22.4;13.3
05/06/12;27.3;10.9
06/06/12;26.8;11.3
07/06/12;28.7;13
08/06/12;30.9;14.3
09/06/12;30;17
10/06/12;25.2;13.7
11/06/12;25.2;16.5
12/06/12;23.4;15.5
13/06/12;23.8;13.4
14/06/12;26.4;12.5
15/06/12;29.7;9.8
16/06/12;33.4;11.6
17/06/12;34.9;13.8
18/06/12;35.6;16.5
19/06/12;36.1;17.4
20/06/12;35.3;18.9
21/06/12;32.4;18
22/06/12;31.4;18.5
23/06/12;32.7;16.2
24/06/12;33.6;15.5
25/06/12;32.4;18.8
26/06/12;32.6;16.5
27/06/12;36;19.3
28/06/12;35.5;19.3
29/06/12;35.9;17.8
30/06/12;37;18.5
01/07/12;38.1;19.4
02/07/12;37;20.5
03/07/12;31;18.4
04/07/12;33.6;16.4
05/07/12;35.3;16.2
06/07/12;34.5;17.9
07/07/12;33.8;17.3
08/07/12;36.2;15.2
09/07/12;35.7;20.1
10/07/12;33.9;17.5
11/07/12;33.4;17.9
12/07/12;34;18.8
13/07/12;30.5;15.6
14/07/12;34.5;21.5
15/07/12;28.8;17.2
16/07/12;31.5;15.4
17/07/12;35.2;14.3
18/07/12;37.2;15.6
19/07/12;35.8;16.2
20/07/12;36.7;16.1
21/07/12;33.4;18.7
22/07/12;28.4;20.6
23/07/12;23.5;18.5
24/07/12;29.6;21.1
25/07/12;34.9;19.1
26/07/12;33.8;16.9
27/07/12;38.4;18
28/07/12;39.6;17.8
29/07/12;34.4;19.5
30/07/12;34.6;18
31/07/12;37.4;16.2
01/08/12;38;18.7
02/08/12;38.1;18.3
03/08/12;36.7;16.9
04/08/12;38.8;17
05/08/12;37.8;17.3
06/08/12;33.8;22
07/08/12;35.8;17.8
08/08/12;37.2;13.7
09/08/12;38;17.1
10/08/12;33.9;23.1
11/08/12;34.9;17.9
12/08/12;34.7;17.3
13/08/12;36.3;18.4
14/08/12;36.4;19.3
15/08/12;36.3;17.9
16/08/12;34.2;16.9
17/08/12;38.2;18.7
18/08/12;38.8;20.3
19/08/12;40.7;19
20/08/12;40.9;19.1
21/08/12;39.6;20.9
22/08/12;39;20.1
23/08/12;39.2;19.6
24/08/12;38;19.1
25/08/12;36.8;18.5
26/08/12;29.9;17.7
27/08/12;32.1;15.3
28/08/12;34.2;13.4
29/08/12;34.4;14.9
30/08/12;34.4;17.3
31/08/12;27.7;15.5
01/09/12;22.6;14.1
02/09/12;23.8;13.2
03/09/12;27.5;14.4
04/09/12;25.7;13.7
05/09/12;27.3;19.7
06/09/12;30.1;16.5
07/09/12;32.4;16.2
08/09/12;32.7;14.7
09/09/12;32.4;11.7
10/09/12;29.7;15.2
11/09/12;29.6;17
12/09/12;30;18
13/09/12;22;15.5
14/09/12;23.8;15.8
15/09/12;26.3;14.6
16/09/12;26.9;14.7
17/09/12;27.8;10.5
18/09/12;28.5;12.5
19/09/12;18.4;16.1
20/09/12;23.4;12.9
21/09/12;25.3;6.7
22/09/12;24.9;9.6
23/09/12;28.8;18.8
24/09/12;28.5;19.5
25/09/12;27.1;15.4
26/09/12;28.7;19.5
27/09/12;24.5;15.2
28/09/12;28.8;13.8
29/09/12;24.4;18.6
30/09/12;25.6;16.5
01/10/12;24.4;14.9
02/10/12;23.6;14.7
03/10/12;21.5;11.6
04/10/12;24.4;13.7
05/10/12;25.6;14.4
06/10/12;25;11.6
07/10/12;23.6;16.5
08/10/12;27.9;14.8
09/10/12;21.8;15.6
10/10/12;23.2;15.3
11/10/12;24.6;13.7
12/10/12;23;15.7
13/10/12;22.3;13.7
14/10/12;22.3;13.1
15/10/12;19.3;10.7
16/10/12;18.7;8.9
17/10/12;23;11.6
18/10/12;23.5;8.5
19/10/12;24.8;8.9
20/10/12;26.4;9
21/10/12;27.4;10.8
22/10/12;26.3;13.4
23/10/12;25;10.4
24/10/12;24.4;7.2
25/10/12;23.1;8.8
26/10/12;18.9;12.3
27/10/12;16.9;13.4
28/10/12;13.9;5.8
29/10/12;11.3;1.4
30/10/12;13;-0.6
31/10/12;12.3;5.8
01/11/12;16.7;11.2
02/11/12;18.4;9
03/11/12;18;9.1
04/11/12;19.6;12.4
05/11/12;20;13
06/11/12;18.2;7.8
07/11/12;17.5;4.4
08/11/12;17;1.7
09/11/12;13;4
10/11/12;18.9;8.2
11/11/12;18.8;14
12/11/12;15.3;10.8
13/11/12;15.9;11
14/11/12;17.5;11.8
15/11/12;14.1;8.1
16/11/12;16.2;3.8
17/11/12;17.3;2
18/11/12;14.1;5.8
19/11/12;13.7;7.5
20/11/12;16.3;8.8
21/11/12;16.9;5.2
22/11/12;14.7;3.7
23/11/12;16.1;5.2
24/11/12;16.4;7.5
25/11/12;16.4;7.6
26/11/12;17.2;7.4
27/11/12;15;11.9
28/11/12;14.3;9.9
29/11/12;12.1;6.9
30/11/12;10.6;5.8
01/12/12;13.4;6.2
02/12/12;11.2;4.9
03/12/12;10.6;-0.1
04/12/12;9.6;1.8
05/12/12;5.8;-0.2
06/12/12;7.4;-2.5
07/12/12;3.3;-2.5
08/12/12;5.2;-1.8
09/12/12;8.7;-3.1
10/12/12;4.1;-2.3
11/12/12;9.6;-3.7
12/12/12;9.2;-3.4
13/12/12;3.1;-3.9
14/12/12;11.2;2.2
15/12/12;13;10.5
16/12/12;15.8;8.4
17/12/12;9.5;3.3
18/12/12;7.1;2.1
19/12/12;10.7;-1.1
20/12/12;4.9;-3.3
21/12/12;5.5;1.2
22/12/12;4.4;0.1
23/12/12;5.7;0.4
24/12/12;13.9;5.8
25/12/12;11.6;9.1
26/12/12;11.2;8.7
27/12/12;11.7;6.5
28/12/12;16.5;3.1
29/12/12;14.2;0
30/12/12;11.7;-2
31/12/12;12.9;-2.3
01/01/13;4.2;-2.5
02/01/13;9.5;2.6
03/01/13;14.5;2.8
04/01/13;9.2;0
05/01/13;9.9;4.6
06/01/13;9.1;4.7
07/01/13;10.3;1.6
08/01/13;8.6;1.8
09/01/13;11.2;5
10/01/13;11.9;7.1
11/01/13;9.4;2.7
12/01/13;9.8;-0.2
13/01/13;7.2;4.4
14/01/13;10.3;1.9
15/01/13;8.9;1.2
16/01/13;6;0.8
17/01/13;6.5;-1.6
18/01/13;8.7;-2
19/01/13;6.8;-2.7
20/01/13;10.6;4.9
21/01/13;11.9;5.8
22/01/13;9.4;2.9
23/01/13;8.6;1.4
24/01/13;9.2;4.7
25/01/13;8;2
26/01/13;7.5;-0.5
27/01/13;9.8;-4
28/01/13;6.2;1.6
29/01/13;12;0.1
30/01/13;10.9;7.4
31/01/13;15.3;6.4
01/02/13;16.7;6
02/02/13;13;3.9
03/02/13;10.5;-0.6
04/02/13;13.1;-2.2
05/02/13;9.9;1.4
06/02/13;12.9;4.1
07/02/13;7.6;3
08/02/13;9.7;1.2
09/02/13;8.1;-0.5
10/02/13;8.3;-5.1
11/02/13;7;-0.9
12/02/13;7.4;0.8
13/02/13;8.1;0.2
14/02/13;11.3;1
15/02/13;13.6;-1.5
16/02/13;12.5;0.8
17/02/13;11.7;1.5
18/02/13;9.1;1.2
19/02/13;12.1;-2.2
20/02/13;7.7;1.8
21/02/13;6.5;1.9
22/02/13;5.3;0.3
23/02/13;3.3;-1.3
24/02/13;7.6;1
25/02/13;8.5;0.2
26/02/13;12.3;-0.5
27/02/13;8.7;-2.3
28/02/13;13.7;-1.8
01/03/13;9.4;-0.5
02/03/13;12.3;5.4
03/03/13;16;-2
04/03/13;19.1;-1.6
05/03/13;13.7;0.6
06/03/13;10.3;7.7
07/03/13;14.1;8
08/03/13;13.8;11
09/03/13;15.5;10
10/03/13;17.3;9.2
11/03/13;14.4;7.3
12/03/13;15.2;6.8
13/03/13;9.3;3.3
14/03/13;10.3;2.8
15/03/13;9.8;0.5
16/03/13;11.3;-2.6
17/03/13;10;1.9
18/03/13;14.4;7.1
19/03/13;14.6;6.2
20/03/13;13.3;3
21/03/13;16.8;2.6
22/03/13;14.4;2.6
23/03/13;16.6;4.2
24/03/13;15.4;8.8
25/03/13;9.8;5.5
26/03/13;6.8;4.3
27/03/13;14.5;4.4
28/03/13;17;6.8
29/03/13;15.1;11.2
30/03/13;15.2;9.6
31/03/13;15.2;6.7
01/04/13;17.8;5.9
02/04/13;14.5;7.1
03/04/13;17.4;7.6
04/04/13;14.9;5.2
05/04/13;12.3;9.1
06/04/13;20.5;8.8
07/04/13;15.3;7.9
08/04/13;13.2;5.4
09/04/13;16.9;7.6
10/04/13;17.8;8.2
11/04/13;19.8;6.4
12/04/13;21;11.2
13/04/13;19.9;8
14/04/13;24.8;4.9
15/04/13;26.4;7.6
16/04/13;26.2;6.9
17/04/13;28.3;9.7
18/04/13;27;10.1
19/04/13;26;9.2
20/04/13;20.8;9.8
21/04/13;19.5;6.2
22/04/13;19.8;7
23/04/13;20.6;5.6
24/04/13;25.8;5.1
25/04/13;25.1;10.1
26/04/13;26;12.4
27/04/13;21.4;14.2
28/04/13;24.6;13.3
29/04/13;29.1;13.2
30/04/13;28.8;16
01/05/13;28.6;14.8
02/05/13;21.3;12.6
03/05/13;26.6;10.8
04/05/13;26.6;10.1
05/05/13;20.5;11.5
06/05/13;23.2;10.6
07/05/13;23.5;12.3
08/05/13;25.4;10.2
09/05/13;28;10.9
10/05/13;23.5;14.2
11/05/13;23.4;13.7
12/05/13;23.8;10.1
13/05/13;24.5;8.3
14/05/13;25.9;8.5
15/05/13;23.7;9.8
16/05/13;21.2;13.3
17/05/13;19.5;11.9
18/05/13;24.4;10.1
19/05/13;20.6;10.7
20/05/13;20.9;9.7
21/05/13;21;8.3
22/05/13;23.8;6.9
23/05/13;22.7;11.2
24/05/13;18.4;11.2
25/05/13;12.3;7.4
26/05/13;21;6.9
27/05/13;21.3;8.7
28/05/13;19.7;11.6
29/05/13;20.2;9.5
30/05/13;17.7;9.6
31/05/13;21.6;10.2
01/06/13;25;10.1
02/06/13;25.6;12.4
03/06/13;22.3;12.3
04/06/13;26.9;11.2
05/06/13;27.3;12.6
06/06/13;28.1;10.9
07/06/13;29.8;11.5
08/06/13;30.5;12
09/06/13;23.1;12.4
10/06/13;23.2;13.7
11/06/13;25.9;13.2
12/06/13;29.9;15.3
13/06/13;30.6;13.3
14/06/13;30.4;14.4
15/06/13;30.2;16.2
16/06/13;32;13.9
17/06/13;34.6;14.7
18/06/13;36.4;17.8
19/06/13;35.8;20.5
20/06/13;34.8;17.4
21/06/13;30;17.9
22/06/13;27.5;14.4
23/06/13;27.7;16.6
24/06/13;25.2;14.1
25/06/13;27.8;12
26/06/13;25.2;13
27/06/13;27.2;13.7
28/06/13;22.8;14.9
29/06/13;26;12.3
30/06/13;29.7;10.8
01/07/13;30.7;11.8
02/07/13;30.9;12.4
03/07/13;29.9;13.4
04/07/13;28.6;17.1
05/07/13;32;14.9
06/07/13;32.1;18.4
07/07/13;31.1;19.1
08/07/13;31.1;20.2
09/07/13;32.2;19.2
10/07/13;33.4;17.3
11/07/13;29.9;18.6
12/07/13;31;17.2
13/07/13;31.2;17.9
14/07/13;31.3;18.2
15/07/13;33;15.7
16/07/13;34.7;17.6
17/07/13;34;18.4
18/07/13;34;17.3
19/07/13;31.1;16.4
20/07/13;32.4;16.5
21/07/13;32.7;14.9
22/07/13;33.2;17.1
23/07/13;34.9;17.3
24/07/13;33.1;18.7
25/07/13;34.2;17.2
26/07/13;36.2;20.4
27/07/13;37.4;18
28/07/13;38.8;18
29/07/13;31.8;19.4
30/07/13;32.8;19.2
31/07/13;33;15.9
01/08/13;34.8;17
02/08/13;38.1;16.8
03/08/13;38.5;18.5
04/08/13;36.7;18
05/08/13;37.7;17.8
06/08/13;38.5;18.4
07/08/13;39.6;18.4
08/08/13;37.9;18.4
09/08/13;34.1;21.4
10/08/13;31.8;18.7
11/08/13;34;18.9
12/08/13;35.9;16.4
13/08/13;35;18
14/08/13;33.8;17.7
15/08/13;30.6;19.5
16/08/13;34.1;20.2
17/08/13;35;15.5
18/08/13;34.2;15.9
19/08/13;33.1;16.2
20/08/13;24.8;17.4
21/08/13;28.7;20
22/08/13;32.5;17.3
23/08/13;32.8;15.6
24/08/13;31.7;17.8
25/08/13;28.4;16
26/08/13;28.8;17.1
27/08/13;29.8;17.1
28/08/13;28.7;17.3
29/08/13;31.7;15.5
30/08/13;30.1;14.4
31/08/13;31.3;12.3
01/09/13;32;12.6
02/09/13;30.8;15.2
03/09/13;33.4;13.9
04/09/13;34.8;14.4
05/09/13;33.9;15.3
06/09/13;33.7;16.2
07/09/13;33.5;16.1
08/09/13;29.6;17.5
09/09/13;28.7;16.8
10/09/13;25.9;15.5
11/09/13;25.9;15.5
12/09/13;26.2;12.8
13/09/13;26.9;13.3
14/09/13;26.9;12.3
15/09/13;24.5;14.8
16/09/13;23.4;14
17/09/13;24.2;14.9
18/09/13;23.4;11.2
19/09/13;27.7;15.9
20/09/13;28.8;12.5
21/09/13;28.8;12.1
22/09/13;27.1;13
23/09/13;28.1;9.6
24/09/13;26.8;10.1
25/09/13;26.2;11.2
26/09/13;25.2;15
27/09/13;23.8;15.8
28/09/13;27.3;17
29/09/13;21.9;15.1
30/09/13;21.5;13
01/10/13;25;11.9
02/10/13;24.4;15.8
03/10/13;23.4;10.8
04/10/13;22.3;14.4
05/10/13;17.1;14.4
06/10/13;21.6;14.7
07/10/13;18.3;14.8
08/10/13;21.8;14.4
09/10/13;23.2;12.9
10/10/13;21.7;14.2
11/10/13;21.3;11.3
12/10/13;19.3;9.2
13/10/13;19.4;7.2
14/10/13;18.1;10.1
15/10/13;21.3;13.9
16/10/13;24;12.8
17/10/13;23.9;11.5
18/10/13;23.1;9.9
19/10/13;23.1;12.3
20/10/13;20.4;12.6
21/10/13;19.9;14.8
22/10/13;25.4;14.6
23/10/13;22.3;15.4
24/10/13;22.4;16.7
25/10/13;25.2;15.1
26/10/13;22.8;13.8
27/10/13;22.2;13.1
28/10/13;25.4;16.4
29/10/13;24.1;17.1
30/10/13;22.9;13.4
31/10/13;20.5;14.7
01/11/13;22;8.9
02/11/13;20.2;12.2
03/11/13;22.7;12.3
04/11/13;18.1;12.3
05/11/13;19.1;10.4
06/11/13;20.4;8.5
07/11/13;22.4;11.3
08/11/13;22.7;13.2
09/11/13;19.8;11.9
10/11/13;15.2;10.1
11/11/13;12.4;8.3
12/11/13;16.2;11.2
13/11/13;18.9;13
14/11/13;16.4;11.9
15/11/13;14.8;11.2
16/11/13;15.4;11.2
17/11/13;14.8;9.8
18/11/13;17.5;9.7
19/11/13;16.8;7.6
20/11/13;12.5;6.3
21/11/13;10.1;4.7
22/11/13;12.8;3.8
23/11/13;9.6;4.1
24/11/13;12.1;3.5
25/11/13;11.6;0.3
26/11/13;8.4;-0.2
27/11/13;4.6;-0.4
28/11/13;9.6;1.3
29/11/13;11.2;-2.6
30/11/13;10.2;-1.5
01/12/13;9.4;6.6
02/12/13;10.7;7.6
03/12/13;13;3.1
04/12/13;12.3;-2.3
05/12/13;10.6;-3.4
06/12/13;10.3;3.7
07/12/13;11.1;1.5
08/12/13;8.8;0.9
09/12/13;8.3;-0.5
10/12/13;10.6;1
11/12/13;8.9;1.4
12/12/13;12.1;1.8
13/12/13;7.5;0.8
14/12/13;9.8;4
15/12/13;14.7;2.2
16/12/13;12.6;-1.7
17/12/13;11.9;-2.5
18/12/13;8.6;-3.4
19/12/13;8;-1.8
20/12/13;13.2;4.1
21/12/13;14.7;6.9
22/12/13;13.2;6.2
23/12/13;12;7.1
24/12/13;12.3;6.9
25/12/13;14.4;10.1
26/12/13;14.1;4.7
27/12/13;10.8;2.9
28/12/13;13.4;1.4
29/12/13;12.6;6
30/12/13;11.6;5.5
31/12/13;11.2;2.5
01/01/14;11;-1.5
02/01/14;8.7;2
03/01/14;11.3;7.4
04/01/14;14.8;10.8
05/01/14;14.8;6.2
06/01/14;14.3;1.8
07/01/14;13.4;2.8
08/01/14;11;3.1
09/01/14;13.4;6.4
10/01/14;12.3;6.9
11/01/14;15.5;7.1
12/01/14;14.3;3.9
13/01/14;7.6;1.5
14/01/14;11.4;7.6
15/01/14;13.7;3.7
16/01/14;10.2;3.3
17/01/14;12.6;10
18/01/14;14;11
19/01/14;15.4;9.6
20/01/14;15.9;9.2
21/01/14;12.9;8.4
22/01/14;12;4
23/01/14;10.8;1.4
24/01/14;10.1;5.2
25/01/14;12;0.7
26/01/14;12.6;-1.3
27/01/14;5.8;0.8
28/01/14;8.1;-0.3
29/01/14;9.4;-3
30/01/14;10.4;4.7
31/01/14;11.3;8.8
01/02/14;16;8.1
02/02/14;11.2;7
03/02/14;15.8;7.8
04/02/14;13;7.9
05/02/14;12.5;7.1
06/02/14;14;5.3
07/02/14;14.8;3
08/02/14;13.4;6.9
09/02/14;14.4;7.8
10/02/14;11.9;7.9
11/02/14;13;6.5
12/02/14;13.7;4.1
13/02/14;15.3;4.6
14/02/14;16.9;6.6
15/02/14;16.7;7.1
16/02/14;18.7;10.7
17/02/14;15.4;9.2
18/02/14;19.5;6.5
19/02/14;18.3;10.2
20/02/14;12.3;8.1
21/02/14;15.7;5.2
22/02/14;14.4;3.7
23/02/14;14.4;1.9
24/02/14;15.6;1.4
25/02/14;15.9;0.4
26/02/14;10.9;4.6
27/02/14;13.3;2.7
28/02/14;11;5.7
01/03/14;10.3;5.6
02/03/14;15.5;3.6
03/03/14;12.9;1.1
04/03/14;12.3;6.5
05/03/14;13.6;6.5
06/03/14;14.9;5.2
07/03/14;18.2;8.2
08/03/14;15.6;8.2
09/03/14;16.8;5.9
10/03/14;13.8;6.2
11/03/14;14.4;6
12/03/14;18.8;3.8
13/03/14;22.3;1.5
14/03/14;22;2.3
15/03/14;18.6;2.3
16/03/14;20.7;4
17/03/14;20.2;7.4
18/03/14;20.9;9.3
19/03/14;19.4;8.5
20/03/14;24.8;5.1
21/03/14;21.4;7.4
22/03/14;17.3;10.3
23/03/14;14.1;6.2
24/03/14;12.6;3.8
25/03/14;15.5;1.1
26/03/14;14.8;6.2
27/03/14;13.9;8.8
28/03/14;19.2;8.3
29/03/14;23;3.8
30/03/14;23;5.5
31/03/14;21.8;4.8
01/04/14;19.3;7.9
02/04/14;19.6;5.9
03/04/14;21;7.1
04/04/14;15.9;11.2
05/04/14;19.2;9.5
06/04/14;21.8;9.8
07/04/14;26.6;7.9
08/04/14;21.9;7.7
09/04/14;21.7;9.4
10/04/14;21.9;5.1
11/04/14;21.9;11.4
12/04/14;21.3;8.5
13/04/14;20.3;10.4
14/04/14;22.4;7.7
15/04/14;17.8;9.9
16/04/14;15.9;6.8
17/04/14;17.9;3.6
18/04/14;19.1;3.9
19/04/14;14.3;9.2
20/04/14;20.5;6.3
21/04/14;20.4;12
22/04/14;22.9;11.5
23/04/14;23.7;11.4
24/04/14;24;11.1
25/04/14;24.5;11.4
26/04/14;23.7;10.8
27/04/14;16.9;12.3
28/04/14;14.5;11
29/04/14;19;10.4
30/04/14;20.3;11.8
01/05/14;20.5;9.9
02/05/14;18.5;11
03/05/14;18.1;10.4
04/05/14;20.4;10.2
05/05/14;23.3;6.7
06/05/14;23.6;8.4
07/05/14;21.9;10.1
08/05/14;25.3;9.9
09/05/14;26;10.9
10/05/14;26.2;10.9
11/05/14;23.5;15.5
12/05/14;22.7;12.9
13/05/14;22.1;11
14/05/14;24;10.6
15/05/14;22;8.1
16/05/14;24.6;10.2
17/05/14;24.3;10.8
18/05/14;23.7;8.7
19/05/14;22.6;10.7
20/05/14;27;14.1
21/05/14;29.2;12.9
22/05/14;28.7;14.7
23/05/14;23.1;13.8
24/05/14;25.4;12.3
25/05/14;28.4;9.6
26/05/14;24.8;14.8
27/05/14;20.3;14.7
28/05/14;23.1;12.8
29/05/14;23.8;10.9
30/05/14;23.8;13.1
31/05/14;22.7;14.3
01/06/14;25.6;10.4
02/06/14;27.9;10.7
03/06/14;27.1;14.5
04/06/14;26.4;14.2
05/06/14;27.5;15.2
06/06/14;30.5;13.4
07/06/14;33;15.8
08/06/14;35.4;17.2
09/06/14;34.5;18.5
10/06/14;35.5;17.9
11/06/14;36.1;20.2
12/06/14;35.1;19.2
13/06/14;34.1;19.5
14/06/14;30.2;19.1
15/06/14;23.2;17.3
16/06/14;22.2;15.4
17/06/14;24.1;15.5
18/06/14;25.3;16.2
19/06/14;28.1;14.8
20/06/14;26.9;16
21/06/14;29.3;14.8
22/06/14;30.5;15.8
23/06/14;31.2;17.8
24/06/14;31.6;17.9
25/06/14;27.6;20
26/06/14;25.8;17.9
27/06/14;29.5;16
28/06/14;29.4;19.3
29/06/14;30.1;15.7
30/06/14;27.7;15.9
01/07/14;28.3;16
02/07/14;29.8;17
03/07/14;30.7;17.9
04/07/14;33.5;21.2
05/07/14;28.2;20.5
06/07/14;30.4;19.5
07/07/14;31.3;18.5
08/07/14;24.1;17.6
09/07/14;24.7;14.4
10/07/14;23.6;14
11/07/14;26.7;14.1
12/07/14;29.4;15.8
13/07/14;27;17.3
14/07/14;25.9;17.5
15/07/14;29;16.1
16/07/14;30.9;17.8
17/07/14;33;18.5
18/07/14;33.5;19.8
19/07/14;34.7;19.2
20/07/14;33.3;20
21/07/14;24;17
22/07/14;28.3;18.1
23/07/14;29.6;20.2
24/07/14;26;18.4
25/07/14;29.6;19.7
26/07/14;29.5;19.5
27/07/14;27.7;19
28/07/14;30.6;17.8
29/07/14;24.7;18.6
30/07/14;23.3;16.1
31/07/14;29.4;17.8
01/08/14;29.8;19.7
02/08/14;30.4;19.9
03/08/14;29;18.8
04/08/14;29.7;19
05/08/14;29.9;18.2
06/08/14;30;16.8
07/08/14;31.4;16.6
08/08/14;32.1;18.1
09/08/14;30.8;18.5
10/08/14;32.5;20
11/08/14;31.7;18.7
12/08/14;31.7;21.6
13/08/14;31.1;21.4
14/08/14;25.8;18.5
15/08/14;26.3;18.2
16/08/14;25.4;15.7
17/08/14;28;13.4
18/08/14;27.4;12.5
19/08/14;28.6;16.4
20/08/14;29.5;17.9
21/08/14;27.4;16.7
22/08/14;27;13.1
23/08/14;23.9;18
24/08/14;27;17.3
25/08/14;27;15.3
26/08/14;29;17.1
27/08/14;28.9;19.9
28/08/14;29.4;17.6
29/08/14;32;19.4
30/08/14;30.8;17.5
31/08/14;30.1;17.7
01/09/14;22.1;15.6
02/09/14;24.6;14.8
03/09/14;21.6;17.6
04/09/14;24.7;16
05/09/14;25.9;18.4
06/09/14;28;18.3
07/09/14;28.9;16.2
08/09/14;29.5;18.2
09/09/14;28.7;18.8
10/09/14;22.4;17.3
11/09/14;24.9;16
12/09/14;22.9;14.8
13/09/14;26.1;11.6
14/09/14;27;13.7
15/09/14;25.8;13.4
16/09/14;27.7;16.3
17/09/14;27.5;14.2
18/09/14;27.5;17.2
19/09/14;26.3;17.9
20/09/14;29.7;19.8
21/09/14;27.3;19.4
22/09/14;26.9;17.9
23/09/14;24.1;14
24/09/14;21.1;9
25/09/14;24.2;13.2
26/09/14;24.8;11.9
27/09/14;28.1;11.6
28/09/14;27.4;12.4
29/09/14;26.7;11.6
30/09/14;26;13
01/10/14;21.8;17
02/10/14;23.5;16.8
03/10/14;24.3;15.9
04/10/14;23.9;16.3
05/10/14;23.8;11.6
06/10/14;24.9;11.7
07/10/14;24.1;10.8
08/10/14;26.3;16.2
09/10/14;26.5;17.4
10/10/14;27.5;19
11/10/14;27.7;16.3
12/10/14;27.3;15
13/10/14;26.4;17.3
14/10/14;23.6;16.1
15/10/14;23.8;17.3
16/10/14;22.7;17.8
17/10/14;25;18.5
18/10/14;25.5;17
19/10/14;26.3;14.7
20/10/14;22;14.8
21/10/14;22.5;17.6
22/10/14;20.5;10.1
23/10/14;20.6;4.9
24/10/14;22.6;10.4
25/10/14;19;7.5
26/10/14;17.3;11.7
27/10/14;16.4;11.5
28/10/14;16;10
29/10/14;19;7.1
30/10/14;19.9;5
31/10/14;20.1;4.4
01/11/14;21.9;5.3
02/11/14;19.4;5.1
03/11/14;18.9;9
04/11/14;22.6;13.7
05/11/14;17.6;15.5
06/11/14;15.6;13.4
07/11/14;18.1;12.5
08/11/14;19.2;12.6
09/11/14;20.1;11
10/11/14;16.9;14
11/11/14;20.4;13.7
12/11/14;16.3;12.9
13/11/14;18.6;13.3
14/11/14;17.7;11.1
15/11/14;16.1;10.8
16/11/14;15.9;10.2
17/11/14;11.9;8.7
18/11/14;15.7;8.9
19/11/14;17;7.4
20/11/14;15.5;5.2
21/11/14;11.7;5
22/11/14;13.8;10.4
23/11/14;19.5;10.5
24/11/14;15.4;8.7
25/11/14;15.5;11.1
26/11/14;16;12.3
27/11/14;18.2;11.6
28/11/14;16.9;11.7
29/11/14;17.8;9.8
30/11/14;18.3;13.1
01/12/14;18.6;13.7
02/12/14;17.7;10.3
03/12/14;14.6;10.3
04/12/14;13.8;9.5
05/12/14;12.9;9.7
06/12/14;15.6;9
07/12/14;11.2;9.3
08/12/14;14.3;5
09/12/14;11.8;3.9
10/12/14;12.1;3.4
11/12/14;12.9;1.3
12/12/14;11;0
13/12/14;13.3;7.2
14/12/14;13.5;8.8
15/12/14;13.9;9.3
16/12/14;12.3;10.3
17/12/14;13;8.5
18/12/14;14.7;5.8
19/12/14;14.4;7.6
20/12/14;16.6;10.3
21/12/14;17.2;4.5
22/12/14;11.1;2.3
23/12/14;13;8.2
24/12/14;13.3;10.8
25/12/14;14.1;10.2
26/12/14;11.8;1
27/12/14;6.9;-1
28/12/14;7.3;2.2
29/12/14;7.5;-1.4
30/12/14;4.9;-1.7
31/12/14;2.3;-0.6
01/01/15;7.8;1.2
02/01/15;12.7;0.3
03/01/15;8.8;4
04/01/15;15.2;8.8
05/01/15;12.7;2.3
06/01/15;12.7;-0.4
07/01/15;10.9;3.9
08/01/15;14.2;5.5
09/01/15;12;8.4
10/01/15;12.8;11.1
11/01/15;12.7;7.8
12/01/15;14.6;2.7
13/01/15;14.9;1.8
14/01/15;13.2;7.2
15/01/15;16.4;8.7
16/01/15;12.8;9.5
17/01/15;13.9;8.1
18/01/15;13.2;2.9
19/01/15;10.7;-0.3
20/01/15;11.8;2.9
21/01/15;12.7;7.1
22/01/15;11.8;8.6
23/01/15;11.6;8.6
24/01/15;13.8;7.8
25/01/15;10.2;5.5
26/01/15;9.7;1.9
27/01/15;9.1;-1.8
28/01/15;10.6;-1.9
29/01/15;8.2;-1.6
30/01/15;10;0.7
31/01/15;8;-0.4
01/02/15;8.6;1.8
02/02/15;10.6;-0.2
03/02/15;7.8;2
04/02/15;10.1;5.9
05/02/15;7.7;4.3
06/02/15;6.2;2.5
07/02/15;7.8;3.8
08/02/15;10;-1.2
09/02/15;9.9;-0.3
10/02/15;13.6;-1.3
11/02/15;17.3;0.8
12/02/15;16.7;1.6
13/02/15;13.6;1.2
14/02/15;13.5;6.3
15/02/15;10.5;7.8
16/02/15;13;8.3
17/02/15;14.3;8
18/02/15;11.8;6.1
19/02/15;14.5;1.4
20/02/15;13.3;-0.9
21/02/15;10.6;6.2
22/02/15;11.3;7.1
23/02/15;16;8.6
24/02/15;12.5;6.5
25/02/15;11.9;7.2
26/02/15;12;8.6
27/02/15;15;4.5
28/02/15;16.7;2.6
01/03/15;14.3;2.4
02/03/15;14.1;8.3
03/03/15;19;9.2
04/03/15;11.9;7.9
05/03/15;10;5.2
06/03/15;11.6;6.6
07/03/15;12.3;4.6
08/03/15;12.3;5.7
09/03/15;13;5.4
10/03/15;17;1.4
11/03/15;13.9;3.3
12/03/15;13.6;4.9
13/03/15;16.2;0.9
14/03/15;14.8;3.1
15/03/15;14;5.7
16/03/15;11.5;8.1
17/03/15;15.2;9.4
18/03/15;17.8;9.4
19/03/15;19.9;4
20/03/15;20.2;5.4
21/03/15;16.3;5.8
22/03/15;15.9;8.4
23/03/15;17.7;11
24/03/15;17.7;9.3
25/03/15;14.7;11.1
26/03/15;16.6;9.7
27/03/15;13.7;8.2
28/03/15;19;8
29/03/15;20;4.5
30/03/15;17.1;9.2
31/03/15;20.2;10.2
01/04/15;22.1;10.4
02/04/15;20.4;5.5
03/04/15;19.6;5.7
04/04/15;14.1;7.5
05/04/15;10.5;7.4
06/04/15;12.4;4.2
07/04/15;13.3;3.6
08/04/15;18.3;0.2
09/04/15;22.5;4.1
10/04/15;21.7;5.9
11/04/15;18.6;6.9
12/04/15;23.7;7.1
13/04/15;24.1;7.9
14/04/15;22.6;10
15/04/15;24.7;9.1
16/04/15;24;8.3
17/04/15;19.4;13.2
18/04/15;19.7;10.6
19/04/15;15.6;10.4
20/04/15;22.9;9
21/04/15;25;5.8
22/04/15;25;7.4
23/04/15;22.6;8.8
24/04/15;22.6;9.2
25/04/15;22.2;9.2
26/04/15;22.1;13.6
27/04/15;17.9;11.3
28/04/15;17.7;10.4
29/04/15;22.7;11.6
30/04/15;19.6;11.1
01/05/15;20.1;10.4
02/05/15;21.7;13.6
03/05/15;22.5;14.5
04/05/15;28.1;14.6
05/05/15;29.8;15.3
06/05/15;25.2;14.9
07/05/15;26.5;13.3
08/05/15;24.6;11.4
09/05/15;27.4;11.2
10/05/15;27.7;13.7
11/05/15;29.6;12.4
12/05/15;29.5;12.9
13/05/15;25.3;13.8
14/05/15;26.2;14.2
15/05/15;22.7;12.8
16/05/15;20.9;10.4
17/05/15;26.7;17.9
18/05/15;30.5;13.9
19/05/15;26.4;15.5
20/05/15;21.6;12
21/05/15;19.4;12.2
22/05/15;15.6;11.1
23/05/15;17;11.5
24/05/15;20.8;12.2
25/05/15;24.9;9.9
26/05/15;23.4;13.3
27/05/15;21.3;13.7
28/05/15;24.9;10.8
29/05/15;26.3;10.9
30/05/15;25.4;12.2
31/05/15;27.4;12
01/06/15;29;12.7
02/06/15;29.4;13.6
03/06/15;31;14.6
04/06/15;32.5;16.4
05/06/15;32.5;18.4
06/06/15;34.4;18
07/06/15;32.8;18.8
08/06/15;31.9;19.3
09/06/15;29.1;17.9
10/06/15;31.5;17.3
11/06/15;32.6;16.7
12/06/15;29.5;18.1
13/06/15;31.6;17.6
14/06/15;26;17.2
15/06/15;25.8;18
16/06/15;27.4;16.7
17/06/15;24.3;17.7
18/06/15;27.8;15.6
19/06/15;27.4;15.8
20/06/15;28.7;18
21/06/15;28.1;14.7
22/06/15;29.3;14.7
23/06/15;30.1;19.1
24/06/15;24.8;14.1
25/06/15;28.4;14.9
26/06/15;31;15.8
27/06/15;30.8;16.5
28/06/15;32.5;17
29/06/15;32.3;19.7
30/06/15;32.5;19.7
01/07/15;35.2;20
02/07/15;35.1;21.1
03/07/15;35.6;21.6
04/07/15;36.6;21.3
05/07/15;37.1;22.5
06/07/15;35.9;22.3
07/07/15;36.6;21.2
08/07/15;34.4;22.8
09/07/15;30.1;22.6
10/07/15;31.2;22.9
11/07/15;34.4;19.3
12/07/15;35;20.3
13/07/15;33.4;20.5
14/07/15;36.4;20.6
15/07/15;37.7;21.3
16/07/15;37.9;22.1
17/07/15;37.2;21.4
18/07/15;37.2;21.9
19/07/15;36.4;20.3
20/07/15;36.6;21.1
21/07/15;38.4;21.5
22/07/15;38.8;20.1
23/07/15;36.9;19.5
24/07/15;36.2;21.9
25/07/15;29.4;21.1
26/07/15;33.7;20
27/07/15;31.2;21.9
28/07/15;31;19.8
29/07/15;31.3;19.6
30/07/15;33.5;22.1
31/07/15;31.1;20.1
01/08/15;32.6;19.9
02/08/15;32;18.6
03/08/15;33.8;19.7
04/08/15;35;20.2
05/08/15;35.3;20.6
06/08/15;35.9;20.5
07/08/15;36.2;21.8
08/08/15;37.2;22.4
09/08/15;37.4;22.3
10/08/15;26;19
11/08/15;31.9;18.8
12/08/15;34.3;19.9
13/08/15;36.7;19.4
14/08/15;33;20.4
15/08/15;30.3;20
16/08/15;27.2;18.7
17/08/15;27.8;16.9
18/08/15;29.3;16.6
19/08/15;27.7;16.4
20/08/15;29.3;14.9
21/08/15;28.4;16.9
22/08/15;29.6;17
23/08/15;30.1;17
24/08/15;26;18.3
25/08/15;28.6;17.7
26/08/15;31.7;15
27/08/15;32.5;17.2
28/08/15;33.1;17.6
29/08/15;35.3;17.8
30/08/15;34.1;19.5
31/08/15;34.5;18.2
01/09/15;32.3;17.2
02/09/15;31;17.9
03/09/15;29.2;17
04/09/15;29.5;19.3
05/09/15;26.8;16.3
06/09/15;27.8;14.5
07/09/15;27.9;13.3
08/09/15;26.3;15.2
09/09/15;25;12.3
10/09/15;25.6;14.6
11/09/15;27.8;13.6
12/09/15;27.9;13.2
13/09/15;22.1;15.4
14/09/15;27.6;20.4
15/09/15;26.8;19.8
16/09/15;30.3;19.7
17/09/15;32.1;23
18/09/15;28.7;16.8
19/09/15;25.2;14
20/09/15;25.7;13.3
21/09/15;26.9;13.6
22/09/15;25.2;12.4
23/09/15;21.1;14.4
24/09/15;18.5;13.2
25/09/15;21.8;15.2
26/09/15;24.1;12.9
27/09/15;23.1;14.2
28/09/15;19.9;16.2
29/09/15;19.3;14.6
30/09/15;19.3;14.3
01/10/15;16.2;13.6
02/10/15;23.3;16.2
03/10/15;23.6;14.5
04/10/15;22.5;15.1
05/10/15;25.8;17.5
06/10/15;24.1;17.5
07/10/15;24.1;16
08/10/15;23.3;14.1
09/10/15;23.1;11.7
10/10/15;18.2;14.7
11/10/15;22.5;12.1
12/10/15;21;10.8
13/10/15;19;15.6
14/10/15;19.9;15.5
15/10/15;16.2;11.9
16/10/15;17;8.8
17/10/15;17.5;9.5
18/10/15;18.2;9.5
19/10/15;19.6;12.5
20/10/15;18.3;11.4
21/10/15;15.9;12
22/10/15;16;10.8
23/10/15;18.9;11.8
24/10/15;23;9.8
25/10/15;20.2;7.8
26/10/15;20.9;8.6
27/10/15;17.9;7.6
28/10/15;18.2;13
29/10/15;18.4;12
30/10/15;19.4;13.1
31/10/15;17.8;13.6
01/11/15;17.2;12.2
02/11/15;18.1;10.4
03/11/15;20.7;6.8
04/11/15;21.1;13.2
05/11/15;21;13.1
06/11/15;20.6;11.7
07/11/15;20.7;10.3
08/11/15;20.4;7.1
09/11/15;17.9;11.6
10/11/15;19.2;10.3
11/11/15;15.8;12.1
12/11/15;18.9;8
13/11/15;14.8;7.3
14/11/15;19.2;11.9
15/11/15;16;12.2
16/11/15;17.8;10.6
17/11/15;15.8;10.9
18/11/15;17.1;13.4
19/11/15;16.7;12.4
20/11/15;17.5;13
21/11/15;16.6;6
22/11/15;11.6;4.3
23/11/15;9.4;3.7
24/11/15;10.1;3.4
25/11/15;9.7;-0.3
26/11/15;9.7;4.4
27/11/15;10.9;3.8
28/11/15;10;0
29/11/15;14;3
30/11/15;13.4;3.4
01/12/15;14.6;10.3
02/12/15;15.7;10
03/12/15;11.9;7.8
04/12/15;11.6;5
05/12/15;14.6;6.7
06/12/15;10.7;3
07/12/15;12.2;2.6
08/12/15;12.4;6.2
09/12/15;14;5.3
10/12/15;15.4;4.5
11/12/15;13.7;0.3
12/12/15;12.9;6.3
13/12/15;11.5;9.7
14/12/15;12.5;4.4
15/12/15;8.7;3
16/12/15;13.3;5.5
17/12/15;14;2.5
18/12/15;9.7;3.7
19/12/15;14.7;6
20/12/15;9.4;3.7
21/12/15;11.5;4
22/12/15;10.5;7.8
23/12/15;13.7;9.7
24/12/15;14;9.7
25/12/15;15.2;6.3
26/12/15;8.4;4.4
27/12/15;7.7;2.9
28/12/15;7.2;1.7
29/12/15;13.8;4.1
30/12/15;12.4;2.3
31/12/15;9.1;1.3
01/01/16;11.4;0.6
02/01/16;9.4;4.5
03/01/16;9.8;4.7
04/01/16;9.9;4.5
05/01/16;11.2;5.5
06/01/16;8.3;5.7
07/01/16;8.7;4.2
08/01/16;10.4;7.5
09/01/16;16;8.5
10/01/16;16.3;11.1
11/01/16;16.2;10.8
12/01/16;13.5;10.5
13/01/16;14.4;5
14/01/16;7.4;3.6
15/01/16;11.7;0.5
16/01/16;9.2;-0.1
17/01/16;8.6;-0.9
18/01/16;7.8;-1.6
19/01/16;8.5;-3.3
20/01/16;6;-3.3
21/01/16;11.3;-0.7
22/01/16;10.8;-1.4
23/01/16;6;-0.5
24/01/16;12;-1.7
25/01/16;10.2;2.8
26/01/16;13.4;6.4
27/01/16;12.8;10.5
28/01/16;12.5;10.4
29/01/16;14.8;10.2
30/01/16;15.5;10.1
31/01/16;12.7;10.8
01/02/16;17.9;8.5
02/02/16;13.8;7.6
03/02/16;13.5;5.9
04/02/16;14;3
05/02/16;14.6;0.6
06/02/16;13.6;2
07/02/16;12.9;9.5
08/02/16;14.4;9.8
09/02/16;15.4;11.1
10/02/16;13.5;6.7
11/02/16;13.5;2.8
12/02/16;12.1;6
13/02/16;13.2;7.9
14/02/16;14.5;9.7
15/02/16;10.9;7
16/02/16;12.7;7.6
17/02/16;8.9;5.2
18/02/16;13.1;4.7
19/02/16;13;6.5
20/02/16;13.7;2.9
21/02/16;12.7;6.2
22/02/16;16.7;5.9
23/02/16;15.4;9.4
24/02/16;16.6;10
25/02/16;14.5;8.1
26/02/16;12;7.2
27/02/16;13.8;7.6
28/02/16;13.8;9
29/02/16;12.5;6.8
01/03/16;15.2;3.8
02/03/16;16.1;4.4
03/03/16;11.5;5.3
04/03/16;13.7;2.6
05/03/16;15.2;7.9
06/03/16;13.6;5.4
07/03/16;11.2;4.3
08/03/16;9.1;4.3
09/03/16;10;4.1
10/03/16;13.4;7.1
11/03/16;13.5;8.9
12/03/16;14.2;10.3
13/03/16;11.7;9.6
14/03/16;13.4;7.6
15/03/16;15.6;6.9
16/03/16;13;8.2
17/03/16;13.2;8.2
18/03/16;19.2;8.7
19/03/16;17.8;4.5
20/03/16;16.7;7.2
21/03/16;16.1;9.9
22/03/16;17.3;12.2
23/03/16;12.8;7.7
24/03/16;16.4;7.2
25/03/16;17.1;2.3
26/03/16;19.8;5
27/03/16;18;5.9
28/03/16;16.9;10.2
29/03/16;19.8;10.2
30/03/16;21;9.5
31/03/16;22.9;9.5
01/04/16;22.4;12.2
02/04/16;23.2;12.5
03/04/16;24.2;9.7
04/04/16;24.7;11.4
05/04/16;25.7;10.9
06/04/16;27.6;10
07/04/16;26.5;9.8
08/04/16;16.9;11.1
09/04/16;16.1;8.2
10/04/16;20.5;8.7
11/04/16;21.9;8
12/04/16;22.9;8.5
13/04/16;22.3;10.4
14/04/16;20.8;10.5
15/04/16;23.1;7.8
16/04/16;23.9;8.7
17/04/16;22.5;13
18/04/16;21.8;10.9
19/04/16;20.7;10.1
20/04/16;23.2;8
21/04/16;24.5;8.4
22/04/16;21.4;11.8
23/04/16;14.4;11.9
24/04/16;16.4;8.9
25/04/16;16.4;6.9
26/04/16;15.6;5.6
27/04/16;17.4;9.7
28/04/16;17.7;8.7
29/04/16;21.3;7.1
30/04/16;22.1;7.7
01/05/16;19.1;9.9
02/05/16;16.8;11.3
03/05/16;22.8;11.2
04/05/16;23.6;10.6
05/05/16;20.2;13
06/05/16;24.2;9.6
07/05/16;24.1;9.8
08/05/16;22.4;13.5
09/05/16;24.2;14
10/05/16;24.9;15.2
11/05/16;19.6;15.5
12/05/16;20;14.2
13/05/16;20;13.8
14/05/16;22.8;13
15/05/16;22.2;13
16/05/16;20.5;10.2
17/05/16;21.8;10.4
18/05/16;23;9.4
19/05/16;21.1;11.6
20/05/16;22.2;11.5
21/05/16;26.9;10
22/05/16;27.9;11.2
23/05/16;18.8;13
24/05/16;21.5;10.2
25/05/16;23.3;11.9
26/05/16;26.6;11
27/05/16;29.9;14.2
28/05/16;30.2;14.8
29/05/16;21.9;16.3
30/05/16;23.5;14.4
31/05/16;22.7;11.9
01/06/16;21.9;13.6
02/06/16;18.7;14.5
03/06/16;22.4;15.1
04/06/16;22.9;16.1
05/06/16;25.5;15.4
06/06/16;26.5;13.7
07/06/16;28.9;14.7
08/06/16;27;16.1
09/06/16;22.4;16.4
10/06/16;25.9;17.3
11/06/16;26.5;17.3
12/06/16;24.9;17.4
13/06/16;25.7;16.4
14/06/16;23.8;16.9
15/06/16;25.6;15.4
16/06/16;30.1;15.6
17/06/16;25;15.1
18/06/16;25.9;12.5
19/06/16;23.6;15.3
20/06/16;24.4;13.6
21/06/16;29.2;14.3
22/06/16;30.4;15.2
23/06/16;32.2;18.9
24/06/16;34.9;19.6
25/06/16;32.2;21.2
26/06/16;32.4;18.8
27/06/16;29.1;17
28/06/16;31.5;17.2
29/06/16;31.5;17.5
30/06/16;31.2;18.9
01/07/16;32.5;17.9
02/07/16;31.6;18.9
03/07/16;31.5;19.5
04/07/16;31.4;16.3
05/07/16;34.6;20.6
06/07/16;33.7;21.2
07/07/16;35.6;20.3
08/07/16;33.5;19.6
09/07/16;33.6;19.9
10/07/16;35.8;20.3
11/07/16;35.8;19.9
12/07/16;34.7;21
13/07/16;30.3;19.8
14/07/16;28.2;17.7
15/07/16;22.4;14.9
16/07/16;28.5;13.8
17/07/16;29.8;15.1
18/07/16;31.9;16
19/07/16;34;16.6
20/07/16;34.5;18.3
21/07/16;33.1;17
22/07/16;34.9;17.1
23/07/16;31.7;21
24/07/16;32.8;21.6
25/07/16;33.5;20.1
26/07/16;33.7;18.5
27/07/16;35.3;19.8
28/07/16;34;20.6
29/07/16;33.5;19
30/07/16;32.4;19
31/07/16;33.7;19.5
01/08/16;31.7;20.4
02/08/16;32.5;20.1
03/08/16;34.4;19.7
04/08/16;34.6;20.3
05/08/16;29;17.7
06/08/16;27.6;17.9
07/08/16;28.6;19
08/08/16;30.9;19.8
09/08/16;33.4;16.2
10/08/16;31;17.4
11/08/16;26;17.6
12/08/16;27.5;14.6
13/08/16;30.7;14.3
14/08/16;34.2;15.8
15/08/16;33.7;17.8
16/08/16;31.6;17.4
17/08/16;29.5;18.9
18/08/16;29.9;20.4
19/08/16;30.9;20.5
20/08/16;33.2;19.1
21/08/16;32.7;21.2
22/08/16;28.3;20
23/08/16;29.4;17.6
24/08/16;31.1;21.5
25/08/16;31.1;21
26/08/16;32.1;19.2
27/08/16;34;18.9
28/08/16;33;17.1
29/08/16;31.4;19.6
30/08/16;30.7;19.5
31/08/16;29.4;18.4
01/09/16;33.2;15.9
02/09/16;34;16.9
03/09/16;33.6;17.8
04/09/16;31.4;19.3
05/09/16;31.8;21.7
06/09/16;29.4;16.6
07/09/16;25.4;18.9
08/09/16;29;20.4
09/09/16;30;19.7
10/09/16;30.4;20.2
11/09/16;30.5;19.2
12/09/16;31.5;18.7
13/09/16;32.5;17.4
14/09/16;31.4;16.2
15/09/16;25.4;18
16/09/16;21.1;16.2
17/09/16;23.8;15.9
18/09/16;22.2;15
19/09/16;25.5;13.4
20/09/16;26.5;14
21/09/16;25.2;14.7
22/09/16;24.4;16.2
23/09/16;25.9;11.9
24/09/16;27.1;13.7
25/09/16;26.5;11.3
26/09/16;26.8;11.5
27/09/16;26.5;11
28/09/16;26.1;12.3
29/09/16;25.8;11.8
30/09/16;24.7;15.1
01/10/16;25.1;13.9
02/10/16;24.4;16.8
03/10/16;24.9;15.3
04/10/16;23.3;9.1
05/10/16;22.5;9.9
06/10/16;18.4;11.8
07/10/16;19.2;10.5
08/10/16;16.9;10.2
09/10/16;18.8;12.1
10/10/16;15.9;9.6
11/10/16;12.9;8.8
12/10/16;18;5.7
13/10/16;14.9;7.9
14/10/16;22.4;12.2
15/10/16;22.7;13.5
16/10/16;22.1;13
17/10/16;20.9;11.6
18/10/16;20.6;14.8
19/10/16;19.8;13.9
20/10/16;16.7;13.5
21/10/16;18;10
22/10/16;19.5;7
23/10/16;17.7;9.6
24/10/16;22.8;15.1
25/10/16;22.6;16.9
26/10/16;23.1;15.8
27/10/16;19;13.6
28/10/16;17.8;11.6
29/10/16;22.5;6.5
30/10/16;23.6;7.6
31/10/16;20.9;7.8
01/11/16;19.9;7.3
02/11/16;19.8;14.1
03/11/16;19.5;11.6
04/11/16;17.6;9.3
05/11/16;18.1;12.6
06/11/16;19.3;12.4
07/11/16;16.6;8.4
08/11/16;14.2;5
09/11/16;13.5;3.7
10/11/16;13.2;6.3
11/11/16;13.7;6.7
12/11/16;13.6;3
13/11/16;11.6;1.7
14/11/16;12.4;4.6
15/11/16;11.3;3.6
16/11/16;14.1;0.3
17/11/16;13.4;5.2
18/11/16;15.6;10.7
19/11/16;16.2;12.9
20/11/16;18.4;11.6
21/11/16;17.9;13.3
22/11/16;18.7;12.2
23/11/16;18.8;11.1
24/11/16;17.4;10.3
25/11/16;17.6;10.3
26/11/16;15.8;7.5
27/11/16;13;6.4
28/11/16;14.4;5
29/11/16;7.2;3.3
30/11/16;10.7;-0.3
01/12/16;9.6;-1.4
02/12/16;12.6;6.2
03/12/16;12.4;6
04/12/16;14.4;8.3
05/12/16;13.4;5.5
06/12/16;15.7;3.3
07/12/16;15.6;3.5
08/12/16;14.3;0.2
09/12/16;9;0.1
10/12/16;13.8;2.3
11/12/16;13.9;7.5
12/12/16;16.3;3.6
13/12/16;13;0.1
14/12/16;8.2;2.1
15/12/16;14.3;3.6
16/12/16;10.6;1.4
17/12/16;9.4;1.7
18/12/16;10.3;-1.8
19/12/16;9.7;-0.9
20/12/16;12.9;9.5
21/12/16;15;5.9
22/12/16;13.6;1.9
23/12/16;12.7;0
24/12/16;10.5;-0.4
25/12/16;11.9;4.7
26/12/16;7.9;2.7
27/12/16;10.6;2.7
28/12/16;13.4;0
29/12/16;10;1.1
30/12/16;9.6;3.1
31/12/16;11.7;-1.4
01/01/17;8.4;-3.4
02/01/17;10.1;3.9
03/01/17;9.7;3.2
04/01/17;9.6;-1.4
05/01/17;8.6;1
06/01/17;3.7;-2.5
07/01/17;4.2;-4.6
08/01/17;5.5;-3.7
09/01/17;7.5;-4.3
10/01/17;5.6;-3.2
11/01/17;6.9;-1.6
12/01/17;6.6;1.9
13/01/17;12.1;-0.8
14/01/17;7.8;-3.4
15/01/17;6.1;-0.9
16/01/17;4.4;1.2
17/01/17;3.8;1.3
18/01/17;5.1;3.2
19/01/17;6.2;3.2
20/01/17;7.5;3.2
21/01/17;8.3;0.5
22/01/17;10.5;5.3
23/01/17;11.2;7
24/01/17;12.4;7.9
25/01/17;11.2;5.5
26/01/17;12.6;0.3
27/01/17;12.9;-0.7
28/01/17;14.4;1.2
29/01/17;13.9;0
30/01/17;9;0.4
31/01/17;11;6
01/02/17;12.7;10.1
02/02/17;12.8;10.5
03/02/17;15.8;10.7
04/02/17;13.3;8.6
05/02/17;13.3;9.8
06/02/17;10.7;7.4
07/02/17;13.4;6.6
08/02/17;11.7;4
09/02/17;8.2;6
10/02/17;9.7;5.5
11/02/17;14.8;2.6
12/02/17;17.2;6.4
13/02/17;17.5;5.3
14/02/17;15.1;5.8
15/02/17;15.9;0.9
16/02/17;14.8;0.9
17/02/17;13.3;9.6
18/02/17;15.2;4.4
19/02/17;14.9;0.5
20/02/17;15;1.9
21/02/17;14.4;2.8
22/02/17;14;5.1
23/02/17;14.7;10.7
24/02/17;12.7;9.3
25/02/17;12.4;7.2
26/02/17;16.8;4.6
27/02/17;15.3;1.1
28/02/17;15.5;8
01/03/17;16.2;8.2
02/03/17;14.3;8.7
03/03/17;17.5;8.6
04/03/17;14.2;8.6
05/03/17;12.1;6.8
06/03/17;13.9;7.6
07/03/17;16;7.7
08/03/17;16.3;6.4
09/03/17;18.6;2.3
10/03/17;20.4;3.8
11/03/17;17;4.6
12/03/17;17.9;3.5
13/03/17;16.7;3.4
14/03/17;21.1;3.8
15/03/17;21;3.9
16/03/17;21.3;4.5
17/03/17;19.1;4.8
18/03/17;18.7;8.4
19/03/17;18.8;12
20/03/17;19.4;11.8
21/03/17;19.1;9.3
22/03/17;17.7;12.9
23/03/17;19.3;11.9
24/03/17;23.9;9.9
25/03/17;24.2;10.5
26/03/17;16.8;8.8
27/03/17;14.9;6.6
28/03/17;19.9;3.3
29/03/17;23.7;3.8
30/03/17;25.7;6.6
31/03/17;25;7.6
01/04/17;22.7;6.7
02/04/17;19.4;11.5
03/04/17;23.2;13.6
04/04/17;23.6;9
05/04/17;19.9;10.6
06/04/17;19.6;8
07/04/17;22.2;6
08/04/17;23.9;7.1
09/04/17;25.4;7.6
10/04/17;24.3;10
11/04/17;22.7;11.4
12/04/17;25.7;9.6
13/04/17;22;12.3
14/04/17;23.7;8.7
15/04/17;18.7;14.1
16/04/17;23.5;10.8
17/04/17;21.8;11.1
18/04/17;18.9;6
19/04/17;14.8;3.6
20/04/17;16;1.5
21/04/17;17.8;2.1
22/04/17;18.3;3.9
23/04/17;19;10
24/04/17;21.4;7
25/04/17;21;11.5
26/04/17;19.4;13.9
27/04/17;20.5;11.2
28/04/17;16.3;7.2
29/04/17;18.2;4.8
30/04/17;20.5;5
01/05/17;19.7;7.3
02/05/17;19.4;8.6
03/05/17;20.3;10.9
04/05/17;19.5;11.3
05/05/17;22.6;11.7
06/05/17;17.4;11.9
07/05/17;19.2;10.6
08/05/17;20.7;9.8
09/05/17;19.3;11.4
10/05/17;24.2;8.8
11/05/17;24.1;12.2
12/05/17;24.3;14.1
13/05/17;23.6;14.4
14/05/17;23.6;12.4
15/05/17;24.8;13.6
16/05/17;25.5;14.6
17/05/17;27;13.9
18/05/17;28;16
19/05/17;25.3;14.4
20/05/17;23.2;14.6
21/05/17;25.8;13.8
22/05/17;28.6;12.9
23/05/17;27.8;12.8
24/05/17;27.3;13.4
25/05/17;27.4;14
26/05/17;27.4;15.2
27/05/17;29.6;15.5
28/05/17;30.7;14.4
29/05/17;31.5;15.2
30/05/17;30.1;16.4
31/05/17;30.2;15.3
01/06/17;29.6;14.8
02/06/17;29.6;14.5
03/06/17;30.3;15.6
04/06/17;28.6;15.9
05/06/17;30;15.2
06/06/17;25.5;18.3
07/06/17;26.6;14.8
08/06/17;28.1;14.2
09/06/17;31.1;15.2
10/06/17;31;16.6
11/06/17;32.6;16.4
12/06/17;33.8;18
13/06/17;33.6;18
14/06/17;33;19.5
15/06/17;32.5;18.8
16/06/17;34;20.3
17/06/17;33;20.8
18/06/17;28.8;20.6
19/06/17;32.7;18.2
20/06/17;33.1;18.2
21/06/17;33.2;18.1
22/06/17;33.9;18.8
23/06/17;32.2;20.6
24/06/17;32;21
25/06/17;31;21.7
26/06/17;35.3;19.8
27/06/17;34.3;21.3
28/06/17;30.1;16.1
29/06/17;28.1;18.5
30/06/17;23.9;17.1
01/07/17;26.9;16.2
02/07/17;29;13.7
03/07/17;32;16.3
04/07/17;33.2;17.1
05/07/17;34;17.1
06/07/17;34.9;16.1
07/07/17;34.9;17
08/07/17;35.5;17.8
09/07/17;37;20.7
10/07/17;32.5;19.6
11/07/17;33.2;20.6
12/07/17;33.5;20.7
13/07/17;35.1;21.7
14/07/17;29.2;21.3
15/07/17;31.2;22
16/07/17;27.9;19.6
17/07/17;30.4;16.9
18/07/17;34.8;15.9
19/07/17;33.8;18
20/07/17;34;18.7
21/07/17;35.2;20.2
22/07/17;34.4;21.1
23/07/17;33.6;20.7
24/07/17;30;22.1
25/07/17;29.8;17.2
26/07/17;29.7;16
27/07/17;31.8;18.5
28/07/17;32.6;18.9
29/07/17;34;18.5
30/07/17;35;21.1
31/07/17;38.4;20.5
01/08/17;40.7;22.2
02/08/17;39.7;22
03/08/17;39.6;22.4
04/08/17;39;21.6
05/08/17;39.6;21
06/08/17;36.2;21.4
07/08/17;36;23.9
08/08/17;37.7;22.4
09/08/17;36.3;22.1
10/08/17;31.6;20.3
11/08/17;26.2;18.3
12/08/17;28.3;15.1
13/08/17;32.4;15.7
14/08/17;34.2;16.4
15/08/17;34.9;17.9
16/08/17;35;17.6
17/08/17;36.1;18.6
18/08/17;37.6;21
19/08/17;33.1;20.7
20/08/17;29.1;20.1
21/08/17;28.7;19
22/08/17;31.2;16.6
23/08/17;32.2;16.1
24/08/17;33.3;16.6
25/08/17;34.2;17.7
26/08/17;35.4;18.6
27/08/17;36.2;18.4
28/08/17;35.6;19.4
29/08/17;34.6;20.6
30/08/17;35.6;20.5
31/08/17;34.2;19.8
01/09/17;29.6;20
02/09/17;26.8;13.5
03/09/17;25.4;12.7
04/09/17;27.9;12.1
05/09/17;29.4;15.2
06/09/17;24.7;16.5
07/09/17;30.3;17
08/09/17;28.6;17.4
09/09/17;24.6;16.7
10/09/17;21;16.1
11/09/17;24.4;16.9
12/09/17;23.2;16.5
13/09/17;25.6;15.2
14/09/17;26.5;16.8
15/09/17;25.5;17
16/09/17;22.1;15.8
17/09/17;21.3;13.4
18/09/17;17.9;14.2
19/09/17;18.1;11.5
20/09/17;23.1;12.3
21/09/17;22.9;9.3
22/09/17;23.6;10.8
23/09/17;24.3;11.7
24/09/17;17.7;12.9
25/09/17;22;12.1
26/09/17;22.1;13.3
27/09/17;23.7;15.4
28/09/17;23.6;15.4
29/09/17;23.3;14.6
30/09/17;24.1;14.9
01/10/17;19.1;14.2
02/10/17;24;14.2
03/10/17;22.1;12.6
04/10/17;26.3;15.1
05/10/17;24.2;12.8
06/10/17;24.4;13
07/10/17;22.2;10.5
08/10/17;20.9;9.2
09/10/17;23.4;8.9
10/10/17;23.3;11.2
11/10/17;24.2;9.6
12/10/17;21.6;11.3
13/10/17;23.5;13
14/10/17;22.1;11.3
15/10/17;23.7;9.3
16/10/17;25;6.9
17/10/17;23.7;7.3
18/10/17;22.9;7.8
19/10/17;23.7;7.8
20/10/17;23.6;7.7
21/10/17;22.7;12.1
22/10/17;21.2;11.2
23/10/17;19.5;7.3
24/10/17;22.2;4.1
25/10/17;22.7;5.5
26/10/17;22.5;6.4
27/10/17;17.2;9.8
28/10/17;20.1;7.9
29/10/17;18.8;8
30/10/17;19.9;9.8
31/10/17;19.4;7.5
01/11/17;19.5;4.4
02/11/17;12.6;4.7
03/11/17;16.6;10.9
04/11/17;18.6;11.3
05/11/17;17.4;10.8
06/11/17;15.7;8.9
07/11/17;12.3;7.2
08/11/17;16.7;5.4
09/11/17;15.3;8.8
10/11/17;16.1;7.3
11/11/17;16;4.7
12/11/17;14.6;6.8
13/11/17;12.5;4.4
14/11/17;10.9;6.4
15/11/17;11.3;8.9
16/11/17;14;9.1
17/11/17;15.3;8.8
18/11/17;14.7;5.2
19/11/17;14.5;2.9
20/11/17;14.2;1.6
21/11/17;13.2;5.8
22/11/17;13.3;5.7
23/11/17;15.8;8.8
24/11/17;16.2;9.4
25/11/17;18.3;9.6
26/11/17;13;5
27/11/17;10.5;0.4
28/11/17;4.6;-1.5
29/11/17;10.1;4.7
30/11/17;9.4;1.2
01/12/17;7.4;0.1
02/12/17;8.3;3.2
03/12/17;8;3.8
04/12/17;10.5;0.8
05/12/17;11;-1.7
06/12/17;11.6;3
07/12/17;8.8;3
08/12/17;11.2;8.3
09/12/17;10.3;-1.8
10/12/17;12.6;-2.8
11/12/17;16.1;12.3
12/12/17;16.1;8.9
13/12/17;12.5;7.5
14/12/17;13.3;7.7
15/12/17;12.7;8.2
16/12/17;7.2;3.6
17/12/17;10.5;0.2
18/12/17;9.2;-2.3
19/12/17;9;-1.8
20/12/17;8.1;-0.6
21/12/17;10.6;1.6
22/12/17;11.1;-1.2
23/12/17;11.8;-0.5
24/12/17;6.3;-0.9
25/12/17;11;6
26/12/17;12.1;8.7
27/12/17;11.8;7.6
28/12/17;8.1;3.6
29/12/17;10.9;1.6
30/12/17;10.2;1.7
31/12/17;9.9;6.6
01/01/18;11.8;7.9
02/01/18;15.1;3.3
03/01/18;10.3;2.1
04/01/18;8.6;3.9
05/01/18;12.3;8.3
06/01/18;13.8;10.1
07/01/18;11.5;6.9
08/01/18;15.6;7.9
09/01/18;16.2;8.9
10/01/18;12.1;6
11/01/18;9.9;6.9
12/01/18;11.1;7.2
13/01/18;10.4;6.2
14/01/18;10.8;5.3
15/01/18;11.8;1.3
16/01/18;13.5;7
17/01/18;15.5;3.7
18/01/18;9.4;-0.6
19/01/18;12.6;8.2
20/01/18;11.4;6.3
21/01/18;14.5;8.1
22/01/18;9.4;2.6
23/01/18;15.7;3.9
24/01/18;13.8;2
25/01/18;12.6;6.4
26/01/18;12.2;5.6
27/01/18;15.7;6.7
28/01/18;15.3;3.5
29/01/18;12.6;6.2
30/01/18;12.4;8
31/01/18;9.9;8.7
01/02/18;12.6;8.1
02/02/18;9.1;5.7
03/02/18;5.8;2.5
04/02/18;8.3;-1
05/02/18;12.7;1.1
06/02/18;9.4;4.9
07/02/18;7.5;4.5
08/02/18;12.1;2.8
09/02/18;11.9;1
10/02/18;9.7;-0.5
11/02/18;11.4;2.4
12/02/18;6.7;4
13/02/18;7.4;-0.1
14/02/18;8.5;-0.4
15/02/18;11;-2.3
16/02/18;8;0.6
17/02/18;9;5.5
18/02/18;8.9;5.1
19/02/18;6.8;3.9
20/02/18;6.8;2.4
21/02/18;6.9;4.1
22/02/18;7.7;3.6
23/02/18;7.1;3.8
24/02/18;11.9;6.3
25/02/18;7.7;-0.9
26/02/18;-0.8;-4.2
27/02/18;0.4;-5
28/02/18;4.4;-5.4
03/03/18;9;4.6
04/03/18;12.8;2.5
05/03/18;8.6;6.2
06/03/18;13.5;5.6
07/03/18;14.3;7.4
08/03/18;15.2;6.3
09/03/18;16.6;6.2
10/03/18;11.7;6.7
11/03/18;14.3;9.9
12/03/18;13.7;8.7
13/03/18;14.7;9.1
14/03/18;17;7.4
15/03/18;12.5;4.6
16/03/18;16.4;9.4
17/03/18;13.9;7.2
18/03/18;10.7;7
19/03/18;7.1;4.4
20/03/18;10.5;3.3
21/03/18;7.3;3.9
22/03/18;8.5;3.4
23/03/18;11.8;2.9
24/03/18;14.2;1.1
25/03/18;13.1;2
26/03/18;16.6;5.7
27/03/18;17.9;5.4
28/03/18;16.7;6.6
29/03/18;18.7;12
30/03/18;19.5;12.4
31/03/18;14.6;5.9
01/04/18;17;6.2
02/04/18;19;8.2
03/04/18;19.5;7.9
04/04/18;13.9;9.6
05/04/18;17.6;10.9
06/04/18;21.6;8.7
07/04/18;23.7;7.2
08/04/18;23.7;8.6
09/04/18;16.7;10.6
10/04/18;17.1;9.8
11/04/18;15.8;9.7
12/04/18;18.4;11.3
13/04/18;19.5;8.7
14/04/18;22.2;7.3
15/04/18;20.4;15.3
16/04/18;23.9;10.9
17/04/18;24.1;11
18/04/18;22.7;14.9
19/04/18;24.6;15.6
20/04/18;26.9;16.1
21/04/18;28.4;12.5
22/04/18;26.4;10.7
23/04/18;25.3;10.6
24/04/18;26.4;10.5
25/04/18;26.5;11.1
26/04/18;26.8;11.4
27/04/18;28.6;12.3
28/04/18;28.8;14
29/04/18;27.7;14.7
30/04/18;21.3;11.7
01/05/18;16.8;10.6
02/05/18;21.2;12.5
03/05/18;20;15.9
04/05/18;21.1;16.8
05/05/18;24.5;14.6
06/05/18;24.2;15.4
07/05/18;26.8;15
08/05/18;25.9;14.7
09/05/18;23.1;14.7
10/05/18;23.5;13.8
11/05/18;25.1;14.8
12/05/18;23.3;15.5
13/05/18;24.5;13.6
14/05/18;17.8;9.4
15/05/18;18.8;8.3
16/05/18;18.3;10.6
17/05/18;21.1;12
18/05/18;25;10.1
19/05/18;26.2;10.4
20/05/18;25.1;12.5
21/05/18;25.4;15.2
22/05/18;20.2;15
23/05/18;23.5;14
24/05/18;25.3;15.5
25/05/18;28.6;16
26/05/18;31.2;15.7
27/05/18;30.4;17.4
28/05/18;28.7;18.5
29/05/18;29.7;18.1
30/05/18;27.5;19.2
31/05/18;27.5;16.1
01/06/18;26.3;16.3
02/06/18;27.6;14.7
03/06/18;30.5;14.7
04/06/18;28.1;17.7
05/06/18;26.2;15.9
06/06/18;26.9;17.8
07/06/18;29.1;17
08/06/18;25.9;16.2
09/06/18;26.2;18.2
10/06/18;28.8;15.9
11/06/18;30.9;16.2
12/06/18;27.6;18.2
13/06/18;24.2;17.8
14/06/18;25.4;16.7
15/06/18;25.6;17.1
16/06/18;27.9;17.7
17/06/18;30.6;15.7
18/06/18;29.4;16.9
19/06/18;29.7;18.4
20/06/18;30.7;19.3
21/06/18;31.8;19
22/06/18;25.1;19.4
23/06/18;25.7;17.8
24/06/18;28.2;13.7
25/06/18;24.3;15.6
26/06/18;25.5;16.3
27/06/18;28.4;13.6
28/06/18;27.7;15.6
29/06/18;30.3;16.7
30/06/18;32.6;18.7
01/07/18;32.9;16.9
02/07/18;32.8;17.5
03/07/18;32.2;19.4
04/07/18;30.9;21.4
05/07/18;32;19.3
06/07/18;30.5;21.2
07/07/18;30.2;19
08/07/18;32;17.8
09/07/18;32.5;19.6
10/07/18;31.7;18.5
11/07/18;31.5;20.2
12/07/18;30.1;19.2
13/07/18;32.9;18.5
14/07/18;34.4;18.1
15/07/18;34;20.4
16/07/18;30.1;19.2
17/07/18;31.8;17.8
18/07/18;33;18.8
19/07/18;32.7;17.7
20/07/18;32.2;19.7
21/07/18;30.9;19.4
22/07/18;28.8;21.8
23/07/18;30.3;18.3
24/07/18;32.9;17.7
25/07/18;32.9;19.1
26/07/18;32.7;19.7
27/07/18;33.7;19.3
28/07/18;31.6;20.8
29/07/18;33.6;21.8
30/07/18;35.8;21.6
31/07/18;37.3;20.9
01/08/18;36.8;22.8
02/08/18;35.1;22.6
03/08/18;32.8;25.4
04/08/18;34;23.2
05/08/18;36;22.2
06/08/18;37.1;20.4
07/08/18;35.4;18.6
08/08/18;34.3;19.2
09/08/18;34.6;19.6
10/08/18;32.7;22.7
11/08/18;32.7;21.2
12/08/18;33.5;18.8
13/08/18;30.4;19
14/08/18;27.8;19.2
15/08/18;28.1;20.6
16/08/18;30.8;19.9
17/08/18;32.8;16.5
18/08/18;33;18.6
19/08/18;32.6;19.4
20/08/18;33.6;19.6
21/08/18;34.2;19.3
22/08/18;33.1;19
23/08/18;33;18.1
24/08/18;32.5;17.2
25/08/18;29.6;19.6
26/08/18;22.5;14.7
27/08/18;26.7;13.7
28/08/18;30.8;14.7
29/08/18;32.8;15.7
30/08/18;30.6;17.6
31/08/18;27.8;18.4
01/09/18;26.2;17.5
02/09/18;26.4;16.7
03/09/18;25.4;14.2
04/09/18;27.5;15.4
05/09/18;29.8;16.4
06/09/18;30.6;16.2
07/09/18;27.8;19.2
08/09/18;29.8;17.9
09/09/18;31.7;16.1
10/09/18;31.1;16.9
11/09/18;33.4;16.3
12/09/18;33.5;17.2
13/09/18;25.1;18.2
14/09/18;30.8;17.4
15/09/18;30.7;18.8
16/09/18;31.3;17.9
17/09/18;30;17.9
18/09/18;29.1;17.8
19/09/18;30.2;17.8
20/09/18;30.3;19.9
21/09/18;32.1;17.2
22/09/18;30.6;18.3
23/09/18;29.2;19.1
24/09/18;29;18
25/09/18;21.2;15.6
26/09/18;19.7;13.2
27/09/18;29;6.7
28/09/18;30.3;9.4
29/09/18;27.5;11.3
30/09/18;26.8;13.1
01/10/18;20.4;13.4
02/10/18;18.3;12
03/10/18;24;7.6
04/10/18;25.4;16.4
05/10/18;23;17
06/10/18;19.5;15.3
07/10/18;23.7;15.3
08/10/18;24.8;12.4
09/10/18;24.8;12.8
10/10/18;26.6;13.3
11/10/18;23;16.2
12/10/18;25.7;13.9
13/10/18;25.8;10.6
14/10/18;26.2;10
15/10/18;24.1;10.9
16/10/18;23.1;15.5
17/10/18;21.2;17.8
18/10/18;24.6;17.6
19/10/18;26;14.3
20/10/18;26.3;11.5
21/10/18;23.8;9.9
22/10/18;17.2;11.5
23/10/18;20.7;9.7
24/10/18;21.6;7.1
25/10/18;21.8;11.5
26/10/18;22.4;15.8
27/10/18;24.4;17.2
28/10/18;20.5;16
29/10/18;22.1;14.1
30/10/18;15.9;10.7
31/10/18;19.1;10.5
01/11/18;18.8;12.8
02/11/18;18.1;12.7
03/11/18;21.2;13.1
04/11/18;20.6;13.7
05/11/18;20.2;11.5
06/11/18;19.1;14.1
07/11/18;18;11.8
08/11/18;19.6;10.3
09/11/18;19.1;8.8
10/11/18;19.7;9
11/11/18;14.6;9.6
12/11/18;17.8;10
13/11/18;16.4;9.6
14/11/18;17.3;10.5
15/11/18;17.6;7.9
16/11/18;13.9;9.3
17/11/18;10.8;8.2
18/11/18;9.7;4.9
19/11/18;10.1;5.4
20/11/18;8.5;5.1
21/11/18;13.1;3.9
22/11/18;15.6;8.9
23/11/18;14.8;9
24/11/18;15.9;12.2
25/11/18;12.3;9.1
26/11/18;12.8;7.3
27/11/18;12.7;6.8
28/11/18;12.3;5.9
29/11/18;13.5;3.6
30/11/18;9.9;1.2
01/12/18;12.3;6.5
02/12/18;9.9;2.2
03/12/18;13;7.7
04/12/18;17.1;7.2
05/12/18;13.6;5.2
06/12/18;11;7.2
07/12/18;12.1;4.4
08/12/18;16.9;3.6
09/12/18;14.7;3
10/12/18;12.4;2.5
11/12/18;12.7;-0.6
12/12/18;4.9;-2.5
13/12/18;6.7;3.6
14/12/18;5.7;3.9
15/12/18;6.5;-1.3
16/12/18;3.6;-2.4
17/12/18;6.1;2.5
18/12/18;12.7;-0.2
19/12/18;6.4;-0.8
20/12/18;10.2;4.3
21/12/18;11.9;4.9
22/12/18;12.6;10.7
23/12/18;16;10.5
24/12/18;13.5;9.8
25/12/18;13.1;2.8
26/12/18;11.4;-0.2
27/12/18;9.6;1.5
28/12/18;9.7;4.8
29/12/18;8.9;3.6
30/12/18;12.9;3.2
31/12/18;11.4;0.9
01/01/19;12.7;0
02/01/19;11.6;2.4
03/01/19;8.4;-2
04/01/19;6;-5.2
05/01/19;6;-3.3
06/01/19;10.1;-1.8
07/01/19;9.9;-2
08/01/19;5.1;-1.9
09/01/19;7.5;0.1
10/01/19;9.5;-0.4
11/01/19;8.3;-2.6
12/01/19;8.5;-4.2
13/01/19;9.3;-0.3
14/01/19;16.6;5.5
15/01/19;13.9;2.9
16/01/19;13.4;3
17/01/19;10.8;7.7
18/01/19;13;6.3
19/01/19;9.3;5.3
20/01/19;9.5;4.6
21/01/19;6.5;4.9
22/01/19;5.1;0.7
23/01/19;5.8;0.4
24/01/19;6.2;4
25/01/19;7.4;3.3
26/01/19;10.9;0.7
27/01/19;8.5;-0.7
28/01/19;11.8;5.3
29/01/19;9.7;1.8
30/01/19;5.4;-0.2
31/01/19;3.3;-1
01/02/19;15;3.3
02/02/19;12.5;7.2
03/02/19;11.8;6.2
04/02/19;11.5;7.2
05/02/19;11.9;6.4
06/02/19;13.5;7.6
07/02/19;13.9;0.3
08/02/19;15.2;3.9
09/02/19;10.7;1
10/02/19;15.3;6.8
11/02/19;13.7;7
12/02/19;15.4;1.2
13/02/19;14.5;0.2
14/02/19;17;0.1
15/02/19;19.7;0.6
16/02/19;19;3.1
17/02/19;15.6;0.9
18/02/19;13.8;5.3
19/02/19;11.9;5.7
20/02/19;15;2.8
21/02/19;15.4;2
22/02/19;16.1;7.3
23/02/19;10.3;4.7
24/02/19;10.9;4.8
25/02/19;17.1;5.8
26/02/19;21;8.2
27/02/19;21.5;3.5
28/02/19;16;6.3
01/03/19;12.9;7.2
02/03/19;16.7;4.6
03/03/19;19;3
04/03/19;17.8;4.7
05/03/19;16.7;8.8
06/03/19;17.9;4.9
07/03/19;17.4;11.8
08/03/19;17.6;8.9
09/03/19;16.9;4.9
10/03/19;13.1;9.2
11/03/19;18.6;4
12/03/19;15.8;2
13/03/19;9.9;3.5
14/03/19;16.3;1.8
15/03/19;18.5;9.2
16/03/19;21.5;7
17/03/19;18.6;11.7
18/03/19;12.7;8.3
19/03/19;9.7;7.2
20/03/19;12.8;7.1
21/03/19;15.3;8.5
22/03/19;19.6;11.7
23/03/19;23.6;11.6
24/03/19;24.6;6.5
25/03/19;20.2;5.8
26/03/19;12.8;6.2
27/03/19;14.1;8.3
28/03/19;14.7;8.6
29/03/19;17.1;8.4
30/03/19;21.3;3.1
31/03/19;22.3;4.3
01/04/19;24.3;5.2
02/04/19;21;7.9
03/04/19;16;9.8
04/04/19;18.3;6
05/04/19;14.5;5.4
06/04/19;17.5;3.2
07/04/19;14.4;7.7
08/04/19;17;5.9
09/04/19;19.2;9.1
10/04/19;18.8;6.3
11/04/19;16.1;9.6
12/04/19;17.1;8.1
13/04/19;15;8.2
14/04/19;14.7;6.2
15/04/19;17;9.8
16/04/19;20.9;4.9
17/04/19;22.3;6.9
18/04/19;22;6.8
19/04/19;21.4;12.8
20/04/19;23.6;7.1
21/04/19;23.1;10.4
22/04/19;20.2;13.3
23/04/19;18.4;12.7
24/04/19;23.3;12.4
25/04/19;25.1;9.9
26/04/19;20;12.9
27/04/19;19.9;9.2
28/04/19;17.5;7
29/04/19;14.5;5.7
30/04/19;19.3;6.5
01/05/19;21.8;10.3
02/05/19;20.9;6.8
03/05/19;17.1;12.5
04/05/19;20.5;11.9
05/05/19;14.2;7.2
06/05/19;15.4;6.9
07/05/19;19.1;4.2
08/05/19;18.6;8.8
09/05/19;20;10.4
10/05/19;20.8;11.9
11/05/19;20.8;9.1
12/05/19;17.4;10
13/05/19;15.4;12.2
14/05/19;17.3;8.8
15/05/19;13.8;7.2
16/05/19;21.5;9.5
17/05/19;21.6;7.7
18/05/19;18.4;13.5
19/05/19;16.5;12.9
20/05/19;19.3;11.7
21/05/19;20.8;12
22/05/19;22.1;12
23/05/19;23.2;12.3
24/05/19;23.6;12.9
25/05/19;25.2;11.2
26/05/19;18.9;14.9
27/05/19;22.4;15.4
28/05/19;18.3;14.6
29/05/19;20;13.5
30/05/19;21.4;13.8
31/05/19;23.9;13.4
01/06/19;26.6;10.5
02/06/19;29.3;13.1
03/06/19;27.2;15.4
04/06/19;27.7;15.1
05/06/19;29.4;12.6
06/06/19;26.3;14.2
07/06/19;30;12.9
08/06/19;30.3;15.9
09/06/19;35;17.9
10/06/19;34.5;20.6
11/06/19;31;18.1
12/06/19;28.7;16.4
13/06/19;30.4;13.9
14/06/19;35.4;16.5
15/06/19;28.7;19.8
16/06/19;28.6;18.2
17/06/19;31.2;16.1
18/06/19;33.4;18.1
19/06/19;31.8;18.1
20/06/19;31.6;15.3
21/06/19;32.5;17.5
22/06/19;29.8;19.9
23/06/19;31.3;16.9
24/06/19;32.3;18.2
25/06/19;33.5;21
26/06/19;34.5;21.2
27/06/19;38.6;20.3
28/06/19;36.4;22.1
29/06/19;34;25.7
30/06/19;36.1;21.2
01/07/19;36.3;20
02/07/19;36.2;19.5
03/07/19;36.8;21.7
04/07/19;34.6;21.5
05/07/19;34.9;20.7
06/07/19;34.3;21.6
07/07/19;30.3;21.1
08/07/19;32.7;23.4
09/07/19;33.5;23.2
10/07/19;27.7;21.3
11/07/19;29.6;17.1
12/07/19;32;19.7
13/07/19;30.7;20.8
14/07/19;31.7;17.4
15/07/19;23.7;16.4
16/07/19;28.3;18.9
17/07/19;32.1;14.5
18/07/19;31.5;16.6
19/07/19;33;17
20/07/19;33.5;17.5
21/07/19;33.6;18.2
22/07/19;35.8;19.7
23/07/19;37.9;21.4
24/07/19;38.5;22.4
25/07/19;39.5;23.1
26/07/19;36.7;23.5
27/07/19;32.2;18.8
28/07/19;24.3;17.7
29/07/19;29.7;20
30/07/19;30.9;18.5
31/07/19;30.6;19.9
01/08/19;33.2;18.1
02/08/19;32.7;19.8
03/08/19;33.3;19.4
04/08/19;33.8;18.3
05/08/19;32.8;18.3
06/08/19;33.8;19.5
07/08/19;33.1;19.5
08/08/19;33.8;22.8
09/08/19;35.9;21.8
10/08/19;35.4;20.7
11/08/19;37.6;19.9
12/08/19;36.1;22.4
13/08/19;33.8;21.3
14/08/19;30.3;18.7
15/08/19;31.3;17.4
16/08/19;31.3;19.2
17/08/19;32.3;18.2
18/08/19;33.2;19
19/08/19;34.4;18.6
20/08/19;36.5;18.2
21/08/19;36;20.7
22/08/19;32;23.4
23/08/19;29.7;20.6
24/08/19;31.5;20.3
25/08/19;32.4;19.6
26/08/19;33.3;18.9
27/08/19;34.4;18.8
28/08/19;32.1;20.5
29/08/19;33.4;18.5
30/08/19;33.9;19.7
31/08/19;34;19.1
01/09/19;33.4;18.9
02/09/19;31.4;18.8
03/09/19;27.9;17.8
04/09/19;28.3;18
05/09/19;31.2;12.7
06/09/19;24.5;17.7
07/09/19;27.1;16.1
08/09/19;24.9;15.1
09/09/19;26.2;15
10/09/19;26.9;12.4
11/09/19;28.3;18.2
12/09/19;29.4;14.6
13/09/19;31.2;15.7
14/09/19;30.6;16.9
15/09/19;30.6;16
16/09/19;31.2;15.9
17/09/19;29.1;15.6
18/09/19;28.9;17.8
19/09/19;24.2;18.6
20/09/19;23.4;15.8
21/09/19;26.4;12.1
22/09/19;20.7;15.5
23/09/19;21.7;17.3
24/09/19;25.1;13.3
25/09/19;24.6;16.7
26/09/19;26.1;16
27/09/19;23.3;14.8
28/09/19;26.6;16.5
29/09/19;25.6;14.9
30/09/19;26.4;17.4
01/10/19;26.6;15.1
02/10/19;23.5;14.3
03/10/19;17.5;11.5
04/10/19;20.5;7.6
05/10/19;23;13.4
06/10/19;24.2;10.8
07/10/19;20;14.2
08/10/19;23.5;9.5
09/10/19;22.1;9.7
10/10/19;23.1;11.6
11/10/19;24.7;9.6
12/10/19;24.2;10.6
13/10/19;23;12.5
14/10/19;24;13.9
15/10/19;23.4;15.5
16/10/19;21;12.9
17/10/19;21.3;10.5
18/10/19;22.2;10.3
19/10/19;23;14
20/10/19;21.4;12.3
21/10/19;26.2;16.3
22/10/19;28.1;13.4
23/10/19;26.4;13.4
24/10/19;18.5;13.5
25/10/19;21.9;13.5
26/10/19;26;11.5
27/10/19;24.1;10.5
28/10/19;19.7;10.5
29/10/19;18.1;14.4
30/10/19;19.4;14.4
31/10/19;17.4;13.3
01/11/19;16.8;13
02/11/19;16.2;13
03/11/19;21.1;14.2
04/11/19;18.2;13.1
05/11/19;19.9;13.2
06/11/19;14.3;8.8
07/11/19;15.5;7.4
08/11/19;13.9;8.5
09/11/19;12.7;6.2
10/11/19;12.6;5.2
11/11/19;14.8;10.1
12/11/19;14;9.2
13/11/19;13.9;7
14/11/19;16.5;5
15/11/19;14.4;9.1
16/11/19;11.5;8
17/11/19;15.1;7.7
18/11/19;14;6.9
19/11/19;14.5;9.7
20/11/19;16.2;7.9
21/11/19;14.1;9.8
22/11/19;13.6;7.5
23/11/19;16.8;13
24/11/19;17.8;13.4
25/11/19;18.4;9.7
26/11/19;16.2;6.4
27/11/19;14.2;11.6
28/11/19;16;12.1
29/11/19;14.9;10.9
30/11/19;15.9;7.4
01/12/19;14.9;7
02/12/19;15;11
03/12/19;12.5;7.7
04/12/19;10.6;6.7
05/12/19;9.7;4.9
06/12/19;11.3;6
07/12/19;14.5;9
08/12/19;15.6;11
09/12/19;14.3;7.4
10/12/19;14;6.4
11/12/19;10.1;1.4
12/12/19;4.8;0.1
13/12/19;9.2;-0.4
14/12/19;7.1;-0.8
15/12/19;16.7;6.9
16/12/19;15.2;10.8
17/12/19;16.6;13.1
18/12/19;15.3;9.7
19/12/19;16.2;10
20/12/19;14.1;8.6
21/12/19;15.3;10
22/12/19;14.5;9.6
23/12/19;15.3;4.2
24/12/19;13.6;2
25/12/19;14;5.4
26/12/19;10.8;1.8
27/12/19;11.7;1.6
28/12/19;12;1.8
29/12/19;10;1.7
30/12/19;9.2;4.3
31/12/19;10.5;-1.6
01/01/20;10.8;-1
02/01/20;11.5;-0.9
03/01/20;11.1;2.4
04/01/20;10.3;4.6
05/01/20;12.2;2.1
06/01/20;11.5;-0.5
07/01/20;8.8;-1.6
08/01/20;15.5;1.7
09/01/20;13.3;-0.9
10/01/20;13.4;2.6
11/01/20;14.1;4.9
12/01/20;14.4;2.2
13/01/20;12.1;-1.2
14/01/20;7.7;0.6
15/01/20;12.4;5.8
16/01/20;13.9;4.2
17/01/20;11.1;2.1
18/01/20;8.8;6.4
19/01/20;11;6.8
20/01/20;9.3;6.9
21/01/20;9.8;5.2
22/01/20;13.6;2.2
23/01/20;15.5;1.6
24/01/20;11.2;1.5
25/01/20;12.5;8.2
26/01/20;14.4;6.6
27/01/20;10.5;6
28/01/20;14.6;9
29/01/20;14.6;9.1
30/01/20;14.2;6.8
31/01/20;11.5;9.1
01/02/20;12.9;11.3
02/02/20;15.6;12.1
03/02/20;15.5;9.5
04/02/20;16.9;8.8
05/02/20;13.5;4.3
06/02/20;12.7;2.1
07/02/20;13.1;-1.4
08/02/20;13.3;0.7
09/02/20;11.5;1.2
10/02/20;14.2;8.3
11/02/20;16.3;12.9
12/02/20;16.4;5.7
13/02/20;14.8;3.3
14/02/20;18.6;6
15/02/20;17.4;1.6
16/02/20;15.9;2.6
17/02/20;15.2;5.6
18/02/20;15.8;7.5
19/02/20;15;5.2
20/02/20;16.4;3.8
21/02/20;14.9;1.5
22/02/20;18.2;4
23/02/20;15.8;6.1
24/02/20;15.5;8.1
25/02/20;18.3;8.5
26/02/20;13.9;2.2
27/02/20;12.4;-0.7
28/02/20;15.3;4.2
29/02/20;13;1.7
01/03/20;15;10.4
02/03/20;14.4;9.8
03/03/20;10.8;5.4
04/03/20;12.2;3.2
05/03/20;11.4;1.7
06/03/20;14.4;7.4
07/03/20;11.9;5.7
08/03/20;15;5.4
09/03/20;12.5;3
10/03/20;17.2;6.1
11/03/20;18.8;4.2
12/03/20;12.8;7.2
13/03/20;16.7;10.9
14/03/20;16.2;8.9
15/03/20;15.1;7.8
16/03/20;19.5;4.1
17/03/20;20.4;3.9
18/03/20;21.4;4.1
19/03/20;23.2;6.5
20/03/20;20;6.1
21/03/20;20.6;6.1
22/03/20;15.7;8
23/03/20;8.9;2.8
24/03/20;9.2;0.2
25/03/20;7.1;2
26/03/20;7.9;4
27/03/20;11.1;7.3
28/03/20;17.9;9.1
29/03/20;19.6;4.2
30/03/20;19.4;6.6
31/03/20;10.4;3.7
01/04/20;11.3;3
02/04/20;16.6;-0.8
03/04/20;18.2;1
04/04/20;18.9;8.8
05/04/20;18.6;9.1
06/04/20;21.3;13.1
07/04/20;22.3;6.1
08/04/20;23.1;5.8
09/04/20;24.5;4.4
10/04/20;25.3;4.9
11/04/20;25.1;5.5
12/04/20;23.7;5.6
13/04/20;21.7;7
14/04/20;22.5;9.6
15/04/20;18.4;7.3
16/04/20;21.3;4
17/04/20;21.5;5.4
18/04/20;20.3;10.5
19/04/20;22.7;13
20/04/20;16.1;13.3
21/04/20;13.9;11.9
22/04/20;17.6;12.5
23/04/20;21.5;11.8
24/04/20;23.1;5.2
25/04/20;22.2;8.2
26/04/20;22.7;7.6
27/04/20;23.6;10.5
28/04/20;18.4;12.3
29/04/20;20.5;13.2
30/04/20;21.2;13.3
01/05/20;19;13.9
02/05/20;23.7;14.2
03/05/20;22.6;13.3
04/05/20;25.6;8.5
05/05/20;22.9;10.4
06/05/20;22.9;14.1
07/05/20;25.6;11.3
08/05/20;27.6;9.4
09/05/20;26.2;10.2
10/05/20;26.2;14.5
11/05/20;23.6;12.3
12/05/20;22.8;14.3
13/05/20;25.1;12.8
14/05/20;28;17.2
15/05/20;21.4;15.3
16/05/20;21.2;13.4
17/05/20;27.8;17.4
18/05/20;24.2;17.8
19/05/20;23.3;16.8
20/05/20;21.5;15.4
21/05/20;25.4;16.6
22/05/20;27.9;12.7
23/05/20;27.8;13.2
24/05/20;26.3;15.5
25/05/20;27.1;13.9
26/05/20;25.1;13.1
27/05/20;23.5;11.8
28/05/20;25.7;9.6
29/05/20;18.7;11.8
30/05/20;23.2;13.3
31/05/20;23.6;11.4
01/06/20;25.7;11.4
02/06/20;28.6;12.4
03/06/20;25.9;16.5
04/06/20;22.3;15.9
05/06/20;25.1;16.4
06/06/20;25.8;14.7
07/06/20;25;15.4
08/06/20;25;16.4
09/06/20;25.9;13.5
10/06/20;20.9;12.9
11/06/20;22.9;12.9
12/06/20;26.5;12.7
13/06/20;26.4;13.3
14/06/20;24.4;13.5
15/06/20;25;15.8
16/06/20;26.1;16.8
17/06/20;23.9;18
18/06/20;25.6;15.5
19/06/20;27.1;13.4
20/06/20;28.4;15.1
21/06/20;28.9;15.3
22/06/20;31;16.3
23/06/20;32.1;16
24/06/20;32.9;17.1
25/06/20;31.3;17.5
26/06/20;32.1;16.5
27/06/20;32.4;17.5
28/06/20;33.7;17.5
29/06/20;30.3;17.7
30/06/20;31.9;19.4
01/07/20;32.5;18
02/07/20;33.1;19.5
03/07/20;31.7;21.2
04/07/20;29.6;20.1
05/07/20;31.2;18.4
06/07/20;35.2;17.8
07/07/20;26.3;19.8
08/07/20;32.5;16.7
09/07/20;33.9;17.4
10/07/20;33.4;18.7
11/07/20;31.9;18.4
12/07/20;28.4;21.9
13/07/20;27.8;18.7
14/07/20;28.2;17.4
15/07/20;29.2;17.6
16/07/20;29.9;15.7
17/07/20;28.4;18
18/07/20;27.9;19.2
19/07/20;31.1;15.9
20/07/20;31.7;17.1
21/07/20;32.7;18.5
22/07/20;33.1;19.9
23/07/20;33.6;20
24/07/20;29.8;18.6
25/07/20;32.2;16
26/07/20;31.4;17.4
27/07/20;33.7;18.3
28/07/20;35.5;18.6
29/07/20;35.3;20.7
30/07/20;36.8;20.7
31/07/20;37.1;21.3
01/08/20;37.6;21.8
02/08/20;35.7;22.5
03/08/20;31.1;22.4
04/08/20;25.8;19.4
05/08/20;26.9;18.4
06/08/20;29.1;19.2
07/08/20;31.6;21.3
08/08/20;33.7;19.9
09/08/20;36.6;21.1
10/08/20;36.9;20.3
11/08/20;35.4;21.4
12/08/20;36.2;20.3
13/08/20;36.2;20.4
14/08/20;34.7;20.8
15/08/20;34.3;22.5
16/08/20;34.8;20.7
17/08/20;31;19.7
18/08/20;28.9;20.3
19/08/20;31.8;19.4
20/08/20;34.1;18
21/08/20;36.3;19
22/08/20;35.4;19.2
23/08/20;34.2;20.4
24/08/20;31.9;19.8
25/08/20;32.8;18.1
26/08/20;30.9;21.2
27/08/20;32.5;19.6
28/08/20;32.6;19.1
29/08/20;33.3;24.2
30/08/20;26.2;18.3
31/08/20;20.1;13.2
01/09/20;26;11.8
02/09/20;27.8;13.9
03/09/20;29.5;15
04/09/20;31.6;14.5
05/09/20;31.4;15.6
06/09/20;29.4;15.8
07/09/20;31.2;15.9
08/09/20;29.7;22.1
09/09/20;32.9;19.3
10/09/20;29.9;19.4
11/09/20;31.4;22.5
12/09/20;30.7;22
13/09/20;31.8;20.9
14/09/20;30.9;22.6
15/09/20;31.8;23.6
16/09/20;33.4;18
17/09/20;31.6;17.7
18/09/20;30.1;21.5
19/09/20;30.6;18.2
20/09/20;28.4;17.2
21/09/20;28.6;15.7
22/09/20;24.3;16.3
23/09/20;21.8;15.7
24/09/20;25.6;16.8
25/09/20;23.7;10.7
26/09/20;21.7;8.7
27/09/20;14.6;9.2
28/09/20;19;9.2
29/09/20;22.2;8.8
30/09/20;23.5;10.9
01/10/20;20.9;12.7
02/10/20;22.1;15.3
03/10/20;20.6;13.3
04/10/20;21.5;12.4
05/10/20;20.4;12.1
06/10/20;19.1;11.1
07/10/20;23.4;12.2
08/10/20;23.2;8.8
09/10/20;22.6;9
10/10/20;18.1;11.2
11/10/20;15.8;9.9
12/10/20;13.9;9.3
13/10/20;18.6;6.1
14/10/20;18.2;9.5
15/10/20;16.1;10.4
16/10/20;17;8.7
17/10/20;17.8;6.4
18/10/20;18.9;7.8
19/10/20;19.4;6.5
20/10/20;21;6.5
21/10/20;20.7;6.8
22/10/20;19.7;10.4
23/10/20;19.4;13.2
24/10/20;18.7;12.6
25/10/20;18.8;11.4
26/10/20;21.2;11
27/10/20;18.3;8.4
28/10/20;17.6;5.9
29/10/20;17.7;8.6
30/10/20;18.3;9.3
31/10/20;18;9.5
01/11/20;15.9;13.5
02/11/20;17.9;14
03/11/20;15.9;14.1
04/11/20;18.8;14.1
05/11/20;16.9;13.7
06/11/20;19.4;12.7
07/11/20;21.6;7.5
08/11/20;19.5;6.9
09/11/20;19.3;7
10/11/20;19.3;7.2
11/11/20;17.6;7.6
12/11/20;15.6;12.2
13/11/20;17.9;9.5
14/11/20;14.9;7.9
15/11/20;18.4;11.5
16/11/20;15.2;12.4
17/11/20;15.6;11.6
18/11/20;19.1;7.3
19/11/20;16.6;4.4
20/11/20;12.9;8.7
21/11/20;10.5;7
22/11/20;11;2.2
23/11/20;13.1;-0.3
24/11/20;12.3;1.5
25/11/20;15;1.6
26/11/20;15.8;4.2
27/11/20;17.3;7.8
28/11/20;15;9.5
29/11/20;14.4;9.7
30/11/20;13.8;5.1
01/12/20;9.7;3.2
02/12/20;8.5;4.2
03/12/20;9.5;2.4
04/12/20;12;2.2
05/12/20;17.1;9.3
06/12/20;12;6.3
07/12/20;12.9;5.8
08/12/20;11.8;7.9
09/12/20;9.6;6.2
10/12/20;9.3;6.7
11/12/20;10.8;3.3
12/12/20;8.6;5.9
13/12/20;13.5;3.4
14/12/20;12;0.4
15/12/20;10.5;1.9
16/12/20;11.2;4.1
17/12/20;11.3;8.7
18/12/20;15.8;6.4
19/12/20;11.3;4.6
20/12/20;14.7;6.2
21/12/20;12.5;3.2
22/12/20;14.2;8.9
23/12/20;12.6;10.7
24/12/20;14.1;11.2
25/12/20;13.6;7.3
26/12/20;7.7;5
27/12/20;8.7;1.4
28/12/20;9.6;2.9
29/12/20;10.3;5.8
30/12/20;7.6;2.4
31/12/20;7;1.6
01/01/21;8.7;4.3
02/01/21;10.5;7.8
03/01/21;10.7;6
04/01/21;9.7;5.5
05/01/21;7.5;3.9
06/01/21;4.7;1.5
07/01/21;8.2;1.6
08/01/21;8.4;4.3
09/01/21;5.5;4
10/01/21;5.4;2.8
11/01/21;4.6;2.6
12/01/21;8.9;0.5
13/01/21;11.8;0.1
14/01/21;13;2.5
15/01/21;10.4;3.9
16/01/21;8.3;0
17/01/21;5.2;-0.2
18/01/21;9.5;-1.6
19/01/21;7.2;0.2
20/01/21;11.5;4.2
21/01/21;15.4;9.6
22/01/21;14.5;10.6
23/01/21;12;6.8
24/01/21;11.5;0.6
25/01/21;12.2;0.2
26/01/21;11;-2
27/01/21;9;-3.2
28/01/21;5.6;2.2
29/01/21;11;4.8
30/01/21;14;6.1
31/01/21;11.1;5.4
01/02/21;8.8;4.7
02/02/21;14.7;5.3
03/02/21;15.2;7.6
04/02/21;15.3;11.4
05/02/21;16.7;8.8
06/02/21;17.2;5.7
07/02/21;14.9;9.7
08/02/21;12.2;8.9
09/02/21;12.2;9.3
10/02/21;14.8;8.6
11/02/21;14.7;5
12/02/21;8;2.7
13/02/21;2.6;-0.5
14/02/21;5.4;-1.4
15/02/21;9.2;-4.6
16/02/21;6;0.1
17/02/21;9.4;6
18/02/21;13.9;7.9
19/02/21;13.8;6.6
20/02/21;17;6.3
21/02/21;18.9;3.2
22/02/21;19.2;4.8
23/02/21;19.7;5.1
24/02/21;22.2;4.6
25/02/21;21.6;4
26/02/21;20.9;3.9
27/02/21;19.2;4.7
28/02/21;14.1;8.5
01/03/21;17.1;2.4
02/03/21;19.2;4.4
03/03/21;18.8;1.5
04/03/21;16.1;1.6
05/03/21;16.7;8.2
06/03/21;12.4;6.5
07/03/21;16.2;2
08/03/21;17.5;4
09/03/21;13.4;8
10/03/21;14.8;5.1
11/03/21;14.8;2.4
12/03/21;17.8;10.7
13/03/21;16.7;8.2
14/03/21;13.7;4.7
15/03/21;15.7;0.4
16/03/21;15.1;2.5
17/03/21;16.2;0.1
18/03/21;12.3;1.4
19/03/21;11.6;-0.1
20/03/21;11.7;4.1
21/03/21;9.6;3.4
22/03/21;14.2;5.9
23/03/21;14;3.2
24/03/21;17.3;0.1
25/03/21;18.2;6.7
26/03/21;14.9;5.8
27/03/21;18;7.8
28/03/21;20.4;8.8
29/03/21;23.8;6.5
30/03/21;26.8;6.7
31/03/21;27.8;8
01/04/21;23.9;8.4
02/04/21;22.8;7.2
03/04/21;20.9;7.3
04/04/21;15.5;6.4
05/04/21;18.8;2.8
06/04/21;15.1;4.9
07/04/21;10.9;1.2
08/04/21;15.6;-1.7
09/04/21;17.9;5.9
10/04/21;13.9;8
11/04/21;16.9;9.4
12/04/21;14.3;8.9
13/04/21;11.7;6.1
14/04/21;15.1;2.5
15/04/21;14.1;5.4
16/04/21;15.5;4.7
17/04/21;15.1;7.9
18/04/21;15.4;3.9
19/04/21;16.1;6.6
20/04/21;18.6;4.4
21/04/21;18.5;5.1
22/04/21;19.4;10.2
23/04/21;20.9;6.4
24/04/21;23.3;9.4
25/04/21;23.9;7
26/04/21;22.3;8.6
27/04/21;16;11.4
28/04/21;18.2;11.4
29/04/21;17.9;13.9
30/04/21;22.7;13.9
01/05/21;23.4;12.2
02/05/21;18.9;10.7
03/05/21;20.7;8.1
04/05/21;19.7;6.6
05/05/21;19.9;10.8
06/05/21;20.8;10.6
07/05/21;20.8;11.8
08/05/21;24.9;10.8
09/05/21;27.2;11.3
10/05/21;27.6;12.2
11/05/21;19.4;12.9
12/05/21;18.9;12.1
13/05/21;18.7;11.4
14/05/21;19.8;10.8
15/05/21;19.5;9
16/05/21;17.2;14.1
